# mech2 arm L, segment Upper, colour Grey #8A8A8A
# arm space (origin = shoulder centre, studs); segment pivot [-0.0, 0.0, 0.0]
# bbox centre [0.0, -1.6, 0.0] (Roblox recentres on import: place at armCF * CFrame.new(centre))
o Mech2Arm_L_Upper_Grey
v -0.14464 -0.63370 0.00000
v -0.13971 -0.63370 0.03744
v -0.12526 -0.63370 0.07232
v -0.10227 -0.63370 0.10227
v -0.07232 -0.63370 0.12526
v -0.03744 -0.63370 0.13971
v -0.00000 -0.63370 0.14464
v 0.03744 -0.63370 0.13971
v 0.07232 -0.63370 0.12526
v 0.10227 -0.63370 0.10227
v 0.12526 -0.63370 0.07232
v 0.13971 -0.63370 0.03744
v 0.14464 -0.63370 0.00000
v 0.13971 -0.63370 -0.03744
v 0.12526 -0.63370 -0.07232
v 0.10227 -0.63370 -0.10227
v 0.07232 -0.63370 -0.12526
v 0.03744 -0.63370 -0.13971
v 0.00000 -0.63370 -0.14464
v -0.03744 -0.63370 -0.13971
v -0.07232 -0.63370 -0.12526
v -0.10227 -0.63370 -0.10227
v -0.12526 -0.63370 -0.07232
v -0.13971 -0.63370 -0.03744
v -0.28202 -0.58563 0.00000
v -0.27241 -0.58563 0.07299
v -0.24424 -0.58563 0.14101
v -0.19942 -0.58563 0.19942
v -0.14101 -0.58563 0.24424
v -0.07299 -0.58563 0.27241
v -0.00000 -0.58563 0.28202
v 0.07299 -0.58563 0.27241
v 0.14101 -0.58563 0.24424
v 0.19942 -0.58563 0.19942
v 0.24424 -0.58563 0.14101
v 0.27241 -0.58563 0.07299
v 0.28202 -0.58563 0.00000
v 0.27241 -0.58563 -0.07299
v 0.24424 -0.58563 -0.14101
v 0.19942 -0.58563 -0.19942
v 0.14101 -0.58563 -0.24424
v 0.07299 -0.58563 -0.27241
v 0.00000 -0.58563 -0.28202
v -0.07299 -0.58563 -0.27241
v -0.14101 -0.58563 -0.24424
v -0.19942 -0.58563 -0.19942
v -0.24424 -0.58563 -0.14101
v -0.27241 -0.58563 -0.07299
v -0.40527 -0.50819 0.00000
v -0.39146 -0.50819 0.10489
v -0.35097 -0.50819 0.20263
v -0.28657 -0.50819 0.28657
v -0.20263 -0.50819 0.35097
v -0.10489 -0.50819 0.39146
v -0.00000 -0.50819 0.40527
v 0.10489 -0.50819 0.39146
v 0.20263 -0.50819 0.35097
v 0.28657 -0.50819 0.28657
v 0.35097 -0.50819 0.20263
v 0.39146 -0.50819 0.10489
v 0.40527 -0.50819 0.00000
v 0.39146 -0.50819 -0.10489
v 0.35097 -0.50819 -0.20263
v 0.28657 -0.50819 -0.28657
v 0.20263 -0.50819 -0.35097
v 0.10489 -0.50819 -0.39146
v 0.00000 -0.50819 -0.40527
v -0.10489 -0.50819 -0.39146
v -0.20263 -0.50819 -0.35097
v -0.28657 -0.50819 -0.28657
v -0.35097 -0.50819 -0.20263
v -0.39146 -0.50819 -0.10489
v -0.50819 -0.40527 0.00000
v -0.49087 -0.40527 0.13153
v -0.44011 -0.40527 0.25410
v -0.35934 -0.40527 0.35934
v -0.25410 -0.40527 0.44011
v -0.13153 -0.40527 0.49087
v -0.00000 -0.40527 0.50819
v 0.13153 -0.40527 0.49087
v 0.25410 -0.40527 0.44011
v 0.35934 -0.40527 0.35934
v 0.44011 -0.40527 0.25410
v 0.49087 -0.40527 0.13153
v 0.50819 -0.40527 0.00000
v 0.49087 -0.40527 -0.13153
v 0.44011 -0.40527 -0.25410
v 0.35934 -0.40527 -0.35934
v 0.25410 -0.40527 -0.44011
v 0.13153 -0.40527 -0.49087
v 0.00000 -0.40527 -0.50819
v -0.13153 -0.40527 -0.49087
v -0.25410 -0.40527 -0.44011
v -0.35934 -0.40527 -0.35934
v -0.44011 -0.40527 -0.25410
v -0.49087 -0.40527 -0.13153
v -0.58563 -0.28202 0.00000
v -0.56567 -0.28202 0.15157
v -0.50717 -0.28202 0.29281
v -0.41410 -0.28202 0.41410
v -0.29281 -0.28202 0.50717
v -0.15157 -0.28202 0.56567
v -0.00000 -0.28202 0.58563
v 0.15157 -0.28202 0.56567
v 0.29281 -0.28202 0.50717
v 0.41410 -0.28202 0.41410
v 0.50717 -0.28202 0.29281
v 0.56567 -0.28202 0.15157
v 0.58563 -0.28202 0.00000
v 0.56567 -0.28202 -0.15157
v 0.50717 -0.28202 -0.29281
v 0.41410 -0.28202 -0.41410
v 0.29281 -0.28202 -0.50717
v 0.15157 -0.28202 -0.56567
v 0.00000 -0.28202 -0.58563
v -0.15157 -0.28202 -0.56567
v -0.29281 -0.28202 -0.50717
v -0.41410 -0.28202 -0.41410
v -0.50717 -0.28202 -0.29281
v -0.56567 -0.28202 -0.15157
v -0.63370 -0.14464 0.00000
v -0.61211 -0.14464 0.16401
v -0.54880 -0.14464 0.31685
v -0.44810 -0.14464 0.44810
v -0.31685 -0.14464 0.54880
v -0.16401 -0.14464 0.61211
v -0.00000 -0.14464 0.63370
v 0.16401 -0.14464 0.61211
v 0.31685 -0.14464 0.54880
v 0.44810 -0.14464 0.44810
v 0.54880 -0.14464 0.31685
v 0.61211 -0.14464 0.16401
v 0.63370 -0.14464 0.00000
v 0.61211 -0.14464 -0.16401
v 0.54880 -0.14464 -0.31685
v 0.44810 -0.14464 -0.44810
v 0.31685 -0.14464 -0.54880
v 0.16401 -0.14464 -0.61211
v 0.00000 -0.14464 -0.63370
v -0.16401 -0.14464 -0.61211
v -0.31685 -0.14464 -0.54880
v -0.44810 -0.14464 -0.44810
v -0.54880 -0.14464 -0.31685
v -0.61211 -0.14464 -0.16401
v -0.65000 0.00000 0.00000
v -0.62785 0.00000 0.16823
v -0.56292 0.00000 0.32500
v -0.45962 0.00000 0.45962
v -0.32500 0.00000 0.56292
v -0.16823 0.00000 0.62785
v -0.00000 0.00000 0.65000
v 0.16823 0.00000 0.62785
v 0.32500 0.00000 0.56292
v 0.45962 0.00000 0.45962
v 0.56292 0.00000 0.32500
v 0.62785 0.00000 0.16823
v 0.65000 0.00000 0.00000
v 0.62785 0.00000 -0.16823
v 0.56292 0.00000 -0.32500
v 0.45962 0.00000 -0.45962
v 0.32500 0.00000 -0.56292
v 0.16823 0.00000 -0.62785
v 0.00000 0.00000 -0.65000
v -0.16823 0.00000 -0.62785
v -0.32500 0.00000 -0.56292
v -0.45962 0.00000 -0.45962
v -0.56292 0.00000 -0.32500
v -0.62785 0.00000 -0.16823
v -0.63370 0.14464 0.00000
v -0.61211 0.14464 0.16401
v -0.54880 0.14464 0.31685
v -0.44810 0.14464 0.44810
v -0.31685 0.14464 0.54880
v -0.16401 0.14464 0.61211
v -0.00000 0.14464 0.63370
v 0.16401 0.14464 0.61211
v 0.31685 0.14464 0.54880
v 0.44810 0.14464 0.44810
v 0.54880 0.14464 0.31685
v 0.61211 0.14464 0.16401
v 0.63370 0.14464 0.00000
v 0.61211 0.14464 -0.16401
v 0.54880 0.14464 -0.31685
v 0.44810 0.14464 -0.44810
v 0.31685 0.14464 -0.54880
v 0.16401 0.14464 -0.61211
v 0.00000 0.14464 -0.63370
v -0.16401 0.14464 -0.61211
v -0.31685 0.14464 -0.54880
v -0.44810 0.14464 -0.44810
v -0.54880 0.14464 -0.31685
v -0.61211 0.14464 -0.16401
v -0.58563 0.28202 0.00000
v -0.56567 0.28202 0.15157
v -0.50717 0.28202 0.29281
v -0.41410 0.28202 0.41410
v -0.29281 0.28202 0.50717
v -0.15157 0.28202 0.56567
v -0.00000 0.28202 0.58563
v 0.15157 0.28202 0.56567
v 0.29281 0.28202 0.50717
v 0.41410 0.28202 0.41410
v 0.50717 0.28202 0.29281
v 0.56567 0.28202 0.15157
v 0.58563 0.28202 0.00000
v 0.56567 0.28202 -0.15157
v 0.50717 0.28202 -0.29281
v 0.41410 0.28202 -0.41410
v 0.29281 0.28202 -0.50717
v 0.15157 0.28202 -0.56567
v 0.00000 0.28202 -0.58563
v -0.15157 0.28202 -0.56567
v -0.29281 0.28202 -0.50717
v -0.41410 0.28202 -0.41410
v -0.50717 0.28202 -0.29281
v -0.56567 0.28202 -0.15157
v -0.50819 0.40527 0.00000
v -0.49087 0.40527 0.13153
v -0.44011 0.40527 0.25410
v -0.35934 0.40527 0.35934
v -0.25410 0.40527 0.44011
v -0.13153 0.40527 0.49087
v -0.00000 0.40527 0.50819
v 0.13153 0.40527 0.49087
v 0.25410 0.40527 0.44011
v 0.35934 0.40527 0.35934
v 0.44011 0.40527 0.25410
v 0.49087 0.40527 0.13153
v 0.50819 0.40527 0.00000
v 0.49087 0.40527 -0.13153
v 0.44011 0.40527 -0.25410
v 0.35934 0.40527 -0.35934
v 0.25410 0.40527 -0.44011
v 0.13153 0.40527 -0.49087
v 0.00000 0.40527 -0.50819
v -0.13153 0.40527 -0.49087
v -0.25410 0.40527 -0.44011
v -0.35934 0.40527 -0.35934
v -0.44011 0.40527 -0.25410
v -0.49087 0.40527 -0.13153
v -0.40527 0.50819 0.00000
v -0.39146 0.50819 0.10489
v -0.35097 0.50819 0.20263
v -0.28657 0.50819 0.28657
v -0.20263 0.50819 0.35097
v -0.10489 0.50819 0.39146
v -0.00000 0.50819 0.40527
v 0.10489 0.50819 0.39146
v 0.20263 0.50819 0.35097
v 0.28657 0.50819 0.28657
v 0.35097 0.50819 0.20263
v 0.39146 0.50819 0.10489
v 0.40527 0.50819 0.00000
v 0.39146 0.50819 -0.10489
v 0.35097 0.50819 -0.20263
v 0.28657 0.50819 -0.28657
v 0.20263 0.50819 -0.35097
v 0.10489 0.50819 -0.39146
v 0.00000 0.50819 -0.40527
v -0.10489 0.50819 -0.39146
v -0.20263 0.50819 -0.35097
v -0.28657 0.50819 -0.28657
v -0.35097 0.50819 -0.20263
v -0.39146 0.50819 -0.10489
v -0.28202 0.58563 0.00000
v -0.27241 0.58563 0.07299
v -0.24424 0.58563 0.14101
v -0.19942 0.58563 0.19942
v -0.14101 0.58563 0.24424
v -0.07299 0.58563 0.27241
v -0.00000 0.58563 0.28202
v 0.07299 0.58563 0.27241
v 0.14101 0.58563 0.24424
v 0.19942 0.58563 0.19942
v 0.24424 0.58563 0.14101
v 0.27241 0.58563 0.07299
v 0.28202 0.58563 0.00000
v 0.27241 0.58563 -0.07299
v 0.24424 0.58563 -0.14101
v 0.19942 0.58563 -0.19942
v 0.14101 0.58563 -0.24424
v 0.07299 0.58563 -0.27241
v 0.00000 0.58563 -0.28202
v -0.07299 0.58563 -0.27241
v -0.14101 0.58563 -0.24424
v -0.19942 0.58563 -0.19942
v -0.24424 0.58563 -0.14101
v -0.27241 0.58563 -0.07299
v -0.14464 0.63370 0.00000
v -0.13971 0.63370 0.03744
v -0.12526 0.63370 0.07232
v -0.10227 0.63370 0.10227
v -0.07232 0.63370 0.12526
v -0.03744 0.63370 0.13971
v -0.00000 0.63370 0.14464
v 0.03744 0.63370 0.13971
v 0.07232 0.63370 0.12526
v 0.10227 0.63370 0.10227
v 0.12526 0.63370 0.07232
v 0.13971 0.63370 0.03744
v 0.14464 0.63370 0.00000
v 0.13971 0.63370 -0.03744
v 0.12526 0.63370 -0.07232
v 0.10227 0.63370 -0.10227
v 0.07232 0.63370 -0.12526
v 0.03744 0.63370 -0.13971
v 0.00000 0.63370 -0.14464
v -0.03744 0.63370 -0.13971
v -0.07232 0.63370 -0.12526
v -0.10227 0.63370 -0.10227
v -0.12526 0.63370 -0.07232
v -0.13971 0.63370 -0.03744
v -0.00000 -0.65000 0.00000
v -0.00000 0.65000 0.00000
v -0.00000 -0.20000 0.42000
v 0.21000 -0.20000 0.36373
v 0.36373 -0.20000 0.21000
v 0.42000 -0.20000 0.00000
v 0.36373 -0.20000 -0.21000
v 0.21000 -0.20000 -0.36373
v 0.00000 -0.20000 -0.42000
v -0.21000 -0.20000 -0.36373
v -0.36373 -0.20000 -0.21000
v -0.42000 -0.20000 -0.00000
v -0.36373 -0.20000 0.21000
v -0.21000 -0.20000 0.36373
v -0.00000 -2.93000 0.42000
v 0.21000 -2.93000 0.36373
v 0.36373 -2.93000 0.21000
v 0.42000 -2.93000 0.00000
v 0.36373 -2.93000 -0.21000
v 0.21000 -2.93000 -0.36373
v 0.00000 -2.93000 -0.42000
v -0.21000 -2.93000 -0.36373
v -0.36373 -2.93000 -0.21000
v -0.42000 -2.93000 -0.00000
v -0.36373 -2.93000 0.21000
v -0.21000 -2.93000 0.36373
v -0.16022 -3.83195 0.00000
v -0.15476 -3.83195 0.04147
v -0.13875 -3.83195 0.08011
v -0.11329 -3.83195 0.11329
v -0.08011 -3.83195 0.13875
v -0.04147 -3.83195 0.15476
v -0.00000 -3.83195 0.16022
v 0.04147 -3.83195 0.15476
v 0.08011 -3.83195 0.13875
v 0.11329 -3.83195 0.11329
v 0.13875 -3.83195 0.08011
v 0.15476 -3.83195 0.04147
v 0.16022 -3.83195 0.00000
v 0.15476 -3.83195 -0.04147
v 0.13875 -3.83195 -0.08011
v 0.11329 -3.83195 -0.11329
v 0.08011 -3.83195 -0.13875
v 0.04147 -3.83195 -0.15476
v 0.00000 -3.83195 -0.16022
v -0.04147 -3.83195 -0.15476
v -0.08011 -3.83195 -0.13875
v -0.11329 -3.83195 -0.11329
v -0.13875 -3.83195 -0.08011
v -0.15476 -3.83195 -0.04147
v -0.31240 -3.77870 0.00000
v -0.30175 -3.77870 0.08085
v -0.27054 -3.77870 0.15620
v -0.22090 -3.77870 0.22090
v -0.15620 -3.77870 0.27054
v -0.08085 -3.77870 0.30175
v -0.00000 -3.77870 0.31240
v 0.08085 -3.77870 0.30175
v 0.15620 -3.77870 0.27054
v 0.22090 -3.77870 0.22090
v 0.27054 -3.77870 0.15620
v 0.30175 -3.77870 0.08085
v 0.31240 -3.77870 0.00000
v 0.30175 -3.77870 -0.08085
v 0.27054 -3.77870 -0.15620
v 0.22090 -3.77870 -0.22090
v 0.15620 -3.77870 -0.27054
v 0.08085 -3.77870 -0.30175
v 0.00000 -3.77870 -0.31240
v -0.08085 -3.77870 -0.30175
v -0.15620 -3.77870 -0.27054
v -0.22090 -3.77870 -0.22090
v -0.27054 -3.77870 -0.15620
v -0.30175 -3.77870 -0.08085
v -0.44891 -3.69292 0.00000
v -0.43362 -3.69292 0.11619
v -0.38877 -3.69292 0.22446
v -0.31743 -3.69292 0.31743
v -0.22446 -3.69292 0.38877
v -0.11619 -3.69292 0.43362
v -0.00000 -3.69292 0.44891
v 0.11619 -3.69292 0.43362
v 0.22446 -3.69292 0.38877
v 0.31743 -3.69292 0.31743
v 0.38877 -3.69292 0.22446
v 0.43362 -3.69292 0.11619
v 0.44891 -3.69292 0.00000
v 0.43362 -3.69292 -0.11619
v 0.38877 -3.69292 -0.22446
v 0.31743 -3.69292 -0.31743
v 0.22446 -3.69292 -0.38877
v 0.11619 -3.69292 -0.43362
v 0.00000 -3.69292 -0.44891
v -0.11619 -3.69292 -0.43362
v -0.22446 -3.69292 -0.38877
v -0.31743 -3.69292 -0.31743
v -0.38877 -3.69292 -0.22446
v -0.43362 -3.69292 -0.11619
v -0.56292 -3.57891 0.00000
v -0.54374 -3.57891 0.14569
v -0.48750 -3.57891 0.28146
v -0.39804 -3.57891 0.39804
v -0.28146 -3.57891 0.48750
v -0.14569 -3.57891 0.54374
v -0.00000 -3.57891 0.56292
v 0.14569 -3.57891 0.54374
v 0.28146 -3.57891 0.48750
v 0.39804 -3.57891 0.39804
v 0.48750 -3.57891 0.28146
v 0.54374 -3.57891 0.14569
v 0.56292 -3.57891 0.00000
v 0.54374 -3.57891 -0.14569
v 0.48750 -3.57891 -0.28146
v 0.39804 -3.57891 -0.39804
v 0.28146 -3.57891 -0.48750
v 0.14569 -3.57891 -0.54374
v 0.00000 -3.57891 -0.56292
v -0.14569 -3.57891 -0.54374
v -0.28146 -3.57891 -0.48750
v -0.39804 -3.57891 -0.39804
v -0.48750 -3.57891 -0.28146
v -0.54374 -3.57891 -0.14569
v -0.64870 -3.44240 0.00000
v -0.62659 -3.44240 0.16790
v -0.56179 -3.44240 0.32435
v -0.45870 -3.44240 0.45870
v -0.32435 -3.44240 0.56179
v -0.16790 -3.44240 0.62659
v -0.00000 -3.44240 0.64870
v 0.16790 -3.44240 0.62659
v 0.32435 -3.44240 0.56179
v 0.45870 -3.44240 0.45870
v 0.56179 -3.44240 0.32435
v 0.62659 -3.44240 0.16790
v 0.64870 -3.44240 0.00000
v 0.62659 -3.44240 -0.16790
v 0.56179 -3.44240 -0.32435
v 0.45870 -3.44240 -0.45870
v 0.32435 -3.44240 -0.56179
v 0.16790 -3.44240 -0.62659
v 0.00000 -3.44240 -0.64870
v -0.16790 -3.44240 -0.62659
v -0.32435 -3.44240 -0.56179
v -0.45870 -3.44240 -0.45870
v -0.56179 -3.44240 -0.32435
v -0.62659 -3.44240 -0.16790
v -0.70195 -3.29022 0.00000
v -0.67803 -3.29022 0.18168
v -0.60790 -3.29022 0.35097
v -0.49635 -3.29022 0.49635
v -0.35097 -3.29022 0.60790
v -0.18168 -3.29022 0.67803
v -0.00000 -3.29022 0.70195
v 0.18168 -3.29022 0.67803
v 0.35097 -3.29022 0.60790
v 0.49635 -3.29022 0.49635
v 0.60790 -3.29022 0.35097
v 0.67803 -3.29022 0.18168
v 0.70195 -3.29022 0.00000
v 0.67803 -3.29022 -0.18168
v 0.60790 -3.29022 -0.35097
v 0.49635 -3.29022 -0.49635
v 0.35097 -3.29022 -0.60790
v 0.18168 -3.29022 -0.67803
v 0.00000 -3.29022 -0.70195
v -0.18168 -3.29022 -0.67803
v -0.35097 -3.29022 -0.60790
v -0.49635 -3.29022 -0.49635
v -0.60790 -3.29022 -0.35097
v -0.67803 -3.29022 -0.18168
v -0.72000 -3.13000 0.00000
v -0.69547 -3.13000 0.18635
v -0.62354 -3.13000 0.36000
v -0.50912 -3.13000 0.50912
v -0.36000 -3.13000 0.62354
v -0.18635 -3.13000 0.69547
v -0.00000 -3.13000 0.72000
v 0.18635 -3.13000 0.69547
v 0.36000 -3.13000 0.62354
v 0.50912 -3.13000 0.50912
v 0.62354 -3.13000 0.36000
v 0.69547 -3.13000 0.18635
v 0.72000 -3.13000 0.00000
v 0.69547 -3.13000 -0.18635
v 0.62354 -3.13000 -0.36000
v 0.50912 -3.13000 -0.50912
v 0.36000 -3.13000 -0.62354
v 0.18635 -3.13000 -0.69547
v 0.00000 -3.13000 -0.72000
v -0.18635 -3.13000 -0.69547
v -0.36000 -3.13000 -0.62354
v -0.50912 -3.13000 -0.50912
v -0.62354 -3.13000 -0.36000
v -0.69547 -3.13000 -0.18635
v -0.70195 -2.96978 0.00000
v -0.67803 -2.96978 0.18168
v -0.60790 -2.96978 0.35097
v -0.49635 -2.96978 0.49635
v -0.35097 -2.96978 0.60790
v -0.18168 -2.96978 0.67803
v -0.00000 -2.96978 0.70195
v 0.18168 -2.96978 0.67803
v 0.35097 -2.96978 0.60790
v 0.49635 -2.96978 0.49635
v 0.60790 -2.96978 0.35097
v 0.67803 -2.96978 0.18168
v 0.70195 -2.96978 0.00000
v 0.67803 -2.96978 -0.18168
v 0.60790 -2.96978 -0.35097
v 0.49635 -2.96978 -0.49635
v 0.35097 -2.96978 -0.60790
v 0.18168 -2.96978 -0.67803
v 0.00000 -2.96978 -0.70195
v -0.18168 -2.96978 -0.67803
v -0.35097 -2.96978 -0.60790
v -0.49635 -2.96978 -0.49635
v -0.60790 -2.96978 -0.35097
v -0.67803 -2.96978 -0.18168
v -0.64870 -2.81760 0.00000
v -0.62659 -2.81760 0.16790
v -0.56179 -2.81760 0.32435
v -0.45870 -2.81760 0.45870
v -0.32435 -2.81760 0.56179
v -0.16790 -2.81760 0.62659
v -0.00000 -2.81760 0.64870
v 0.16790 -2.81760 0.62659
v 0.32435 -2.81760 0.56179
v 0.45870 -2.81760 0.45870
v 0.56179 -2.81760 0.32435
v 0.62659 -2.81760 0.16790
v 0.64870 -2.81760 0.00000
v 0.62659 -2.81760 -0.16790
v 0.56179 -2.81760 -0.32435
v 0.45870 -2.81760 -0.45870
v 0.32435 -2.81760 -0.56179
v 0.16790 -2.81760 -0.62659
v 0.00000 -2.81760 -0.64870
v -0.16790 -2.81760 -0.62659
v -0.32435 -2.81760 -0.56179
v -0.45870 -2.81760 -0.45870
v -0.56179 -2.81760 -0.32435
v -0.62659 -2.81760 -0.16790
v -0.56292 -2.68109 0.00000
v -0.54374 -2.68109 0.14569
v -0.48750 -2.68109 0.28146
v -0.39804 -2.68109 0.39804
v -0.28146 -2.68109 0.48750
v -0.14569 -2.68109 0.54374
v -0.00000 -2.68109 0.56292
v 0.14569 -2.68109 0.54374
v 0.28146 -2.68109 0.48750
v 0.39804 -2.68109 0.39804
v 0.48750 -2.68109 0.28146
v 0.54374 -2.68109 0.14569
v 0.56292 -2.68109 0.00000
v 0.54374 -2.68109 -0.14569
v 0.48750 -2.68109 -0.28146
v 0.39804 -2.68109 -0.39804
v 0.28146 -2.68109 -0.48750
v 0.14569 -2.68109 -0.54374
v 0.00000 -2.68109 -0.56292
v -0.14569 -2.68109 -0.54374
v -0.28146 -2.68109 -0.48750
v -0.39804 -2.68109 -0.39804
v -0.48750 -2.68109 -0.28146
v -0.54374 -2.68109 -0.14569
v -0.44891 -2.56708 0.00000
v -0.43362 -2.56708 0.11619
v -0.38877 -2.56708 0.22446
v -0.31743 -2.56708 0.31743
v -0.22446 -2.56708 0.38877
v -0.11619 -2.56708 0.43362
v -0.00000 -2.56708 0.44891
v 0.11619 -2.56708 0.43362
v 0.22446 -2.56708 0.38877
v 0.31743 -2.56708 0.31743
v 0.38877 -2.56708 0.22446
v 0.43362 -2.56708 0.11619
v 0.44891 -2.56708 0.00000
v 0.43362 -2.56708 -0.11619
v 0.38877 -2.56708 -0.22446
v 0.31743 -2.56708 -0.31743
v 0.22446 -2.56708 -0.38877
v 0.11619 -2.56708 -0.43362
v 0.00000 -2.56708 -0.44891
v -0.11619 -2.56708 -0.43362
v -0.22446 -2.56708 -0.38877
v -0.31743 -2.56708 -0.31743
v -0.38877 -2.56708 -0.22446
v -0.43362 -2.56708 -0.11619
v -0.31240 -2.48130 0.00000
v -0.30175 -2.48130 0.08085
v -0.27054 -2.48130 0.15620
v -0.22090 -2.48130 0.22090
v -0.15620 -2.48130 0.27054
v -0.08085 -2.48130 0.30175
v -0.00000 -2.48130 0.31240
v 0.08085 -2.48130 0.30175
v 0.15620 -2.48130 0.27054
v 0.22090 -2.48130 0.22090
v 0.27054 -2.48130 0.15620
v 0.30175 -2.48130 0.08085
v 0.31240 -2.48130 0.00000
v 0.30175 -2.48130 -0.08085
v 0.27054 -2.48130 -0.15620
v 0.22090 -2.48130 -0.22090
v 0.15620 -2.48130 -0.27054
v 0.08085 -2.48130 -0.30175
v 0.00000 -2.48130 -0.31240
v -0.08085 -2.48130 -0.30175
v -0.15620 -2.48130 -0.27054
v -0.22090 -2.48130 -0.22090
v -0.27054 -2.48130 -0.15620
v -0.30175 -2.48130 -0.08085
v -0.16022 -2.42805 0.00000
v -0.15476 -2.42805 0.04147
v -0.13875 -2.42805 0.08011
v -0.11329 -2.42805 0.11329
v -0.08011 -2.42805 0.13875
v -0.04147 -2.42805 0.15476
v -0.00000 -2.42805 0.16022
v 0.04147 -2.42805 0.15476
v 0.08011 -2.42805 0.13875
v 0.11329 -2.42805 0.11329
v 0.13875 -2.42805 0.08011
v 0.15476 -2.42805 0.04147
v 0.16022 -2.42805 0.00000
v 0.15476 -2.42805 -0.04147
v 0.13875 -2.42805 -0.08011
v 0.11329 -2.42805 -0.11329
v 0.08011 -2.42805 -0.13875
v 0.04147 -2.42805 -0.15476
v 0.00000 -2.42805 -0.16022
v -0.04147 -2.42805 -0.15476
v -0.08011 -2.42805 -0.13875
v -0.11329 -2.42805 -0.11329
v -0.13875 -2.42805 -0.08011
v -0.15476 -2.42805 -0.04147
v -0.00000 -3.85000 0.00000
v -0.00000 -2.41000 0.00000
vt -0.04113 -0.01090
vt -0.04192 -0.02023
vt -0.00668 -0.02827
vt -0.00514 -0.01007
vt -0.04485 -0.02893
vt -0.01239 -0.04524
vt -0.01177 0.04868
vt -0.01814 0.04186
vt 0.00547 0.01478
vt 0.01790 0.02809
vt -0.02599 0.03662
vt -0.00983 0.00456
vt -0.03478 0.03333
vt -0.02698 -0.00186
vt -0.04392 0.03220
vt -0.04479 -0.00405
vt 0.02597 0.00980
vt 0.01668 0.01098
vt 0.00755 -0.02423
vt 0.02567 -0.02654
vt 0.00790 0.01445
vt -0.00956 -0.01747
vt 0.00025 0.01997
vt -0.02447 -0.00672
vt -0.00576 0.02715
vt -0.03619 0.00730
vt 0.04703 -0.02249
vt 0.04396 -0.01377
vt 0.00893 -0.02232
vt 0.01491 -0.03932
vt 0.04300 -0.00442
vt 0.00705 -0.00408
vt 0.04421 0.00494
vt 0.00941 0.01416
vt 0.04751 0.01366
vt 0.01584 0.03116
vt 0.05267 0.02114
vt 0.02591 0.04575
vt -0.02557 0.00473
vt -0.01808 0.01043
vt -0.04986 0.03038
vt -0.03525 0.04149
vt -0.00936 0.01401
vt -0.01825 0.04847
vt 0.00000 0.01523
vt -0.00000 0.05085
vt 0.00936 0.01401
vt 0.01825 0.04847
vt 0.01808 0.01043
vt 0.03525 0.04149
vt 0.02557 0.00473
vt 0.04986 0.03038
vt -0.05133 0.01461
vt -0.04600 0.00714
vt -0.01463 0.02510
vt -0.02503 0.03967
vt -0.04252 -0.00156
vt -0.00785 0.00814
vt 0.02889 -0.03490
vt 0.03112 -0.00874
vt 0.02070 -0.05928
vt -0.02185 -0.05981
vt 0.00709 -0.08021
vt 0.02881 -0.01305
vt 0.00681 -0.02772
vt 0.05180 0.05181
vt 0.03542 0.04655
vt 0.04394 0.01145
vt 0.06747 0.01901
vt 0.01747 0.04475
vt 0.01814 0.00887
vt -0.00085 0.04655
vt -0.00817 0.01145
vt -0.01827 0.05181
vt -0.03321 0.01901
vt -0.03361 0.06017
vt -0.05526 0.03103
vt 0.02459 -0.05392
vt -0.01795 -0.05418
vt -0.00404 -0.07516
vt -0.02655 -0.02975
vt -0.02925 -0.00354
vt -0.02586 0.02267
vt -0.01662 0.04710
vt -0.00215 0.06807
vt -0.04630 -0.06161
vt -0.03152 -0.05332
vt -0.06807 -0.03247
vt -0.04683 -0.02055
vt -0.01440 -0.04811
vt -0.02223 -0.01306
vt 0.00389 -0.04633
vt 0.00405 -0.01051
vt 0.02209 -0.04811
vt 0.03020 -0.01306
vt 0.03897 -0.05332
vt 0.05446 -0.02055
vt -0.03833 0.05085
vt 0.00253 0.06273
vt -0.01658 0.07880
vt 0.01747 0.04180
vt 0.02722 0.01742
vt -0.04068 0.04168
vt -0.01464 0.04374
vt -0.00940 0.00827
vt -0.04206 0.00569
vt 0.01107 0.04977
vt 0.02283 0.01583
vt 0.03469 0.05936
vt 0.05245 0.02786
vt 0.02312 -0.05862
vt 0.05070 -0.04021
vt 0.05026 -0.02422
vt 0.07977 -0.01475
vt 0.01791 -0.02746
vt -0.01509 -0.02422
vt -0.04648 -0.01475
vt -0.07413 0.00033
vt -0.01741 0.05558
vt 0.00674 0.04563
vt -0.00464 0.01163
vt -0.03494 0.02411
vt 0.03240 0.03937
vt 0.02752 0.00378
vt 0.05780 0.03724
vt 0.05938 0.00110
vt -0.06408 -0.00282
vt -0.05983 0.03004
vt -0.05558 0.02976
vt -0.03063 0.03649
vt -0.01922 0.00246
vt -0.05052 -0.00599
vt -0.00644 0.04720
vt 0.01110 0.01589
vt 0.01532 0.06116
vt 0.03839 0.03339
vt -0.02894 0.02263
vt -0.05979 0.01324
vt 0.00400 0.02584
vt 0.03680 0.02263
vt 0.06722 0.01324
vt -0.00651 0.05788
vt 0.01531 0.04351
vt -0.02971 0.03032
vt -0.00235 0.01230
vt 0.03930 0.03248
vt 0.02774 -0.00153
vt 0.06383 0.02555
vt 0.05850 -0.01022
vt 0.06581 -0.00697
vt 0.06092 0.02584
vt -0.04134 -0.03059
vt -0.00370 -0.02762
vt 0.03345 -0.01891
vt 0.06758 -0.00505
vt -0.04465 0.09017
vt -0.01268 0.08782
vt -0.01666 0.05526
vt -0.05350 0.05797
vt 0.02045 0.08634
vt 0.02152 0.05356
vt 0.05250 0.08584
vt 0.05845 0.05298
vt 0.01678 -0.06241
vt -0.02125 -0.05868
vt -0.05743 -0.04776
vt -0.06129 0.04037
vt -0.08107 0.01017
vt -0.05071 -0.00857
vt -0.01580 -0.02296
vt 0.02127 -0.03200
vt 0.05798 -0.03508
vt -0.08066 -0.00887
vt -0.07766 -0.04475
vt -0.04293 -0.04143
vt -0.00686 -0.03170
vt 0.02809 -0.01622
vt 0.05953 0.00395
vt 0.06077 0.05377
vt 0.08533 0.02744
vt 0.00376 0.06089
vt -0.03421 0.05720
vt 0.04156 0.05720
vt -0.05248 0.05130
vt -0.07765 0.02542
vt -0.05141 0.00124
vt -0.01988 -0.01953
vt 0.01479 -0.03546
vt 0.05024 -0.04548
vt -0.07292 0.00827
vt -0.07690 -0.02762
vt 0.01789 0.08599
vt 0.05482 0.08545
vt 0.01993 0.05315
vt 0.05989 0.05256
vt 0.04239 -0.05269
vt 0.00219 -0.06212
vt -0.08647 0.06150
vt -0.05967 0.02287
vt -0.09535 0.02669
vt -0.01981 0.01994
vt 0.02151 0.01810
vt 0.06147 0.01747
vt 0.09160 0.05356
vt 0.09735 0.01810
vt -0.04422 0.09021
vt -0.00705 0.08809
vt -0.01099 0.05561
vt -0.05121 0.05790
vt 0.03100 0.08473
vt 0.03019 0.05197
vt 0.06735 0.08035
vt 0.06952 0.04723
vt 0.01395 -0.06617
vt -0.02616 -0.05639
vt -0.04307 0.08494
vt -0.00540 0.08546
vt -0.04677 0.05199
vt -0.00601 0.05256
vt 0.03266 0.08494
vt 0.03518 0.05199
vt 0.06851 0.08340
vt 0.07397 0.05034
vt 0.04366 -0.04752
vt 0.00585 -0.06427
vt -0.05974 0.08208
vt -0.02291 0.08479
vt -0.06287 0.04896
vt -0.02301 0.05189
vt 0.01527 0.08649
vt 0.01830 0.05373
vt 0.05220 0.08707
vt 0.05826 0.05436
vt -0.06137 0.08624
vt -0.02523 0.08569
vt -0.02928 0.05284
vt -0.06838 0.05344
vt 0.01286 0.08408
vt 0.01194 0.05109
vt 0.05031 0.08151
vt 0.05246 0.04831
vt 0.00110 -0.06762
vt -0.03642 -0.05037
vt -0.05722 0.08386
vt -0.02032 0.08545
vt -0.02143 0.05256
vt -0.06135 0.05084
vt 0.06195 0.01704
vt 0.02096 0.01765
vt 0.09573 0.05084
vt 0.09872 0.01528
vt -0.06284 -0.01338
vt -0.09944 -0.00946
vt -0.02196 -0.01638
vt 0.02042 -0.01827
vt 0.06140 -0.01892
vt 0.09821 -0.01827
vt -0.01437 0.02034
vt -0.05563 0.02269
vt 0.02786 0.01661
vt 0.06820 0.01174
vt -0.08433 0.05034
vt -0.04812 0.01645
vt -0.08666 0.01474
vt -0.00631 0.01703
vt 0.03593 0.01645
vt 0.07572 0.01474
vt -0.09855 0.04514
vt -0.09944 0.00946
vt -0.06284 0.01338
vt -0.02196 0.01638
vt 0.02042 0.01827
vt 0.06140 0.01892
vt 0.09414 0.05373
vt 0.09821 0.01827
vt -0.03186 0.01734
vt 0.01042 0.01554
vt 0.05198 0.01269
vt -0.09714 0.04811
vt -0.09911 0.01248
vt -0.06241 0.01528
vt -0.02145 0.01704
vt 0.06091 -0.01933
vt 0.02095 -0.01874
vt 0.09675 -0.02105
vt -0.06287 -0.04896
vt -0.09855 -0.04514
vt -0.02301 -0.05189
vt 0.01830 -0.05373
vt 0.05826 -0.05436
vt 0.09414 -0.05373
vt -0.01704 -0.01595
vt -0.05726 -0.01366
vt 0.02414 -0.01959
vt 0.06346 -0.02433
vt -0.04707 -0.01993
vt -0.08463 -0.02159
vt -0.00630 -0.01936
vt 0.03488 -0.01993
vt 0.07367 -0.02159
vt -0.05967 -0.02287
vt -0.09535 -0.02669
vt -0.01981 -0.01994
vt 0.02151 -0.01810
vt 0.06147 -0.01747
vt 0.09735 -0.01810
vt 0.00838 -0.02079
vt -0.03284 -0.01904
vt 0.04890 -0.02357
vt -0.06033 -0.02105
vt -0.09612 -0.02378
vt -0.02041 -0.01933
vt 0.05681 -0.05473
vt 0.01988 -0.05419
vt 0.08993 -0.05632
vt -0.00110 0.06762
vt 0.03642 0.05037
vt 0.01988 0.01953
vt -0.01479 0.03546
vt -0.02291 -0.08479
vt -0.05974 -0.08208
vt 0.01527 -0.08649
vt 0.05220 -0.08707
vt -0.09378 -0.01288
vt -0.08977 -0.04860
vt -0.05602 -0.04933
vt -0.01885 -0.05144
vt 0.01920 -0.05480
vt 0.05555 -0.05919
vt -0.07836 -0.05683
vt -0.04365 -0.05530
vt -0.00598 -0.05478
vt 0.03208 -0.05530
vt 0.06793 -0.05683
vt -0.05350 -0.05797
vt -0.08647 -0.06150
vt -0.01666 -0.05526
vt 0.02152 -0.05356
vt 0.05845 -0.05298
vt 0.09160 -0.05356
vt 0.00592 -0.05607
vt -0.03217 -0.05446
vt 0.04337 -0.05864
vt -0.08830 -0.05885
vt -0.05523 -0.05632
vt -0.01834 -0.05473
vt 0.04986 -0.08739
vt 0.01782 -0.08692
vt -0.05024 0.04548
vt -0.02774 0.00153
vt -0.05850 0.01022
vt 0.00235 -0.01230
vt 0.05141 -0.00124
vt 0.02971 -0.03032
vt 0.07765 -0.02542
vt 0.05248 -0.05130
vt 0.04709 0.05798
vt 0.00949 0.06169
vt 0.04275 0.02347
vt 0.01011 0.02669
vt -0.02854 0.05798
vt -0.02288 0.02347
vt -0.05197 -0.08252
vt -0.01971 -0.08435
vt 0.01331 -0.08727
vt 0.04484 -0.09107
vt -0.04209 0.04563
vt -0.06084 0.01232
vt -0.01285 0.02626
vt -0.02911 -0.00264
vt -0.00535 -0.08745
vt -0.03804 -0.08790
vt 0.02767 -0.08790
vt 0.05879 -0.08923
vt -0.05952 -0.03275
vt -0.03242 -0.05970
vt -0.00984 -0.03342
vt -0.03336 -0.01003
vt -0.01268 -0.08782
vt -0.04465 -0.09017
vt 0.02045 -0.08634
vt 0.05250 -0.08584
vt -0.06830 -0.05391
vt -0.02989 -0.08714
vt -0.06125 -0.08667
vt 0.00316 -0.08855
vt 0.03566 -0.09078
vt 0.03242 -0.05970
vt 0.05952 -0.03275
vt 0.03336 -0.01003
vt 0.00984 -0.03342
vt -0.01535 -0.08739
vt -0.04737 -0.08877
vt 0.06913 -0.01757
vt 0.06271 0.01482
vt 0.02968 0.00380
vt 0.03480 -0.02203
vt -0.03930 -0.03248
vt -0.06383 -0.02555
vt -0.01531 -0.04351
vt 0.00651 -0.05788
vt 0.07279 0.01403
vt 0.03626 -0.01222
vt 0.06022 -0.01974
vt 0.01024 -0.00965
vt -0.01608 -0.01222
vt -0.05400 0.01403
vt -0.04089 -0.01974
vt -0.08111 -0.00098
vt -0.06252 -0.03171
vt 0.00837 0.05108
vt 0.01705 0.00558
vt 0.03397 0.02537
vt 0.00407 -0.01747
vt -0.03933 -0.03366
vt -0.00407 -0.04220
vt -0.06290 0.04643
vt -0.05146 0.01721
vt -0.01996 0.03492
vt -0.02908 0.05822
vt -0.00553 0.01320
vt 0.01323 -0.00545
vt 0.01749 -0.05136
vt 0.03503 -0.01976
vt 0.04678 -0.06264
vt 0.05838 -0.02876
vt -0.03537 -0.05313
vt -0.00253 -0.05685
vt -0.00267 -0.02155
vt -0.02886 -0.01858
vt 0.03039 -0.05313
vt 0.02357 -0.01858
vt -0.04678 -0.06264
vt -0.01749 -0.05136
vt -0.05838 -0.02876
vt -0.03503 -0.01976
vt -0.01323 -0.00545
vt 0.00553 0.01320
vt 0.05146 0.01721
vt 0.01996 0.03492
vt 0.06290 0.04643
vt 0.02908 0.05822
vt -0.00485 -0.00741
vt -0.00129 -0.02538
vt 0.01873 0.02786
vt -0.01247 0.00934
vt 0.00270 0.04853
vt -0.02362 0.02372
vt -0.01733 0.06439
vt -0.03756 0.03475
vt 0.02795 -0.04729
vt 0.04463 -0.05253
vt 0.00984 -0.04550
vt -0.00847 -0.04729
vt -0.02574 -0.05253
vt -0.04078 -0.06086
vt 0.04609 -0.01538
vt 0.05786 -0.00161
vt 0.03706 -0.03142
vt 0.03139 -0.04863
vt 0.01254 0.05088
vt 0.00619 0.06710
vt 0.02258 0.03576
vt 0.03564 0.02278
vt 0.05081 0.01282
vt 0.06706 0.00656
vt -0.00269 0.01484
vt -0.02091 0.01690
vt 0.01558 0.01690
vt -0.06706 0.00656
vt -0.05081 0.01282
vt -0.03564 0.02278
vt -0.02258 0.03576
vt -0.01254 0.05088
vt -0.00619 0.06710
vt -0.03913 -0.01825
vt -0.03730 -0.02747
vt -0.04304 -0.00966
vt -0.04876 -0.00229
vt 0.01753 0.00853
vt 0.00262 0.01932
vt -0.00727 -0.01809
vt -0.01491 -0.01256
vt 0.05197 0.05132
vt 0.03513 0.05835
vt 0.02740 0.02446
vt 0.03604 0.02086
vt 0.01701 0.06075
vt 0.01811 0.02569
vt -0.00113 0.05835
vt 0.00881 0.02446
vt -0.01808 0.05132
vt 0.00011 0.02086
vt -0.03267 0.04014
vt -0.00737 0.01512
vt -0.04392 0.02557
vt -0.01313 0.00765
vt -0.05104 0.00860
vt -0.01679 -0.00105
vt -0.05356 -0.00960
vt -0.01808 -0.01039
vt -0.05131 -0.02781
vt -0.01693 -0.01973
vt -0.04444 -0.04478
vt -0.01340 -0.02843
vt -0.03341 -0.05935
vt -0.00775 -0.03591
vt -0.01899 -0.07053
vt -0.00035 -0.04164
vt -0.03785 0.02294
vt -0.02060 0.05463
vt -0.01191 0.05153
vt -0.00256 0.05047
vt 0.00680 0.05153
vt 0.03264 0.02294
vt 0.01555 0.05463
vt 0.04734 0.03255
vt 0.02309 0.05955
vt 0.00753 -0.01799
vt 0.01914 -0.00371
vt -0.01765 0.00828
vt -0.01170 0.01560
vt -0.00701 -0.06010
vt -0.00202 -0.04336
vt -0.03768 -0.03668
vt -0.04024 -0.04527
vt 0.00000 -0.02115
vt 0.03493 -0.02990
vt 0.03616 -0.02062
vt 0.03132 -0.03855
vt 0.02557 -0.04597
vt 0.01808 -0.05167
vt 0.00936 -0.05525
vt 0.00000 -0.05647
vt -0.00936 -0.05525
vt -0.01808 -0.05167
vt -0.02557 -0.04597
vt -0.03132 -0.03855
vt -0.03493 -0.02990
vt -0.03616 -0.02062
vt -0.03493 -0.01134
vt -0.03132 -0.00269
vt 0.03132 -0.00269
vt 0.03493 -0.01134
vt 0.01831 -0.01066
vt 0.05378 -0.01039
vt 0.05262 -0.00105
vt 0.04910 0.00765
vt 0.04344 0.01512
vt 0.00829 -0.04524
vt 0.01758 -0.04647
vt 0.02689 -0.04524
vt 0.03558 -0.04164
vt 0.04306 -0.03591
vt 0.04883 -0.02843
vt 0.05248 -0.01973
vt -0.02718 0.05000
vt 0.02718 0.73250
vt 0.02718 0.05000
vt -0.02718 0.73250
vt 0.05250 0.09093
vt 0.00000 0.10500
vt -0.05250 0.09093
vt -0.09093 0.05250
vt 0.09093 0.05250
vt 0.10500 -0.00000
vt -0.10500 0.00000
vt 0.09093 -0.05250
vt -0.09093 -0.05250
vt -0.05250 -0.09093
vt 0.05250 -0.09093
vt -0.00000 -0.10500
vt -0.04565 -0.02302
vt -0.04699 -0.03338
vt -0.00657 -0.02270
vt -0.00918 -0.04291
vt -0.05095 -0.04304
vt -0.01691 -0.06174
vt -0.09079 0.49581
vt -0.09775 0.48880
vt -0.07165 0.45895
vt -0.05806 0.47261
vt -0.10647 0.48342
vt -0.08865 0.44847
vt -0.11634 0.48004
vt -0.10790 0.44188
vt -0.12670 0.47889
vt -0.12809 0.43963
vt -0.13684 0.48004
vt -0.14785 0.44188
vt 0.17528 0.21553
vt 0.16560 0.21939
vt 0.14614 0.18410
vt 0.16501 0.17657
vt 0.15714 0.22553
vt 0.12963 0.19607
vt 0.15047 0.23353
vt 0.11662 0.21167
vt 0.44419 -0.14943
vt 0.44138 -0.13985
vt 0.40230 -0.14781
vt 0.40778 -0.16647
vt 0.44090 -0.12958
vt 0.40137 -0.12778
vt 0.44279 -0.11931
vt 0.40504 -0.10775
vt 0.44690 -0.10974
vt 0.41307 -0.08909
vt 0.45297 -0.10152
vt 0.42491 -0.07307
vt 0.16072 -0.23103
vt 0.16919 -0.22490
vt 0.14976 -0.18958
vt 0.13324 -0.20153
vt -0.10557 0.01166
vt -0.09595 0.01566
vt -0.10465 0.05272
vt -0.12339 0.04492
vt -0.21504 -0.37275
vt -0.20509 -0.37152
vt -0.22545 -0.33383
vt -0.20605 -0.33142
vt -0.19487 -0.37275
vt -0.18613 -0.33383
vt -0.18508 -0.37637
vt -0.16703 -0.34089
vt -0.17638 -0.38213
vt -0.15007 -0.35212
vt -0.16937 -0.38964
vt -0.13640 -0.36676
vt -0.05104 -0.00300
vt -0.04703 -0.01266
vt -0.01707 0.01634
vt -0.00926 -0.00249
vt -0.53035 0.15229
vt -0.53447 0.13234
vt -0.49646 0.12016
vt -0.49054 0.14883
vt -0.54243 0.11375
vt -0.50790 0.09345
vt -0.55369 0.09779
vt -0.52407 0.07051
vt -0.07143 0.41202
vt -0.04700 0.42709
vt -0.09910 0.40255
vt -0.12812 0.39932
vt -0.15651 0.40255
vt 0.42697 0.44627
vt 0.40878 0.45284
vt 0.41935 0.40694
vt 0.39320 0.41638
vt 0.39152 0.46329
vt 0.36840 0.43140
vt 0.37637 0.47690
vt 0.34663 0.45096
vt 0.36436 0.49276
vt 0.32937 0.47375
vt 0.35631 0.50978
vt 0.31780 0.49821
vt 0.36119 -0.12488
vt 0.36646 -0.09610
vt 0.37800 -0.06928
vt 0.12994 -0.61499
vt 0.14488 -0.60315
vt 0.12185 -0.57088
vt 0.10039 -0.58789
vt 0.16274 -0.59407
vt 0.14752 -0.55782
vt 0.18231 -0.58836
vt 0.17565 -0.54961
vt 0.20226 -0.58641
vt 0.20431 -0.54681
vt 0.22122 -0.58836
vt 0.23156 -0.54961
vt -0.17629 -0.29487
vt -0.14885 -0.30502
vt -0.12448 -0.32116
vt -0.10484 -0.34219
vt -0.53446 0.19083
vt -0.53034 0.17224
vt -0.49644 0.20421
vt -0.49053 0.17750
vt -0.45809 0.10829
vt -0.45066 0.14424
vt -0.47244 0.07479
vt -0.49272 0.04603
vt -0.05569 0.37592
vt -0.02506 0.39481
vt -0.09038 0.36404
vt -0.12677 0.35999
vt -0.16238 0.36404
vt 0.37546 0.38022
vt 0.40825 0.36838
vt 0.34435 0.39905
vt 0.31705 0.42359
vt 0.29541 0.45216
vt 0.28091 0.48283
vt 0.32899 -0.08494
vt 0.32237 -0.12103
vt 0.34346 -0.05131
vt 0.10052 -0.53671
vt 0.07360 -0.55804
vt 0.13271 -0.52033
vt 0.16798 -0.51004
vt 0.20392 -0.50653
vt 0.23809 -0.51004
vt -0.16585 -0.25783
vt -0.13144 -0.27055
vt 0.24180 0.65200
vt 0.26590 0.63653
vt 0.24647 0.60185
vt 0.21625 0.62124
vt 0.29269 0.62467
vt 0.28006 0.58697
vt 0.32034 0.61721
vt 0.31473 0.57762
vt -0.45065 0.18018
vt -0.42129 0.09731
vt -0.41273 0.13873
vt 0.04455 0.86912
vt 0.07732 0.86229
vt 0.06603 0.82670
vt 0.02827 0.83457
vt 0.11308 0.85643
vt 0.10724 0.81994
vt 0.14938 0.85193
vt 0.14907 0.81476
vt -0.03417 0.85944
vt 0.00127 0.85698
vt -0.04323 0.82259
vt -0.00239 0.81974
vt 0.03799 0.85614
vt 0.03994 0.81877
vt 0.07351 0.85698
vt 0.08086 0.81974
vt 0.35644 0.34617
vt 0.39422 0.33253
vt 0.32059 0.36786
vt 0.28913 0.39614
vt 0.26419 0.42907
vt -0.06900 0.86857
vt -0.03350 0.86793
vt -0.03566 0.83124
vt -0.07657 0.83198
vt 0.00323 0.86857
vt 0.00667 0.83198
vt 0.03869 0.87044
vt 0.04753 0.83414
vt 0.08195 -0.50235
vt 0.05093 -0.52694
vt 0.11904 -0.48349
vt 0.15968 -0.47163
vt 0.20110 -0.46758
vt 0.24047 -0.47163
vt 0.19145 0.64381
vt 0.19283 0.58862
vt 0.16425 0.61464
vt 0.22766 0.56628
vt 0.26636 0.54913
vt 0.30632 0.53836
vt 0.34811 0.57443
vt 0.34479 0.53468
vt 0.00879 0.87312
vt 0.04970 0.87252
vt 0.01105 0.83675
vt 0.05531 0.83610
vt 0.05674 0.78809
vt 0.01588 0.79661
vt 0.10133 0.78078
vt 0.14660 0.77517
vt 0.18868 0.81150
vt 0.18946 0.77165
vt 0.04076 0.77898
vt -0.00504 0.78003
vt 0.08505 0.78003
vt 0.00992 0.87388
vt 0.05078 0.87169
vt 0.04605 0.83555
vt 0.00184 0.83792
vt 0.09297 0.86820
vt 0.09170 0.83178
vt 0.13363 0.86366
vt 0.13570 0.82686
vt -0.11328 0.83414
vt -0.12070 0.79490
vt -0.08098 0.79256
vt -0.03671 0.79176
vt 0.00909 0.79256
vt 0.05331 0.79490
vt 0.08414 0.83758
vt 0.09293 0.79862
vt -0.10084 0.86810
vt -0.06004 0.87110
vt -0.10430 0.83141
vt -0.06015 0.83465
vt -0.01774 0.87298
vt -0.01439 0.83669
vt 0.02316 0.87363
vt 0.02988 0.83739
vt -0.02947 0.87325
vt 0.01056 0.87263
vt 0.00607 0.83624
vt -0.03724 0.83690
vt 0.05275 0.87085
vt 0.05173 0.83431
vt 0.09423 0.86800
vt 0.09662 0.83123
vt 0.25229 0.51306
vt 0.21040 0.53161
vt -0.07441 0.87076
vt -0.03354 0.87252
vt -0.03476 0.83610
vt -0.07899 0.83419
vt 0.05760 0.79675
vt 0.01219 0.79742
vt 0.09502 0.83419
vt 0.09832 0.79480
vt 0.09565 0.74091
vt 0.04992 0.74840
vt 0.14208 0.73515
vt 0.18605 0.73154
vt 0.04043 0.73876
vt -0.00655 0.73983
vt -0.03790 0.83873
vt -0.04388 0.79966
vt -0.00312 0.79883
vt 0.04222 0.79639
vt 0.08905 0.79252
vt 0.13418 0.78748
vt 0.17503 0.82114
vt 0.17453 0.78161
vt -0.08201 0.75228
vt -0.03660 0.75146
vt 0.01039 0.75228
vt 0.05574 0.75468
vt -0.14383 0.82718
vt -0.10427 0.79200
vt -0.14481 0.78766
vt -0.05899 0.79533
vt -0.01205 0.79742
vt 0.03336 0.79814
vt 0.06962 0.83669
vt 0.07412 0.79742
vt 0.05005 0.79493
vt 0.00322 0.79692
vt 0.09609 0.79177
vt -0.11862 0.83116
vt -0.08016 0.79480
vt -0.12081 0.79169
vt -0.03479 0.79675
vt 0.05644 0.75646
vt 0.01218 0.75711
vt 0.09614 0.75456
vt 0.09049 0.70231
vt 0.04590 0.70962
vt 0.13575 0.69670
vt 0.17862 0.69318
vt -0.00684 0.70117
vt 0.03896 0.70012
vt -0.00472 0.75855
vt -0.04446 0.75936
vt 0.03949 0.75618
vt 0.08515 0.75241
vt 0.12914 0.74749
vt 0.16848 0.74177
vt -0.03533 0.71237
vt -0.07960 0.71317
vt 0.01048 0.71317
vt 0.05469 0.71551
vt -0.14028 0.74761
vt -0.10075 0.75184
vt -0.05660 0.75509
vt -0.01084 0.75713
vt 0.03343 0.75783
vt 0.07317 0.75713
vt 0.04779 0.75469
vt 0.00213 0.75663
vt 0.09267 0.75161
vt -0.07786 0.75456
vt -0.11749 0.75153
vt -0.03363 0.75646
vt 0.05190 0.71725
vt 0.01099 0.71785
vt 0.08859 0.71549
vt 0.08609 0.66694
vt 0.04489 0.67369
vt 0.12793 0.66175
vt -0.05103 0.70424
vt -0.04675 0.66881
vt -0.00591 0.66597
vt 0.03641 0.66500
vt -0.00286 0.71912
vt -0.03959 0.71986
vt 0.03799 0.71692
vt 0.08018 0.71344
vt 0.12084 0.70890
vt 0.15719 0.70361
vt -0.07387 0.67718
vt -0.03296 0.67644
vt 0.00937 0.67718
vt 0.05023 0.67934
vt -0.09392 0.71296
vt -0.13045 0.70905
vt -0.05312 0.71596
vt -0.01083 0.71785
vt 0.03008 0.71849
vt 0.06681 0.71785
vt 0.04506 0.71560
vt 0.00287 0.71739
vt 0.08654 0.71276
vt -0.10884 0.71269
vt -0.07221 0.71549
vt -0.03134 0.71725
vt 0.04421 0.68107
vt 0.00871 0.68159
vt 0.57212 0.16300
vt 0.55551 0.20153
vt 0.53497 0.15164
vt 0.52055 0.18507
vt 0.26021 0.53925
vt 0.22919 0.56383
vt 0.21061 0.52948
vt 0.23753 0.50815
vt 0.19209 0.58270
vt 0.17843 0.54585
vt 0.15145 0.59456
vt 0.14316 0.55614
vt 0.11004 0.59860
vt 0.10722 0.55965
vt 0.07066 0.59456
vt 0.07305 0.55614
vt 0.00235 0.68250
vt 0.03780 0.68060
vt 0.07441 0.67757
vt 0.10969 0.67363
vt -0.59863 -0.01143
vt -0.60656 -0.05021
vt -0.56752 -0.05126
vt -0.56064 -0.01761
vt -0.60664 -0.09183
vt -0.56759 -0.08738
vt -0.59886 -0.13344
vt -0.56084 -0.12349
vt -0.58376 -0.17222
vt -0.54774 -0.15714
vt -0.56236 -0.20552
vt -0.52917 -0.18604
vt -0.04871 0.67990
vt -0.08411 0.67730
vt -0.01201 0.68154
vt 0.02349 0.68210
vt -0.03715 0.71800
vt 0.00539 0.68118
vt -0.02934 0.68171
vt 0.04201 0.67963
vt 0.07800 0.67716
vt 0.36059 -0.46338
vt 0.39156 -0.43466
vt 0.36395 -0.40779
vt 0.33707 -0.43271
vt -0.02802 0.68107
vt -0.06349 0.67954
vt 0.54273 0.11576
vt 0.49659 0.13945
vt 0.50278 0.11084
vt 0.48510 0.16611
vt 0.18928 0.49531
vt 0.21075 0.47830
vt 0.16361 0.50837
vt 0.13549 0.51657
vt 0.10682 0.51937
vt 0.07958 0.51657
vt -0.21048 0.42514
vt -0.24463 0.41261
vt -0.19926 0.38767
vt -0.22650 0.37768
vt -0.27549 0.39268
vt -0.25111 0.36179
vt -0.30096 0.36670
vt -0.27142 0.34107
vt -0.52740 -0.05486
vt -0.52192 -0.02803
vt -0.52745 -0.08366
vt -0.52207 -0.11246
vt -0.51162 -0.13930
vt -0.49682 -0.16234
vt -0.17658 -0.44280
vt -0.14595 -0.46169
vt -0.13021 -0.42558
vt -0.15464 -0.41052
vt -0.11126 -0.47356
vt -0.10255 -0.43505
vt -0.07487 -0.47761
vt -0.07353 -0.43828
vt -0.03927 -0.47356
vt -0.04513 -0.43505
vt 0.27264 -0.46386
vt 0.30593 -0.45184
vt 0.28788 -0.41595
vt 0.26134 -0.42554
vt 0.31272 -0.40070
vt 0.33415 -0.38083
vt 0.38472 -0.37878
vt 0.35071 -0.35769
vt 0.54330 0.07989
vt 0.50324 0.08223
vt 0.45892 0.12705
vt 0.46322 0.10714
vt 0.45092 0.14560
vt 0.16626 0.46304
vt 0.18119 0.45119
vt 0.14839 0.47212
vt 0.12882 0.47783
vt 0.10888 0.47978
vt 0.08991 0.47783
vt -0.20851 0.34161
vt -0.18955 0.34857
vt -0.22563 0.33055
vt -0.23977 0.31614
vt -0.48820 -0.06083
vt -0.48439 -0.04215
vt -0.48824 -0.08087
vt -0.48450 -0.10091
vt -0.47722 -0.11958
vt -0.46692 -0.13562
vt -0.11300 -0.38914
vt -0.13000 -0.37865
vt -0.09374 -0.39573
vt -0.07355 -0.39798
vt -0.05379 -0.39573
vt 0.27146 -0.37956
vt 0.25299 -0.38623
vt 0.28875 -0.36895
vt 0.30366 -0.35512
vt 0.31519 -0.33901
vt 0.46354 0.08723
vt 0.16086 0.01109
vt 0.15818 0.03130
vt 0.12000 0.02122
vt 0.12137 0.01085
vt 0.15040 0.05014
vt 0.11601 0.03088
vt 0.13806 0.06631
vt 0.10968 0.03917
vt 0.12201 0.07872
vt 0.10144 0.04554
vt 0.10332 0.08652
vt 0.09186 0.04954
vt 0.08329 0.08918
vt 0.08159 0.05090
vt -0.17007 0.35094
vt -0.18183 0.30978
vt -0.17184 0.31099
vt -0.19155 0.30621
vt -0.20034 0.30054
vt -0.20758 0.29315
vt -0.24994 0.29935
vt -0.21280 0.28454
vt -0.27202 -0.00771
vt -0.27424 -0.02790
vt -0.23394 -0.02730
vt -0.23280 -0.01694
vt -0.27143 -0.04809
vt -0.23250 -0.03766
vt -0.26377 -0.06691
vt -0.22857 -0.04731
vt -0.14358 -0.36499
vt -0.10389 -0.34880
vt -0.11086 -0.34180
vt -0.09517 -0.35418
vt -0.08530 -0.35756
vt -0.07494 -0.35871
vt -0.06481 -0.35756
vt 0.10369 -0.06433
vt 0.12233 -0.05653
vt 0.10161 -0.02383
vt 0.09205 -0.02783
vt 0.13833 -0.04412
vt 0.10982 -0.01746
vt 0.15059 -0.02795
vt 0.11610 -0.00917
vt 0.15827 -0.00912
vt 0.12005 0.00049
vt -0.08595 -0.02313
vt -0.05727 -0.05133
vt -0.06552 -0.05770
vt -0.07514 -0.06170
vt -0.08546 -0.06306
vt -0.09579 -0.06170
vt -0.10542 -0.05770
vt -0.11369 -0.05133
vt -0.12005 -0.04304
vt -0.12406 -0.03338
vt -0.12544 -0.02302
vt -0.12410 -0.01266
vt -0.12014 -0.00300
vt -0.11381 0.00529
vt -0.08563 0.01702
vt -0.07530 0.01566
vt -0.06567 0.01166
vt -0.05740 0.00529
vt 0.08108 0.01077
vt 0.07132 0.04954
vt 0.06175 0.04554
vt 0.05355 0.03917
vt 0.04726 0.03088
vt 0.04332 0.02122
vt 0.04199 0.01085
vt 0.04337 0.00049
vt 0.04736 -0.00917
vt 0.05369 -0.01746
vt 0.06192 -0.02383
vt 0.07150 -0.02783
vt 0.08178 -0.02919
vn -0.2583 -0.9660 0.0143
vn -0.2458 -0.9660 0.0807
vn -0.4308 -0.8932 0.1291
vn -0.4495 -0.8932 0.0132
vn -0.2165 -0.9660 0.1416
vn -0.3682 -0.9064 0.2068
vn -0.1573 -0.9749 0.1573
vn -0.3224 -0.8977 0.3002
vn -0.1382 -0.9611 0.2393
vn -0.2379 -0.8796 0.4121
vn -0.0576 -0.9749 0.2149
vn -0.0988 -0.8977 0.4293
vn 0.0000 -0.9611 0.2763
vn 0.0186 -0.8875 0.4604
vn 0.0576 -0.9749 0.2149
vn 0.1291 -0.8977 0.4212
vn 0.1382 -0.9611 0.2393
vn 0.2169 -0.9010 0.3758
vn 0.1928 -0.9660 0.1725
vn 0.3274 -0.8848 0.3317
vn 0.2309 -0.9660 0.1167
vn 0.3632 -0.9064 0.2155
vn 0.2149 -0.9749 0.0576
vn 0.4419 -0.8892 0.1184
vn 0.2763 -0.9611 0.0000
vn 0.4604 -0.8875 -0.0186
vn 0.2149 -0.9749 -0.0576
vn 0.4212 -0.8977 -0.1291
vn 0.2393 -0.9611 -0.1382
vn 0.3894 -0.8875 -0.2463
vn 0.1573 -0.9749 -0.1573
vn 0.2921 -0.9107 -0.2921
vn 0.1382 -0.9611 -0.2393
vn 0.2379 -0.8796 -0.4121
vn 0.0576 -0.9749 -0.2149
vn 0.0988 -0.8977 -0.4293
vn 0.0143 -0.9660 -0.2583
vn -0.0050 -0.9064 -0.4223
vn -0.0715 -0.9611 -0.2669
vn -0.1231 -0.8796 -0.4596
vn -0.1416 -0.9660 -0.2165
vn -0.2362 -0.8932 -0.3827
vn -0.1928 -0.9660 -0.1725
vn -0.2951 -0.9064 -0.3021
vn -0.2309 -0.9660 -0.1167
vn -0.4021 -0.8848 -0.2356
vn -0.2532 -0.9660 -0.0530
vn -0.4377 -0.8932 -0.1036
vn -0.6072 -0.7751 0.1746
vn -0.6317 -0.7751 0.0115
vn -0.5295 -0.7832 0.3261
vn -0.4267 -0.7749 0.4663
vn -0.3027 -0.7646 0.5690
vn -0.1524 -0.7751 0.6131
vn -0.0104 -0.7921 0.6103
vn 0.1605 -0.7638 0.6251
vn 0.3261 -0.7832 0.5295
vn 0.4713 -0.7646 0.4397
vn 0.5471 -0.7832 0.2955
vn 0.6280 -0.7646 0.1451
vn 0.6103 -0.7921 0.0104
vn 0.6251 -0.7638 -0.1605
vn 0.5413 -0.7751 -0.3258
vn 0.4246 -0.7996 -0.4246
vn 0.3284 -0.7540 -0.5688
vn 0.1524 -0.7751 -0.6131
vn 0.0000 -0.7996 -0.6005
vn -0.1700 -0.7540 -0.6344
vn -0.2961 -0.7921 -0.5338
vn -0.4496 -0.7718 -0.4496
vn -0.5690 -0.7646 -0.3027
vn -0.6131 -0.7751 -0.1524
vn -0.7676 -0.6179 0.1702
vn -0.7699 -0.6379 -0.0156
vn -0.6974 -0.6179 0.3631
vn -0.5706 -0.6046 0.5558
vn -0.3984 -0.6379 0.6590
vn -0.2163 -0.6046 0.7666
vn 0.0000 -0.6483 0.7614
vn 0.2088 -0.5908 0.7793
vn 0.3715 -0.6379 0.6746
vn 0.5558 -0.6046 0.5706
vn 0.6853 -0.6182 0.3850
vn 0.7616 -0.6182 0.1946
vn 0.7614 -0.6483 0.0000
vn 0.7793 -0.5908 -0.2088
vn 0.6746 -0.6379 -0.3715
vn 0.5573 -0.6155 -0.5573
vn 0.3768 -0.6034 -0.7028
vn 0.1946 -0.6182 -0.7616
vn 0.0000 -0.6483 -0.7614
vn -0.1821 -0.6034 -0.7764
vn -0.3941 -0.6155 -0.6825
vn -0.5528 -0.6235 -0.5528
vn -0.6632 -0.6179 -0.4224
vn -0.7666 -0.6046 -0.2163
vn -0.8857 -0.4643 -0.0000
vn -0.8751 -0.4150 0.2488
vn -0.7616 -0.4299 0.4849
vn -0.6371 -0.4339 0.6371
vn -0.4518 -0.4284 0.7825
vn -0.2100 -0.4120 0.8866
vn 0.0198 -0.4435 0.8961
vn 0.2614 -0.4120 0.8729
vn 0.4428 -0.4643 0.7670
vn 0.6252 -0.4120 0.6628
vn 0.7809 -0.4150 0.4668
vn 0.8563 -0.4518 0.2501
vn 0.8961 -0.4435 0.0198
vn 0.8862 -0.3979 -0.2374
vn 0.7661 -0.4435 -0.4652
vn 0.6371 -0.4339 -0.6371
vn 0.4668 -0.4150 -0.7809
vn 0.2275 -0.4302 -0.8736
vn -0.0198 -0.4435 -0.8961
vn -0.2712 -0.4299 -0.8612
vn -0.4784 -0.4120 -0.7755
vn -0.6476 -0.4435 -0.6196
vn -0.8007 -0.4299 -0.4172
vn -0.8866 -0.4120 -0.2100
vn -0.9717 -0.2356 0.0196
vn -0.9391 -0.2000 0.2794
vn -0.8430 -0.2206 0.4905
vn -0.6732 -0.2356 0.7009
vn -0.4665 -0.2000 0.8616
vn -0.2736 -0.2430 0.9306
vn -0.0166 -0.2047 0.9787
vn 0.2556 -0.2206 0.9413
vn 0.5028 -0.2356 0.8317
vn 0.7188 -0.2204 0.6593
vn 0.8616 -0.2000 0.4665
vn 0.9436 -0.2356 0.2325
vn 0.9697 -0.2430 -0.0235
vn 0.9492 -0.1851 -0.2543
vn 0.8515 -0.2430 -0.4646
vn 0.7009 -0.2356 -0.6732
vn 0.5130 -0.2000 -0.8348
vn 0.2693 -0.2047 -0.9410
vn 0.0235 -0.2430 -0.9697
vn -0.2116 -0.2204 -0.9522
vn -0.4508 -0.2204 -0.8650
vn -0.6593 -0.2204 -0.7188
vn -0.8393 -0.2047 -0.5037
vn -0.9430 -0.2206 -0.2493
vn -0.9720 -0.0221 0.2338
vn -0.9997 0.0159 -0.0185
vn -0.8750 0.0159 0.4838
vn -0.7249 -0.0221 0.6885
vn -0.5159 0.0159 0.8565
vn -0.2408 -0.0159 0.9704
vn 0.0258 0.0221 0.9994
vn 0.2588 0.0000 0.9659
vn 0.5000 -0.0000 0.8660
vn 0.7071 -0.0000 0.7071
vn 0.8660 0.0000 0.5000
vn 0.9659 -0.0000 0.2588
vn 0.9997 -0.0159 -0.0185
vn 0.9587 0.0221 -0.2836
vn 0.8565 -0.0159 -0.5159
vn 0.6760 -0.0000 -0.7369
vn 0.4622 0.0000 -0.8868
vn 0.2338 0.0221 -0.9720
vn -0.0185 -0.0159 -0.9997
vn -0.3002 -0.0000 -0.9539
vn -0.5369 -0.0000 -0.8437
vn -0.7369 -0.0000 -0.6760
vn -0.8784 0.0221 -0.4774
vn -0.9587 -0.0221 -0.2836
vn -0.9410 0.2047 0.2693
vn -0.9664 0.2571 -0.0000
vn -0.8281 0.2430 0.5052
vn -0.6803 0.2047 0.7037
vn -0.4875 0.2225 0.8443
vn -0.2705 0.2356 0.9335
vn -0.0269 0.2000 0.9794
vn 0.2116 0.2204 0.9522
vn 0.4688 0.2356 0.8513
vn 0.6874 0.2206 0.6920
vn 0.8348 0.2000 0.5130
vn 0.9335 0.2356 0.2705
vn 0.9753 0.2206 0.0033
vn 0.9530 0.2000 -0.2276
vn 0.8513 0.2356 -0.4688
vn 0.6920 0.2206 -0.6874
vn 0.5130 0.2000 -0.8348
vn 0.2705 0.2356 -0.9335
vn 0.0269 0.2000 -0.9794
vn -0.2325 0.2356 -0.9436
vn -0.4848 0.2206 -0.8463
vn -0.6736 0.2000 -0.7116
vn -0.8229 0.2204 -0.5237
vn -0.9410 0.2047 -0.2693
vn -0.8736 0.4302 0.2275
vn -0.8857 0.4643 -0.0000
vn -0.7850 0.4302 0.4458
vn -0.6628 0.4120 0.6252
vn -0.4518 0.4284 0.7825
vn -0.2332 0.4339 0.8703
vn -0.0000 0.4284 0.9036
vn 0.2614 0.4120 0.8729
vn 0.4428 0.4643 0.7670
vn 0.6252 0.4120 0.6628
vn 0.7809 0.4150 0.4668
vn 0.8555 0.4643 0.2292
vn 0.9027 0.4302 0.0064
vn 0.8862 0.3979 -0.2374
vn 0.7670 0.4643 -0.4428
vn 0.6428 0.4302 -0.6338
vn 0.4429 0.4150 -0.7947
vn 0.2332 0.4339 -0.8703
vn 0.0000 0.4284 -0.9036
vn -0.2501 0.4518 -0.8563
vn -0.4324 0.4120 -0.8021
vn -0.6389 0.4284 -0.6389
vn -0.8007 0.4299 -0.4172
vn -0.8866 0.4120 -0.2100
vn -0.7616 0.6182 0.1946
vn -0.7699 0.6379 0.0156
vn -0.6853 0.6182 0.3850
vn -0.5705 0.5908 0.5705
vn -0.3807 0.6483 0.6594
vn -0.2088 0.5908 0.7793
vn -0.0000 0.6483 0.7614
vn 0.2088 0.5908 0.7793
vn 0.3715 0.6379 0.6746
vn 0.5573 0.6155 0.5573
vn 0.7028 0.6034 0.3768
vn 0.7397 0.6379 0.2143
vn 0.7771 0.6291 0.0192
vn 0.7666 0.6046 -0.2163
vn 0.6771 0.6235 -0.3909
vn 0.5630 0.6291 -0.5359
vn 0.4202 0.6034 -0.6777
vn 0.2040 0.6155 -0.7612
vn -0.0156 0.6379 -0.7699
vn -0.1821 0.6034 -0.7764
vn -0.3941 0.6155 -0.6825
vn -0.5554 0.6379 -0.5334
vn -0.6761 0.6182 -0.4009
vn -0.7721 0.6046 -0.1960
vn -0.6131 0.7751 0.1524
vn -0.6317 0.7751 -0.0115
vn -0.5528 0.7751 0.3059
vn -0.4644 0.7540 0.4644
vn -0.3002 0.7996 0.5200
vn -0.1605 0.7638 0.6251
vn 0.0104 0.7921 0.6103
vn 0.1736 0.7638 0.6216
vn 0.3414 0.7646 0.5467
vn 0.4246 0.7996 0.4246
vn 0.5623 0.7638 0.3168
vn 0.6280 0.7646 0.1451
vn 0.6005 0.7996 0.0000
vn 0.6131 0.7751 -0.1524
vn 0.5555 0.7638 -0.3286
vn 0.4242 0.7921 -0.4389
vn 0.3284 0.7540 -0.5688
vn 0.1554 0.7996 -0.5800
vn 0.0115 0.7751 -0.6317
vn -0.1700 0.7540 -0.6344
vn -0.2961 0.7921 -0.5338
vn -0.4267 0.7749 -0.4663
vn -0.5295 0.7832 -0.3261
vn -0.6072 0.7751 -0.1746
vn -0.4377 0.8932 0.1036
vn -0.4495 0.8932 -0.0132
vn -0.4081 0.8875 0.2141
vn -0.3317 0.8848 0.3274
vn -0.2065 0.9107 0.3577
vn -0.1291 0.8932 0.4308
vn -0.0186 0.8875 0.4604
vn 0.0988 0.8977 0.4293
vn 0.2379 0.8796 0.4121
vn 0.2921 0.9107 0.2921
vn 0.3894 0.8875 0.2463
vn 0.4419 0.8892 0.1184
vn 0.4223 0.9064 -0.0050
vn 0.4496 0.8875 -0.1012
vn 0.3891 0.8977 -0.2066
vn 0.3272 0.8932 -0.3085
vn 0.2379 0.8796 -0.4121
vn 0.1069 0.9107 -0.3990
vn 0.0132 0.8932 -0.4495
vn -0.1231 0.8796 -0.4596
vn -0.2337 0.8977 -0.3735
vn -0.3387 0.8875 -0.3124
vn -0.3577 0.9107 -0.2065
vn -0.4308 0.8932 -0.1291
vn -0.2532 0.9660 0.0530
vn -0.2583 0.9660 -0.0143
vn -0.2393 0.9611 0.1382
vn -0.1725 0.9660 0.1928
vn -0.1113 0.9749 0.1927
vn -0.0807 0.9660 0.2458
vn 0.0000 0.9611 0.2763
vn 0.0576 0.9749 0.2149
vn 0.1382 0.9611 0.2393
vn 0.1573 0.9749 0.1573
vn 0.2393 0.9611 0.1382
vn 0.2149 0.9749 0.0576
vn 0.2583 0.9660 0.0143
vn 0.2669 0.9611 -0.0715
vn 0.1927 0.9749 -0.1113
vn 0.1928 0.9660 -0.1725
vn 0.1382 0.9611 -0.2393
vn 0.0576 0.9749 -0.2149
vn 0.0143 0.9660 -0.2583
vn -0.0715 0.9611 -0.2669
vn -0.1113 0.9749 -0.1927
vn -0.1954 0.9611 -0.1954
vn -0.1927 0.9749 -0.1113
vn -0.2458 0.9660 -0.0807
vn -0.0000 -1.0000 0.0000
vn -0.0000 1.0000 -0.0000
vn 0.9659 0.0000 -0.2588
vn 0.7071 0.0000 -0.7071
vn 0.2588 0.0000 -0.9659
vn -0.2588 0.0000 -0.9659
vn -0.7071 0.0000 -0.7071
vn -0.9659 0.0000 -0.2588
vn -0.9659 0.0000 0.2588
vn -0.7071 0.0000 0.7071
vn -0.2588 0.0000 0.9659
vn -0.2225 -0.9749 -0.0000
vn -0.2669 -0.9611 0.0715
vn -0.4403 -0.8977 0.0157
vn -0.4191 -0.9010 0.1123
vn -0.3997 -0.8930 0.2067
vn -0.3235 -0.8892 0.3235
vn -0.2141 -0.8875 0.4081
vn -0.0530 -0.9660 0.2532
vn -0.1141 -0.9064 0.4066
vn 0.0143 -0.9660 0.2583
vn -0.0030 -0.8848 0.4660
vn 0.0807 -0.9660 0.2458
vn 0.1045 -0.9064 0.4092
vn 0.1416 -0.9660 0.2165
vn 0.2304 -0.8848 0.4051
vn 0.1573 -0.9749 0.1573
vn 0.3224 -0.8977 0.3002
vn 0.2393 -0.9611 0.1382
vn 0.4081 -0.8875 0.2141
vn 0.4293 -0.8977 0.0988
vn 0.4339 -0.9010 0.0000
vn 0.2458 -0.9660 -0.0807
vn 0.4509 -0.8848 -0.1177
vn 0.2165 -0.9660 -0.1416
vn 0.3827 -0.8932 -0.2362
vn 0.1725 -0.9660 -0.1928
vn 0.3085 -0.8932 -0.3272
vn 0.1167 -0.9660 -0.2309
vn 0.2133 -0.8932 -0.3959
vn 0.0000 -0.9611 -0.2763
vn -0.0186 -0.8875 -0.4604
vn -0.0576 -0.9749 -0.2149
vn -0.1069 -0.9107 -0.3990
vn -0.1382 -0.9611 -0.2393
vn -0.2141 -0.8875 -0.4081
vn -0.3031 -0.8930 -0.3325
vn -0.1927 -0.9749 -0.1113
vn -0.3735 -0.8977 -0.2337
vn -0.2669 -0.9611 -0.0715
vn -0.4596 -0.8796 -0.1231
vn -0.5800 -0.7996 0.1554
vn -0.6454 -0.7638 -0.0068
vn -0.5528 -0.7751 0.3059
vn -0.4644 -0.7540 0.4644
vn -0.3059 -0.7751 0.5528
vn -0.1554 -0.7996 0.5800
vn 0.0000 -0.7540 0.6568
vn 0.1779 -0.7832 0.5958
vn 0.3414 -0.7646 0.5467
vn 0.4242 -0.7921 0.4389
vn 0.5329 -0.7749 0.3400
vn 0.6027 -0.7749 0.1905
vn 0.6359 -0.7718 0.0000
vn 0.6164 -0.7646 -0.1883
vn 0.4389 -0.7921 -0.4242
vn 0.3286 -0.7638 -0.5555
vn 0.1680 -0.7921 -0.5868
vn 0.0068 -0.7638 -0.6454
vn -0.1554 -0.7996 -0.5800
vn -0.3286 -0.7638 -0.5555
vn -0.4663 -0.7749 -0.4267
vn -0.5609 -0.7749 -0.2915
vn -0.6022 -0.7818 -0.1614
vn -0.7456 -0.6291 0.2196
vn -0.7970 -0.6034 0.0251
vn -0.6590 -0.6379 0.3984
vn -0.5705 -0.5908 0.5705
vn -0.2040 -0.6155 0.7612
vn 0.0251 -0.6034 0.7970
vn 0.2123 -0.6182 0.7568
vn 0.5573 -0.6155 0.5573
vn 0.6974 -0.6179 0.3631
vn 0.7676 -0.6179 0.1702
vn 0.7818 -0.6235 0.0000
vn 0.7721 -0.6046 -0.1960
vn 0.6761 -0.6182 -0.4009
vn 0.5384 -0.6483 -0.5384
vn 0.4202 -0.6034 -0.6777
vn 0.2040 -0.6155 -0.7612
vn 0.0000 -0.6235 -0.7818
vn -0.2040 -0.6155 -0.7612
vn -0.4202 -0.6034 -0.6777
vn -0.5334 -0.6379 -0.5554
vn -0.7612 -0.6155 -0.2040
vn -0.8823 -0.4150 0.2221
vn -0.8919 -0.4518 -0.0200
vn -0.7670 -0.4643 0.4428
vn -0.6487 -0.3979 0.6487
vn -0.4308 -0.4435 0.7859
vn 0.0064 -0.4302 0.9027
vn 0.2398 -0.4302 0.8703
vn 0.7616 -0.4299 0.4849
vn 0.8751 -0.4150 0.2488
vn 0.8857 -0.4643 0.0000
vn 0.7786 -0.4302 -0.4569
vn 0.6263 -0.4643 -0.6263
vn 0.4429 -0.4150 -0.7947
vn 0.2100 -0.4120 -0.8866
vn -0.2332 -0.4339 -0.8703
vn -0.4429 -0.4150 -0.7947
vn -0.9756 -0.2197 -0.0000
vn -0.9417 -0.2225 0.2523
vn -0.8449 -0.2197 0.4878
vn -0.6736 -0.2000 0.7116
vn -0.4848 -0.2206 0.8463
vn -0.2493 -0.2206 0.9430
vn -0.0235 -0.2430 0.9697
vn 0.2116 -0.2204 0.9522
vn 0.4688 -0.2356 0.8513
vn 0.6874 -0.2206 0.6920
vn 0.8430 -0.2206 0.4905
vn 0.9391 -0.2000 0.2794
vn 0.9756 -0.2197 0.0000
vn 0.9391 -0.2000 -0.2794
vn 0.8430 -0.2206 -0.4905
vn 0.6732 -0.2356 -0.7009
vn 0.4665 -0.2000 -0.8616
vn 0.2493 -0.2206 -0.9430
vn -0.0033 -0.2206 -0.9753
vn -0.2705 -0.2356 -0.9335
vn -0.5130 -0.2000 -0.8348
vn -0.6920 -0.2206 -0.6874
vn -0.8281 -0.2430 -0.5052
vn -0.9304 -0.2204 -0.2929
vn -0.9608 -0.0159 0.2766
vn -0.9994 0.0221 0.0258
vn -0.8526 0.0221 0.5220
vn -0.5220 -0.0221 0.8526
vn -0.3002 -0.0000 0.9539
vn 0.0000 0.0000 1.0000
vn 0.3002 0.0000 0.9539
vn 0.5369 0.0000 0.8437
vn 0.7369 -0.0000 0.6760
vn 0.8868 -0.0000 0.4622
vn 0.9762 0.0000 0.2169
vn 0.9994 0.0221 -0.0258
vn 0.9720 -0.0221 -0.2338
vn 0.8868 0.0000 -0.4622
vn 0.7200 0.0159 -0.6938
vn 0.5220 -0.0221 -0.8526
vn 0.2766 0.0159 -0.9608
vn 0.0000 0.0000 -1.0000
vn -0.5000 -0.0000 -0.8660
vn -0.8750 -0.0159 -0.4838
vn -0.9762 -0.0000 -0.2169
vn -0.9530 0.2000 0.2276
vn -0.9717 0.2356 -0.0196
vn -0.8513 0.2356 0.4688
vn -0.6920 0.2206 0.6874
vn -0.4914 0.1851 0.8511
vn -0.2493 0.2206 0.9430
vn -0.0000 0.2571 0.9664
vn 0.2276 0.2000 0.9530
vn 0.8430 0.2206 0.4905
vn 0.9391 0.2000 0.2794
vn 0.9717 0.2356 0.0196
vn 0.9492 0.1851 -0.2543
vn 0.8317 0.2356 -0.5028
vn 0.6691 0.2430 -0.7023
vn 0.4914 0.1851 -0.8511
vn 0.2736 0.2430 -0.9306
vn 0.0196 0.2356 -0.9717
vn -0.2493 0.2206 -0.9430
vn -0.9304 0.2204 -0.2929
vn -0.8862 0.3979 0.2374
vn -0.8919 0.4518 0.0200
vn -0.7670 0.4643 0.4428
vn -0.6428 0.4302 0.6338
vn -0.4429 0.4150 0.7947
vn -0.1957 0.4299 0.8814
vn 0.0200 0.4518 0.8919
vn 0.2374 0.3979 0.8862
vn 0.6338 0.4302 0.6428
vn 0.7786 0.4302 0.4569
vn 0.8862 0.3979 0.2374
vn 0.8857 0.4643 0.0000
vn 0.8751 0.4150 -0.2488
vn 0.7624 0.4518 -0.4633
vn 0.2100 0.4120 -0.8866
vn 0.0000 0.4643 -0.8857
vn -0.2275 0.4302 -0.8736
vn -0.4458 0.4302 -0.7850
vn -0.6530 0.4150 -0.6335
vn -0.8814 0.4299 -0.1957
vn -0.7666 0.6046 0.2163
vn -0.7860 0.6182 -0.0092
vn -0.6590 0.6379 0.3984
vn -0.5813 0.6034 0.5459
vn -0.4224 0.6179 0.6632
vn -0.2364 0.6179 0.7499
vn -0.0343 0.6179 0.7855
vn 0.1960 0.6046 0.7721
vn 0.3807 0.6483 0.6594
vn 0.5493 0.6182 0.5622
vn 0.6761 0.6182 0.4009
vn 0.7721 0.6046 0.1960
vn 0.7818 0.6235 0.0000
vn 0.7555 0.6291 -0.1826
vn 0.7028 0.6034 -0.3768
vn -0.1946 0.6182 -0.7616
vn -0.3768 0.6034 -0.7028
vn -0.5359 0.6291 -0.5630
vn -0.7568 0.6182 -0.2123
vn -0.6216 0.7832 -0.0177
vn -0.2955 0.7832 0.5471
vn -0.1364 0.7749 0.6172
vn 0.0280 0.7749 0.6315
vn 0.1905 0.7749 0.6027
vn 0.3142 0.7921 0.5233
vn 0.4385 0.7751 0.4548
vn 0.5413 0.7751 0.3258
vn 0.6164 0.7646 0.1883
vn 0.6359 0.7718 0.0000
vn 0.5868 0.7921 -0.1680
vn 0.5688 0.7540 -0.3284
vn 0.4246 0.7996 -0.4246
vn 0.1680 0.7921 -0.5868
vn 0.0177 0.7832 -0.6216
vn -0.1524 0.7751 -0.6131
vn -0.3286 0.7638 -0.5555
vn -0.4389 0.7921 -0.4242
vn -0.5413 0.7751 -0.3258
vn -0.6164 0.7646 -0.1883
vn -0.4131 0.9107 -0.0000
vn -0.3959 0.8932 0.2133
vn -0.3364 0.8796 0.3364
vn -0.1372 0.8875 0.4399
vn -0.0157 0.8977 0.4403
vn 0.1036 0.8932 0.4377
vn 0.2133 0.8932 0.3959
vn 0.3085 0.8932 0.3272
vn 0.3962 0.8892 -0.2287
vn 0.2951 0.9064 -0.3021
vn 0.0988 0.8977 -0.4293
vn -0.0050 0.9064 -0.4223
vn -0.1036 0.8932 -0.4377
vn -0.2141 0.8875 -0.4081
vn -0.3002 0.8977 -0.3224
vn -0.3827 0.8932 -0.2362
vn -0.4596 0.8796 -0.1231
vn -0.2225 0.9749 -0.0000
vn -0.2309 0.9660 0.1167
vn -0.1954 0.9611 0.1954
vn -0.0715 0.9611 0.2669
vn 0.0000 0.9749 0.2225
vn 0.0530 0.9660 0.2532
vn 0.1167 0.9660 0.2309
vn 0.1725 0.9660 0.1928
vn -0.0530 0.9660 -0.2532
vn -0.1382 0.9611 -0.2393
vn -0.1573 0.9749 -0.1573
vn -0.2165 0.9660 -0.1416
vn -0.2669 0.9611 -0.0715
s off
f 1/1/1 2/2/2 26/3/3
f 1/1/1 26/3/3 25/4/4
f 2/2/2 3/5/5 27/6/6
f 2/2/2 27/6/6 26/3/3
f 3/7/5 4/8/7 28/9/8
f 3/7/5 28/9/8 27/10/6
f 4/8/7 5/11/9 28/9/8
f 5/11/9 29/12/10 28/9/8
f 5/11/9 6/13/11 30/14/12
f 5/11/9 30/14/12 29/12/10
f 6/13/11 7/15/13 30/14/12
f 7/15/13 31/16/14 30/14/12
f 7/17/13 8/18/15 32/19/16
f 7/17/13 32/19/16 31/20/14
f 8/18/15 9/21/17 32/19/16
f 9/21/17 33/22/18 32/19/16
f 9/21/17 10/23/19 34/24/20
f 9/21/17 34/24/20 33/22/18
f 10/23/19 11/25/21 35/26/22
f 10/23/19 35/26/22 34/24/20
f 11/27/21 12/28/23 36/29/24
f 11/27/21 36/29/24 35/30/22
f 12/28/23 13/31/25 36/29/24
f 13/31/25 37/32/26 36/29/24
f 13/31/25 14/33/27 38/34/28
f 13/31/25 38/34/28 37/32/26
f 14/33/27 15/35/29 38/34/28
f 15/35/29 39/36/30 38/34/28
f 15/35/29 16/37/31 40/38/32
f 15/35/29 40/38/32 39/36/30
f 16/39/31 17/40/33 40/41/32
f 17/40/33 41/42/34 40/41/32
f 17/40/33 18/43/35 42/44/36
f 17/40/33 42/44/36 41/42/34
f 18/43/35 19/45/37 42/44/36
f 19/45/37 43/46/38 42/44/36
f 19/45/37 20/47/39 43/46/38
f 20/47/39 44/48/40 43/46/38
f 20/47/39 21/49/41 45/50/42
f 20/47/39 45/50/42 44/48/40
f 21/49/41 22/51/43 46/52/44
f 21/49/41 46/52/44 45/50/42
f 22/53/43 23/54/45 47/55/46
f 22/53/43 47/55/46 46/56/44
f 23/54/45 24/57/47 48/58/48
f 23/54/45 48/58/48 47/55/46
f 24/57/47 1/1/1 25/4/4
f 24/57/47 25/4/4 48/58/48
f 25/4/4 26/3/3 50/59/49
f 25/4/4 50/59/49 49/60/50
f 26/3/3 27/6/6 51/61/51
f 26/3/3 51/61/51 50/59/49
f 27/6/6 28/62/8 51/61/51
f 28/62/8 52/63/52 51/61/51
f 28/9/8 29/12/10 52/64/52
f 29/12/10 53/65/53 52/64/52
f 29/66/10 30/67/12 54/68/54
f 29/66/10 54/68/54 53/69/53
f 30/67/12 31/70/14 55/71/55
f 30/67/12 55/71/55 54/68/54
f 31/70/14 32/72/16 56/73/56
f 31/70/14 56/73/56 55/71/55
f 32/72/16 33/74/18 57/75/57
f 32/72/16 57/75/57 56/73/56
f 33/74/18 34/76/20 57/75/57
f 34/76/20 58/77/58 57/75/57
f 34/78/20 35/30/22 59/79/59
f 34/78/20 59/79/59 58/80/58
f 35/30/22 36/29/24 59/79/59
f 36/29/24 60/81/60 59/79/59
f 36/29/24 37/32/26 61/82/61
f 36/29/24 61/82/61 60/81/60
f 37/32/26 38/34/28 62/83/62
f 37/32/26 62/83/62 61/82/61
f 38/34/28 39/36/30 63/84/63
f 38/34/28 63/84/63 62/83/62
f 39/36/30 40/38/32 64/85/64
f 39/36/30 64/85/64 63/84/63
f 40/86/32 41/87/34 64/88/64
f 41/87/34 65/89/65 64/88/64
f 41/87/34 42/90/36 66/91/66
f 41/87/34 66/91/66 65/89/65
f 42/90/36 43/92/38 67/93/67
f 42/90/36 67/93/67 66/91/66
f 43/92/38 44/94/40 67/93/67
f 44/94/40 68/95/68 67/93/67
f 44/94/40 45/96/42 69/97/69
f 44/94/40 69/97/69 68/95/68
f 45/98/42 46/56/44 70/99/70
f 45/98/42 70/99/70 69/100/69
f 46/56/44 47/55/46 70/99/70
f 47/55/46 71/101/71 70/99/70
f 47/55/46 48/58/48 72/102/72
f 47/55/46 72/102/72 71/101/71
f 48/58/48 25/4/4 49/60/50
f 48/58/48 49/60/50 72/102/72
f 49/103/50 50/104/49 74/105/73
f 49/103/50 74/105/73 73/106/74
f 50/104/49 51/107/51 75/108/75
f 50/104/49 75/108/75 74/105/73
f 51/107/51 52/109/52 76/110/76
f 51/107/51 76/110/76 75/108/75
f 52/64/52 53/65/53 77/111/77
f 52/64/52 77/111/77 76/112/76
f 53/69/53 54/68/54 78/113/78
f 53/69/53 78/113/78 77/114/77
f 54/68/54 55/71/55 79/115/79
f 54/68/54 79/115/79 78/113/78
f 55/71/55 56/73/56 79/115/79
f 56/73/56 80/116/80 79/115/79
f 56/73/56 57/75/57 81/117/81
f 56/73/56 81/117/81 80/116/80
f 57/75/57 58/77/58 82/118/82
f 57/75/57 82/118/82 81/117/81
f 58/119/58 59/120/59 83/121/83
f 58/119/58 83/121/83 82/122/82
f 59/120/59 60/123/60 84/124/84
f 59/120/59 84/124/84 83/121/83
f 60/123/60 61/125/61 85/126/85
f 60/123/60 85/126/85 84/124/84
f 61/82/61 62/83/62 85/127/85
f 62/83/62 86/128/86 85/127/85
f 62/129/62 63/130/63 87/131/87
f 62/129/62 87/131/87 86/132/86
f 63/130/63 64/133/64 88/134/88
f 63/130/63 88/134/88 87/131/87
f 64/133/64 65/135/65 88/134/88
f 65/135/65 89/136/89 88/134/88
f 65/89/65 66/91/66 90/137/90
f 65/89/65 90/137/90 89/138/89
f 66/91/66 67/93/67 91/139/91
f 66/91/66 91/139/91 90/137/90
f 67/93/67 68/95/68 91/139/91
f 68/95/68 92/140/92 91/139/91
f 68/95/68 69/97/69 93/141/93
f 68/95/68 93/141/93 92/140/92
f 69/142/69 70/143/70 93/144/93
f 70/143/70 94/145/94 93/144/93
f 70/143/70 71/146/71 95/147/95
f 70/143/70 95/147/95 94/145/94
f 71/146/71 72/148/72 96/149/96
f 71/146/71 96/149/96 95/147/95
f 72/102/72 49/60/50 73/150/74
f 72/102/72 73/150/74 96/151/96
f 73/106/74 74/105/73 97/152/97
f 74/105/73 98/153/98 97/152/97
f 74/105/73 75/108/75 98/153/98
f 75/108/75 99/154/99 98/153/98
f 75/108/75 76/110/76 99/154/99
f 76/110/76 100/155/100 99/154/99
f 76/156/76 77/157/77 101/158/101
f 76/156/76 101/158/101 100/159/100
f 77/157/77 78/160/78 101/158/101
f 78/160/78 102/161/102 101/158/101
f 78/160/78 79/162/79 103/163/103
f 78/160/78 103/163/103 102/161/102
f 79/115/79 80/116/80 103/164/103
f 80/116/80 104/165/104 103/164/103
f 80/116/80 81/117/81 105/166/105
f 80/116/80 105/166/105 104/165/104
f 81/167/81 82/122/82 105/168/105
f 82/122/82 106/169/106 105/168/105
f 82/122/82 83/121/83 107/170/107
f 82/122/82 107/170/107 106/169/106
f 83/121/83 84/124/84 108/171/108
f 83/121/83 108/171/108 107/170/107
f 84/124/84 85/126/85 109/172/109
f 84/124/84 109/172/109 108/171/108
f 85/173/85 86/132/86 109/174/109
f 86/132/86 110/175/110 109/174/109
f 86/132/86 87/131/87 111/176/111
f 86/132/86 111/176/111 110/175/110
f 87/131/87 88/134/88 111/176/111
f 88/134/88 112/177/112 111/176/111
f 88/134/88 89/136/89 113/178/113
f 88/134/88 113/178/113 112/177/112
f 89/136/89 90/179/90 114/180/114
f 89/136/89 114/180/114 113/178/113
f 90/137/90 91/139/91 115/181/115
f 90/137/90 115/181/115 114/182/114
f 91/139/91 92/140/92 115/181/115
f 92/140/92 116/183/116 115/181/115
f 92/184/92 93/144/93 116/185/116
f 93/144/93 117/186/117 116/185/116
f 93/144/93 94/145/94 118/187/118
f 93/144/93 118/187/118 117/186/117
f 94/145/94 95/147/95 118/187/118
f 95/147/95 119/188/119 118/187/118
f 95/147/95 96/149/96 119/188/119
f 96/149/96 120/189/120 119/188/119
f 96/190/96 73/106/74 97/152/97
f 96/190/96 97/152/97 120/191/120
f 97/192/97 98/193/98 121/194/121
f 98/193/98 122/195/122 121/194/121
f 98/153/98 99/154/99 123/196/123
f 98/153/98 123/196/123 122/197/122
f 99/198/99 100/159/100 124/199/124
f 99/198/99 124/199/124 123/200/123
f 100/159/100 101/158/101 124/199/124
f 101/158/101 125/201/125 124/199/124
f 101/158/101 102/161/102 126/202/126
f 101/158/101 126/202/126 125/201/125
f 102/161/102 103/163/103 127/203/127
f 102/161/102 127/203/127 126/202/126
f 103/163/103 104/204/104 128/205/128
f 103/163/103 128/205/128 127/203/127
f 104/206/104 105/207/105 129/208/129
f 104/206/104 129/208/129 128/209/128
f 105/207/105 106/210/106 129/208/129
f 106/210/106 130/211/130 129/208/129
f 106/210/106 107/212/107 130/211/130
f 107/212/107 131/213/131 130/211/130
f 107/170/107 108/171/108 132/214/132
f 107/170/107 132/214/132 131/215/131
f 108/216/108 109/217/109 132/218/132
f 109/217/109 133/219/133 132/218/132
f 109/217/109 110/220/110 133/219/133
f 110/220/110 134/221/134 133/219/133
f 110/220/110 111/222/111 135/223/135
f 110/220/110 135/223/135 134/221/134
f 111/176/111 112/177/112 136/224/136
f 111/176/111 136/224/136 135/225/135
f 112/226/112 113/227/113 136/228/136
f 113/227/113 137/229/137 136/228/136
f 113/227/113 114/230/114 138/231/138
f 113/227/113 138/231/138 137/229/137
f 114/230/114 115/232/115 139/233/139
f 114/230/114 139/233/139 138/231/138
f 115/234/115 116/235/116 140/236/140
f 115/234/115 140/236/140 139/237/139
f 116/235/116 117/238/117 141/239/141
f 116/235/116 141/239/141 140/236/140
f 117/238/117 118/240/118 142/241/142
f 117/238/117 142/241/142 141/239/141
f 118/187/118 119/188/119 143/242/143
f 118/187/118 143/242/143 142/243/142
f 119/244/119 120/245/120 144/246/144
f 119/244/119 144/246/144 143/247/143
f 120/245/120 97/192/97 121/194/121
f 120/245/120 121/194/121 144/246/144
f 121/194/121 122/195/122 146/248/145
f 121/194/121 146/248/145 145/249/146
f 122/195/122 123/250/123 147/251/147
f 122/195/122 147/251/147 146/248/145
f 123/200/123 124/199/124 148/252/148
f 123/200/123 148/252/148 147/253/147
f 124/199/124 125/201/125 149/254/149
f 124/199/124 149/254/149 148/252/148
f 125/201/125 126/202/126 150/255/150
f 125/201/125 150/255/150 149/254/149
f 126/202/126 127/203/127 150/255/150
f 127/203/127 151/256/151 150/255/150
f 127/203/127 128/205/128 152/257/152
f 127/203/127 152/257/152 151/256/151
f 128/209/128 129/208/129 153/258/153
f 128/209/128 153/258/153 152/259/152
f 129/208/129 130/211/130 154/260/154
f 129/208/129 154/260/154 153/258/153
f 130/211/130 131/213/131 155/261/155
f 130/211/130 155/261/155 154/260/154
f 131/262/131 132/218/132 156/263/156
f 131/262/131 156/263/156 155/264/155
f 132/218/132 133/219/133 157/265/157
f 132/218/132 157/265/157 156/263/156
f 133/219/133 134/221/134 157/265/157
f 134/221/134 158/266/158 157/265/157
f 134/221/134 135/223/135 159/267/159
f 134/221/134 159/267/159 158/266/158
f 135/268/135 136/228/136 159/269/159
f 136/228/136 160/270/160 159/269/159
f 136/228/136 137/229/137 160/270/160
f 137/229/137 161/271/161 160/270/160
f 137/229/137 138/231/138 161/271/161
f 138/231/138 162/272/162 161/271/161
f 138/231/138 139/233/139 163/273/163
f 138/231/138 163/273/163 162/272/162
f 139/233/139 140/274/140 163/273/163
f 140/274/140 164/275/164 163/273/163
f 140/236/140 141/239/141 164/276/164
f 141/239/141 165/277/165 164/276/164
f 141/239/141 142/241/142 165/277/165
f 142/241/142 166/278/166 165/277/165
f 142/279/142 143/247/143 166/280/166
f 143/247/143 167/281/167 166/280/166
f 143/247/143 144/246/144 168/282/168
f 143/247/143 168/282/168 167/281/167
f 144/246/144 121/194/121 145/249/146
f 144/246/144 145/249/146 168/282/168
f 145/249/146 146/248/145 170/283/169
f 145/249/146 170/283/169 169/284/170
f 146/248/145 147/251/147 170/283/169
f 147/251/147 171/285/171 170/283/169
f 147/253/147 148/252/148 172/286/172
f 147/253/147 172/286/172 171/287/171
f 148/252/148 149/254/149 172/286/172
f 149/254/149 173/288/173 172/286/172
f 149/254/149 150/255/150 174/289/174
f 149/254/149 174/289/174 173/288/173
f 150/255/150 151/256/151 175/290/175
f 150/255/150 175/290/175 174/289/174
f 151/256/151 152/257/152 176/291/176
f 151/256/151 176/291/176 175/290/175
f 152/259/152 153/258/153 177/292/177
f 152/259/152 177/292/177 176/293/176
f 153/258/153 154/260/154 178/294/178
f 153/258/153 178/294/178 177/292/177
f 154/260/154 155/261/155 179/295/179
f 154/260/154 179/295/179 178/294/178
f 155/264/155 156/263/156 180/296/180
f 155/264/155 180/296/180 179/297/179
f 156/263/156 157/265/157 181/298/181
f 156/263/156 181/298/181 180/296/180
f 157/265/157 158/266/158 182/299/182
f 157/265/157 182/299/182 181/298/181
f 158/266/158 159/267/159 183/300/183
f 158/266/158 183/300/183 182/299/182
f 159/269/159 160/270/160 184/301/184
f 159/269/159 184/301/184 183/302/183
f 160/270/160 161/271/161 185/303/185
f 160/270/160 185/303/185 184/301/184
f 161/271/161 162/272/162 186/304/186
f 161/271/161 186/304/186 185/303/185
f 162/272/162 163/273/163 187/305/187
f 162/272/162 187/305/187 186/304/186
f 163/273/163 164/275/164 188/306/188
f 163/273/163 188/306/188 187/305/187
f 164/276/164 165/277/165 189/307/189
f 164/276/164 189/307/189 188/308/188
f 165/277/165 166/278/166 190/309/190
f 165/277/165 190/309/190 189/307/189
f 166/280/166 167/281/167 191/310/191
f 166/280/166 191/310/191 190/311/190
f 167/281/167 168/282/168 192/312/192
f 167/281/167 192/312/192 191/310/191
f 168/282/168 145/249/146 192/312/192
f 145/249/146 169/284/170 192/312/192
f 169/284/170 170/283/169 194/313/193
f 169/284/170 194/313/193 193/314/194
f 170/283/169 171/285/171 195/315/195
f 170/283/169 195/315/195 194/313/193
f 171/316/171 172/317/172 196/318/196
f 171/316/171 196/318/196 195/319/195
f 172/286/172 173/288/173 197/320/197
f 172/286/172 197/320/197 196/321/196
f 173/288/173 174/289/174 197/320/197
f 174/289/174 198/322/198 197/320/197
f 174/289/174 175/290/175 199/323/199
f 174/289/174 199/323/199 198/322/198
f 175/324/175 176/293/176 199/325/199
f 176/293/176 200/326/200 199/325/199
f 176/293/176 177/292/177 200/326/200
f 177/292/177 201/327/201 200/326/200
f 177/292/177 178/294/178 202/328/202
f 177/292/177 202/328/202 201/327/201
f 178/294/178 179/295/179 203/329/203
f 178/294/178 203/329/203 202/328/202
f 179/297/179 180/296/180 203/330/203
f 180/296/180 204/331/204 203/330/203
f 180/296/180 181/298/181 205/332/205
f 180/296/180 205/332/205 204/331/204
f 181/298/181 182/299/182 206/333/206
f 181/298/181 206/333/206 205/332/205
f 182/299/182 183/300/183 206/333/206
f 183/300/183 207/334/207 206/333/206
f 183/302/183 184/301/184 208/335/208
f 183/302/183 208/335/208 207/336/207
f 184/301/184 185/303/185 209/337/209
f 184/301/184 209/337/209 208/335/208
f 185/303/185 186/304/186 209/337/209
f 186/304/186 210/338/210 209/337/209
f 186/304/186 187/305/187 211/339/211
f 186/304/186 211/339/211 210/338/210
f 187/305/187 188/306/188 211/339/211
f 188/306/188 212/340/212 211/339/211
f 188/308/188 189/307/189 213/341/213
f 188/308/188 213/341/213 212/342/212
f 189/307/189 190/309/190 214/343/214
f 189/307/189 214/343/214 213/341/213
f 190/311/190 191/310/191 214/344/214
f 191/310/191 215/345/215 214/344/214
f 191/310/191 192/312/192 215/345/215
f 192/312/192 216/346/216 215/345/215
f 192/312/192 169/284/170 216/346/216
f 169/284/170 193/314/194 216/346/216
f 193/314/194 194/313/193 218/347/217
f 193/314/194 218/347/217 217/348/218
f 194/349/193 195/319/195 219/350/219
f 194/349/193 219/350/219 218/351/217
f 195/319/195 196/318/196 220/352/220
f 195/319/195 220/352/220 219/350/219
f 196/318/196 197/353/197 220/352/220
f 197/353/197 221/354/221 220/352/220
f 197/353/197 198/355/198 222/356/222
f 197/353/197 222/356/222 221/354/221
f 198/357/198 199/358/199 222/359/222
f 199/358/199 223/360/223 222/359/222
f 199/358/199 200/361/200 224/362/224
f 199/358/199 224/362/224 223/360/223
f 200/326/200 201/327/201 224/363/224
f 201/327/201 225/364/225 224/363/224
f 201/327/201 202/328/202 226/365/226
f 201/327/201 226/365/226 225/364/225
f 202/328/202 203/329/203 226/365/226
f 203/329/203 227/366/227 226/365/226
f 203/367/203 204/368/204 227/369/227
f 204/368/204 228/370/228 227/369/227
f 204/331/204 205/332/205 229/371/229
f 204/331/204 229/371/229 228/372/228
f 205/332/205 206/333/206 230/373/230
f 205/332/205 230/373/230 229/371/229
f 206/333/206 207/334/207 230/373/230
f 207/334/207 231/374/231 230/373/230
f 207/375/207 208/376/208 232/377/232
f 207/375/207 232/377/232 231/378/231
f 208/335/208 209/337/209 233/379/233
f 208/335/208 233/379/233 232/380/232
f 209/337/209 210/338/210 234/381/234
f 209/337/209 234/381/234 233/379/233
f 210/338/210 211/339/211 234/381/234
f 211/339/211 235/382/235 234/381/234
f 211/383/211 212/342/212 236/384/236
f 211/383/211 236/384/236 235/385/235
f 212/342/212 213/341/213 237/386/237
f 212/342/212 237/386/237 236/384/236
f 213/341/213 214/343/214 237/386/237
f 214/343/214 238/387/238 237/386/237
f 214/388/214 215/389/215 239/390/239
f 214/388/214 239/390/239 238/391/238
f 215/345/215 216/346/216 240/392/240
f 215/345/215 240/392/240 239/393/239
f 216/346/216 193/314/194 240/392/240
f 193/314/194 217/348/218 240/392/240
f 217/394/218 218/395/217 242/396/241
f 217/394/218 242/396/241 241/397/242
f 218/351/217 219/350/219 243/398/243
f 218/351/217 243/398/243 242/399/241
f 219/350/219 220/352/220 244/400/244
f 219/350/219 244/400/244 243/398/243
f 220/352/220 221/354/221 244/400/244
f 221/354/221 245/401/245 244/400/244
f 221/402/221 222/359/222 246/403/246
f 221/402/221 246/403/246 245/404/245
f 222/359/222 223/360/223 246/403/246
f 223/360/223 247/405/247 246/403/246
f 223/360/223 224/362/224 248/406/248
f 223/360/223 248/406/248 247/405/247
f 224/362/224 225/407/225 248/406/248
f 225/407/225 249/408/249 248/406/248
f 225/407/225 226/409/226 249/408/249
f 226/409/226 250/410/250 249/408/249
f 226/411/226 227/369/227 251/412/251
f 226/411/226 251/412/251 250/413/250
f 227/369/227 228/370/228 251/412/251
f 228/370/228 252/414/252 251/412/251
f 228/370/228 229/415/229 252/414/252
f 229/415/229 253/416/253 252/414/252
f 229/417/229 230/418/230 254/419/254
f 229/417/229 254/419/254 253/420/253
f 230/418/230 231/378/231 255/421/255
f 230/418/230 255/421/255 254/419/254
f 231/378/231 232/377/232 255/421/255
f 232/377/232 256/422/256 255/421/255
f 232/377/232 233/423/233 257/424/257
f 232/377/232 257/424/257 256/422/256
f 233/423/233 234/425/234 257/424/257
f 234/425/234 258/426/258 257/424/257
f 234/427/234 235/428/235 259/429/259
f 234/427/234 259/429/259 258/430/258
f 235/428/235 236/431/236 260/432/260
f 235/428/235 260/432/260 259/429/259
f 236/433/236 237/434/237 260/435/260
f 237/434/237 261/436/261 260/435/260
f 237/434/237 238/391/238 262/437/262
f 237/434/237 262/437/262 261/436/261
f 238/391/238 239/390/239 263/438/263
f 238/391/238 263/438/263 262/437/262
f 239/390/239 240/439/240 264/440/264
f 239/390/239 264/440/264 263/438/263
f 240/439/240 217/441/218 241/442/242
f 240/439/240 241/442/242 264/440/264
f 241/397/242 242/396/241 266/443/265
f 241/397/242 266/443/265 265/444/266
f 242/396/241 243/445/243 267/446/267
f 242/396/241 267/446/267 266/443/265
f 243/445/243 244/447/244 268/448/268
f 243/445/243 268/448/268 267/446/267
f 244/447/244 245/449/245 268/448/268
f 245/449/245 269/450/269 268/448/268
f 245/404/245 246/403/246 270/451/270
f 245/404/245 270/451/270 269/452/269
f 246/403/246 247/405/247 271/453/271
f 246/403/246 271/453/271 270/451/270
f 247/405/247 248/406/248 272/454/272
f 247/405/247 272/454/272 271/453/271
f 248/406/248 249/408/249 273/455/273
f 248/406/248 273/455/273 272/454/272
f 249/408/249 250/410/250 273/455/273
f 250/410/250 274/456/274 273/455/273
f 250/413/250 251/412/251 275/457/275
f 250/413/250 275/457/275 274/458/274
f 251/412/251 252/414/252 276/459/276
f 251/412/251 276/459/276 275/457/275
f 252/414/252 253/416/253 276/459/276
f 253/416/253 277/460/277 276/459/276
f 253/420/253 254/419/254 278/461/278
f 253/420/253 278/461/278 277/462/277
f 254/419/254 255/421/255 279/463/279
f 254/419/254 279/463/279 278/461/278
f 255/421/255 256/422/256 280/464/280
f 255/421/255 280/464/280 279/463/279
f 256/422/256 257/424/257 281/465/281
f 256/422/256 281/465/281 280/464/280
f 257/424/257 258/426/258 281/465/281
f 258/426/258 282/466/282 281/465/281
f 258/430/258 259/429/259 283/467/283
f 258/430/258 283/467/283 282/468/282
f 259/429/259 260/432/260 284/469/284
f 259/429/259 284/469/284 283/467/283
f 260/435/260 261/436/261 284/470/284
f 261/436/261 285/471/285 284/470/284
f 261/436/261 262/437/262 285/471/285
f 262/437/262 286/472/286 285/471/285
f 262/437/262 263/438/263 286/472/286
f 263/438/263 287/473/287 286/472/286
f 263/438/263 264/440/264 288/474/288
f 263/438/263 288/474/288 287/473/287
f 264/440/264 241/442/242 265/475/266
f 264/440/264 265/475/266 288/474/288
f 265/444/266 266/443/265 290/476/289
f 265/444/266 290/476/289 289/477/290
f 266/443/265 267/446/267 291/478/291
f 266/443/265 291/478/291 290/476/289
f 267/446/267 268/448/268 291/478/291
f 268/448/268 292/479/292 291/478/291
f 268/480/268 269/481/269 292/482/292
f 269/481/269 293/483/293 292/482/292
f 269/484/269 270/485/270 294/486/294
f 269/484/269 294/486/294 293/487/293
f 270/485/270 271/488/271 295/489/295
f 270/485/270 295/489/295 294/486/294
f 271/488/271 272/490/272 295/489/295
f 272/490/272 296/491/296 295/489/295
f 272/490/272 273/492/273 297/493/297
f 272/490/272 297/493/297 296/491/296
f 273/492/273 274/494/274 297/493/297
f 274/494/274 298/495/298 297/493/297
f 274/494/274 275/496/275 299/497/299
f 274/494/274 299/497/299 298/495/298
f 275/496/275 276/498/276 299/497/299
f 276/498/276 300/499/300 299/497/299
f 276/498/276 277/500/277 301/501/301
f 276/498/276 301/501/301 300/499/300
f 277/500/277 278/502/278 302/503/302
f 277/500/277 302/503/302 301/501/301
f 278/502/278 279/504/279 302/503/302
f 279/504/279 303/505/303 302/503/302
f 279/504/279 280/506/280 304/507/304
f 279/504/279 304/507/304 303/505/303
f 280/506/280 281/508/281 305/509/305
f 280/506/280 305/509/305 304/507/304
f 281/510/281 282/468/282 305/511/305
f 282/468/282 306/512/306 305/511/305
f 282/468/282 283/467/283 307/513/307
f 282/468/282 307/513/307 306/512/306
f 283/467/283 284/469/284 308/514/308
f 283/467/283 308/514/308 307/513/307
f 284/469/284 285/515/285 308/514/308
f 285/515/285 309/516/309 308/514/308
f 285/515/285 286/517/286 310/518/310
f 285/515/285 310/518/310 309/516/309
f 286/519/286 287/520/287 310/521/310
f 287/520/287 311/522/311 310/521/310
f 287/523/287 288/524/288 312/525/312
f 287/523/287 312/525/312 311/526/311
f 288/524/288 265/444/266 289/477/290
f 288/524/288 289/477/290 312/525/312
f 313/527/313 2/528/2 1/529/1
f 313/527/313 3/530/5 2/528/2
f 313/527/313 4/531/7 3/530/5
f 313/527/313 5/532/9 4/531/7
f 313/527/313 6/533/11 5/532/9
f 313/527/313 7/534/13 6/533/11
f 313/527/313 8/535/15 7/534/13
f 313/527/313 9/536/17 8/535/15
f 313/527/313 10/537/19 9/536/17
f 313/527/313 11/538/21 10/537/19
f 313/527/313 12/539/23 11/538/21
f 313/527/313 13/540/25 12/539/23
f 313/527/313 14/541/27 13/540/25
f 313/527/313 15/542/29 14/541/27
f 313/527/313 16/39/31 15/542/29
f 313/527/313 17/40/33 16/39/31
f 313/527/313 18/43/35 17/40/33
f 313/527/313 19/45/37 18/43/35
f 313/527/313 20/47/39 19/45/37
f 313/527/313 21/49/41 20/47/39
f 313/527/313 22/51/43 21/49/41
f 313/527/313 23/543/45 22/51/43
f 313/527/313 24/544/47 23/543/45
f 313/527/313 1/529/1 24/544/47
f 314/545/314 289/546/290 290/547/289
f 314/545/314 290/547/289 291/548/291
f 314/545/314 291/548/291 292/549/292
f 314/545/314 292/549/292 293/487/293
f 314/545/314 293/487/293 294/486/294
f 314/545/314 294/486/294 295/489/295
f 314/545/314 295/489/295 296/491/296
f 314/545/314 296/491/296 297/493/297
f 314/545/314 297/493/297 298/495/298
f 314/545/314 298/495/298 299/497/299
f 314/545/314 299/497/299 300/499/300
f 314/545/314 300/499/300 301/501/301
f 314/545/314 301/501/301 302/503/302
f 314/545/314 302/503/302 303/505/303
f 314/545/314 303/505/303 304/507/304
f 314/545/314 304/507/304 305/509/305
f 314/545/314 305/509/305 306/550/306
f 314/545/314 306/550/306 307/551/307
f 314/545/314 307/551/307 308/552/308
f 314/545/314 308/552/308 309/553/309
f 314/545/314 309/553/309 310/554/310
f 314/545/314 310/554/310 311/555/311
f 314/545/314 311/555/311 312/556/312
f 314/545/314 312/556/312 289/546/290
f 315/557/152 328/558/152 316/559/152
f 315/557/152 327/560/152 328/558/152
f 316/557/154 329/558/154 317/559/154
f 316/557/154 328/560/154 329/558/154
f 317/557/156 330/558/156 318/559/156
f 317/557/156 329/560/156 330/558/156
f 318/557/315 331/558/315 319/559/315
f 318/557/315 330/560/315 331/558/315
f 319/557/316 332/558/316 320/559/316
f 319/557/316 331/560/316 332/558/316
f 320/557/317 333/558/317 321/559/317
f 320/557/317 332/560/317 333/558/317
f 321/557/318 334/558/318 322/559/318
f 321/557/318 333/560/318 334/558/318
f 322/557/319 335/558/319 323/559/319
f 322/557/319 334/560/319 335/558/319
f 323/557/320 336/558/320 324/559/320
f 323/557/320 335/560/320 336/558/320
f 324/557/321 337/558/321 325/559/321
f 324/557/321 336/560/321 337/558/321
f 325/557/322 338/558/322 326/559/322
f 325/557/322 337/560/322 338/558/322
f 326/557/323 327/558/323 315/559/323
f 326/557/323 338/560/323 327/558/323
f 326/561/314 315/562/314 316/563/314
f 326/561/314 316/563/314 317/564/314
f 325/565/314 326/561/314 317/564/314
f 324/566/314 325/565/314 317/564/314
f 324/566/314 317/564/314 318/567/314
f 323/568/314 324/566/314 318/567/314
f 323/568/314 318/567/314 319/569/314
f 323/568/314 319/569/314 320/570/314
f 322/571/314 323/568/314 320/570/314
f 320/570/314 321/572/314 322/571/314
f 338/571/313 328/570/313 327/572/313
f 338/571/313 329/569/313 328/570/313
f 337/568/313 329/569/313 338/571/313
f 336/566/313 329/569/313 337/568/313
f 336/566/313 330/567/313 329/569/313
f 335/565/313 330/567/313 336/566/313
f 335/565/313 331/564/313 330/567/313
f 335/565/313 332/563/313 331/564/313
f 334/561/313 332/563/313 335/565/313
f 332/563/313 334/561/313 333/562/313
f 339/573/324 340/574/325 363/575/326
f 340/574/325 364/576/327 363/575/326
f 340/574/325 341/577/5 365/578/328
f 340/574/325 365/578/328 364/576/327
f 341/579/5 342/580/7 366/581/329
f 341/579/5 366/581/329 365/582/328
f 342/580/7 343/583/9 366/581/329
f 343/583/9 367/584/330 366/581/329
f 343/583/9 344/585/331 368/586/332
f 343/583/9 368/586/332 367/584/330
f 344/585/331 345/587/333 369/588/334
f 344/585/331 369/588/334 368/586/332
f 345/587/333 346/589/335 370/590/336
f 345/587/333 370/590/336 369/588/334
f 346/591/335 347/592/337 371/593/338
f 346/591/335 371/593/338 370/594/336
f 347/592/337 348/595/339 372/596/340
f 347/592/337 372/596/340 371/593/338
f 348/595/339 349/597/341 372/596/340
f 349/597/341 373/598/342 372/596/340
f 349/599/341 350/600/23 374/601/343
f 349/599/341 374/601/343 373/602/342
f 350/600/23 351/603/25 374/601/343
f 351/603/25 375/604/344 374/601/343
f 351/603/25 352/605/345 376/606/346
f 351/603/25 376/606/346 375/604/344
f 352/605/345 353/607/347 377/608/348
f 352/605/345 377/608/348 376/606/346
f 353/607/347 354/609/349 378/610/350
f 353/607/347 378/610/350 377/608/348
f 354/611/349 355/612/351 379/613/352
f 354/611/349 379/613/352 378/614/350
f 355/615/351 356/616/35 380/617/36
f 355/615/351 380/617/36 379/618/352
f 356/619/35 357/620/353 380/621/36
f 357/620/353 381/622/354 380/621/36
f 357/620/353 358/623/355 382/624/356
f 357/620/353 382/624/356 381/622/354
f 358/623/355 359/625/357 382/624/356
f 359/625/357 383/626/358 382/624/356
f 359/625/357 360/627/43 384/628/359
f 359/625/357 384/628/359 383/626/358
f 360/627/43 361/629/360 385/630/361
f 360/627/43 385/630/361 384/628/359
f 361/631/360 362/632/362 385/633/361
f 362/632/362 386/634/363 385/633/361
f 362/632/362 339/573/324 363/575/326
f 362/632/362 363/575/326 386/634/363
f 363/635/326 364/636/327 388/637/364
f 363/635/326 388/637/364 387/638/365
f 364/636/327 365/639/328 388/637/364
f 365/639/328 389/640/366 388/637/364
f 365/639/328 366/641/329 389/640/366
f 366/641/329 390/642/367 389/640/366
f 366/581/329 367/584/330 391/643/368
f 366/581/329 391/643/368 390/644/367
f 367/584/330 368/586/332 392/645/369
f 367/584/330 392/645/369 391/643/368
f 368/586/332 369/588/334 392/645/369
f 369/588/334 393/646/370 392/645/369
f 369/588/334 370/590/336 394/647/371
f 369/588/334 394/647/371 393/646/370
f 370/648/336 371/649/338 394/650/371
f 371/649/338 395/651/372 394/650/371
f 371/649/338 372/652/340 396/653/373
f 371/649/338 396/653/373 395/651/372
f 372/652/340 373/654/342 397/655/374
f 372/652/340 397/655/374 396/653/373
f 373/654/342 374/656/343 398/657/375
f 373/654/342 398/657/375 397/655/374
f 374/656/343 375/658/344 399/659/376
f 374/656/343 399/659/376 398/657/375
f 375/604/344 376/606/346 399/660/376
f 376/606/346 400/661/377 399/660/376
f 376/606/346 377/608/348 401/662/63
f 376/606/346 401/662/63 400/661/377
f 377/663/348 378/664/350 402/665/378
f 377/663/348 402/665/378 401/666/63
f 378/664/350 379/667/352 403/668/379
f 378/664/350 403/668/379 402/665/378
f 379/667/352 380/669/36 404/670/380
f 379/667/352 404/670/380 403/668/379
f 380/669/36 381/671/354 405/672/381
f 380/669/36 405/672/381 404/670/380
f 381/671/354 382/673/356 406/674/382
f 381/671/354 406/674/382 405/672/381
f 382/624/356 383/626/358 406/675/382
f 383/626/358 407/676/383 406/675/382
f 383/626/358 384/628/359 407/676/383
f 384/628/359 408/677/384 407/676/383
f 384/628/359 385/630/361 408/677/384
f 385/630/361 409/678/385 408/677/384
f 385/679/361 386/680/363 409/681/385
f 386/680/363 410/682/386 409/681/385
f 386/680/363 363/635/326 387/638/365
f 386/680/363 387/638/365 410/682/386
f 387/638/365 388/637/364 412/683/387
f 387/638/365 412/683/387 411/684/388
f 388/637/364 389/640/366 412/683/387
f 389/640/366 413/685/389 412/683/387
f 389/640/366 390/642/367 413/685/389
f 390/642/367 414/686/390 413/685/389
f 390/644/367 391/643/368 415/687/77
f 390/644/367 415/687/77 414/688/390
f 391/643/368 392/645/369 416/689/391
f 391/643/368 416/689/391 415/687/77
f 392/645/369 393/646/370 416/689/391
f 393/646/370 417/690/392 416/689/391
f 393/646/370 394/647/371 418/691/393
f 393/646/370 418/691/393 417/690/392
f 394/650/371 395/651/372 419/692/81
f 394/650/371 419/692/81 418/693/393
f 395/651/372 396/653/373 420/694/394
f 395/651/372 420/694/394 419/692/81
f 396/653/373 397/655/374 420/694/394
f 397/655/374 421/695/395 420/694/394
f 397/655/374 398/657/375 421/695/395
f 398/657/375 422/696/396 421/695/395
f 398/657/375 399/659/376 422/696/396
f 399/659/376 423/697/397 422/696/396
f 399/660/376 400/661/377 424/698/398
f 399/660/376 424/698/398 423/699/397
f 400/661/377 401/662/63 425/700/399
f 400/661/377 425/700/399 424/698/398
f 401/666/63 402/665/378 426/701/400
f 401/666/63 426/701/400 425/702/399
f 402/665/378 403/668/379 426/701/400
f 403/668/379 427/703/401 426/701/400
f 403/668/379 404/670/380 428/704/402
f 403/668/379 428/704/402 427/703/401
f 404/670/380 405/672/381 428/704/402
f 405/672/381 429/705/403 428/704/402
f 405/672/381 406/674/382 430/706/404
f 405/672/381 430/706/404 429/705/403
f 406/675/382 407/676/383 430/707/404
f 407/676/383 431/708/405 430/707/404
f 407/709/383 408/710/384 432/711/406
f 407/709/383 432/711/406 431/712/405
f 408/710/384 409/713/385 433/714/95
f 408/710/384 433/714/95 432/711/406
f 409/713/385 410/715/386 434/716/407
f 409/713/385 434/716/407 433/714/95
f 410/682/386 387/638/365 434/717/407
f 387/638/365 411/684/388 434/717/407
f 411/684/388 412/683/387 436/718/408
f 411/684/388 436/718/408 435/719/409
f 412/720/387 413/721/389 437/722/410
f 412/720/387 437/722/410 436/723/408
f 413/721/389 414/724/390 437/722/410
f 414/724/390 438/725/411 437/722/410
f 414/724/390 415/726/77 439/727/412
f 414/724/390 439/727/412 438/725/411
f 415/728/77 416/729/391 439/730/412
f 416/729/391 440/731/102 439/730/412
f 416/729/391 417/732/392 441/733/413
f 416/729/391 441/733/413 440/731/102
f 417/732/392 418/734/393 442/735/414
f 417/732/392 442/735/414 441/733/413
f 418/693/393 419/692/81 443/736/105
f 418/693/393 443/736/105 442/737/414
f 419/692/81 420/694/394 443/736/105
f 420/694/394 444/738/106 443/736/105
f 420/694/394 421/695/395 445/739/415
f 420/694/394 445/739/415 444/738/106
f 421/695/395 422/696/396 446/740/416
f 421/695/395 446/740/416 445/739/415
f 422/741/396 423/742/397 447/743/417
f 422/741/396 447/743/417 446/744/416
f 423/742/397 424/745/398 447/743/417
f 424/745/398 448/746/110 447/743/417
f 424/745/398 425/747/399 449/748/418
f 424/745/398 449/748/418 448/746/110
f 425/702/399 426/701/400 450/749/419
f 425/702/399 450/749/419 449/750/418
f 426/701/400 427/703/401 450/749/419
f 427/703/401 451/751/420 450/749/419
f 427/703/401 428/704/402 451/751/420
f 428/704/402 452/752/421 451/751/420
f 428/704/402 429/705/403 453/753/115
f 428/704/402 453/753/115 452/752/421
f 429/705/403 430/706/404 453/753/115
f 430/706/404 454/754/422 453/753/115
f 430/755/404 431/712/405 455/756/423
f 430/755/404 455/756/423 454/757/422
f 431/712/405 432/711/406 456/758/118
f 431/712/405 456/758/118 455/756/423
f 432/711/406 433/714/95 456/758/118
f 433/714/95 457/759/119 456/758/118
f 433/714/95 434/716/407 457/759/119
f 434/716/407 458/760/120 457/759/119
f 434/716/407 411/761/388 435/762/409
f 434/716/407 435/762/409 458/760/120
f 435/763/409 436/764/408 459/765/424
f 436/764/408 460/766/425 459/765/424
f 436/723/408 437/722/410 461/767/426
f 436/723/408 461/767/426 460/768/425
f 437/722/410 438/725/411 461/767/426
f 438/725/411 462/769/427 461/767/426
f 438/725/411 439/727/412 463/770/428
f 438/725/411 463/770/428 462/769/427
f 439/727/412 440/771/102 464/772/429
f 439/727/412 464/772/429 463/770/428
f 440/731/102 441/733/413 465/773/430
f 440/731/102 465/773/430 464/774/429
f 441/733/413 442/735/414 466/775/431
f 441/733/413 466/775/431 465/773/430
f 442/776/414 443/777/105 467/778/432
f 442/776/414 467/778/432 466/779/431
f 443/777/105 444/780/106 467/778/432
f 444/780/106 468/781/433 467/778/432
f 444/780/106 445/782/415 468/781/433
f 445/782/415 469/783/434 468/781/433
f 445/784/415 446/744/416 469/785/434
f 446/744/416 470/786/435 469/785/434
f 446/744/416 447/743/417 471/787/436
f 446/744/416 471/787/436 470/786/435
f 447/743/417 448/746/110 471/787/436
f 448/746/110 472/788/437 471/787/436
f 448/746/110 449/748/418 473/789/438
f 448/746/110 473/789/438 472/788/437
f 449/748/418 450/790/419 474/791/439
f 449/748/418 474/791/439 473/789/438
f 450/792/419 451/793/420 474/794/439
f 451/793/420 475/795/440 474/794/439
f 451/793/420 452/796/421 476/797/441
f 451/793/420 476/797/441 475/795/440
f 452/796/421 453/798/115 477/799/442
f 452/796/421 477/799/442 476/797/441
f 453/800/115 454/801/422 478/802/443
f 453/800/115 478/802/443 477/803/442
f 454/801/422 455/804/423 478/802/443
f 455/804/423 479/805/444 478/802/443
f 455/804/423 456/806/118 480/807/445
f 455/804/423 480/807/445 479/805/444
f 456/758/118 457/759/119 481/808/446
f 456/758/118 481/808/446 480/809/445
f 457/810/119 458/811/120 482/812/447
f 457/810/119 482/812/447 481/813/446
f 458/811/120 435/763/409 459/765/424
f 458/811/120 459/765/424 482/812/447
f 459/765/424 460/766/425 484/814/448
f 459/765/424 484/814/448 483/815/449
f 460/766/425 461/816/426 484/814/448
f 461/816/426 485/817/450 484/814/448
f 461/767/426 462/769/427 486/818/322
f 461/767/426 486/818/322 485/819/450
f 462/769/427 463/770/428 487/820/451
f 462/769/427 487/820/451 486/818/322
f 463/770/428 464/772/429 488/821/452
f 463/770/428 488/821/452 487/820/451
f 464/774/429 465/773/430 489/822/453
f 464/774/429 489/822/453 488/823/452
f 465/824/430 466/779/431 489/825/453
f 466/779/431 490/826/454 489/825/453
f 466/779/431 467/778/432 490/826/454
f 467/778/432 491/827/455 490/826/454
f 467/778/432 468/781/433 491/827/455
f 468/781/433 492/828/456 491/827/455
f 468/781/433 469/783/434 492/828/456
f 469/783/434 493/829/457 492/828/456
f 469/783/434 470/830/435 493/829/457
f 470/830/435 494/831/458 493/829/457
f 470/786/435 471/787/436 494/832/458
f 471/787/436 495/833/459 494/832/458
f 471/787/436 472/788/437 496/834/460
f 471/787/436 496/834/460 495/833/459
f 472/788/437 473/789/438 497/835/461
f 472/788/437 497/835/461 496/834/460
f 473/836/438 474/794/439 498/837/462
f 473/836/438 498/837/462 497/838/461
f 474/794/439 475/795/440 499/839/463
f 474/794/439 499/839/463 498/837/462
f 475/795/440 476/797/441 500/840/464
f 475/795/440 500/840/464 499/839/463
f 476/797/441 477/799/442 501/841/465
f 476/797/441 501/841/465 500/840/464
f 477/799/442 478/842/443 502/843/318
f 477/799/442 502/843/318 501/841/465
f 478/802/443 479/805/444 503/844/466
f 478/802/443 503/844/466 502/845/318
f 479/805/444 480/807/445 504/846/319
f 479/805/444 504/846/319 503/844/466
f 480/847/445 481/813/446 505/848/467
f 480/847/445 505/848/467 504/849/319
f 481/813/446 482/812/447 505/848/467
f 482/812/447 506/850/468 505/848/467
f 482/812/447 459/765/424 506/850/468
f 459/765/424 483/815/449 506/850/468
f 483/815/449 484/814/448 508/851/469
f 483/815/449 508/851/469 507/852/470
f 484/814/448 485/817/450 509/853/471
f 484/814/448 509/853/471 508/851/469
f 485/819/450 486/818/322 510/854/472
f 485/819/450 510/854/472 509/855/471
f 486/818/322 487/820/451 511/856/473
f 486/818/322 511/856/473 510/854/472
f 487/820/451 488/821/452 511/856/473
f 488/821/452 512/857/474 511/856/473
f 488/823/452 489/822/453 512/858/474
f 489/822/453 513/859/475 512/858/474
f 489/825/453 490/826/454 514/860/476
f 489/825/453 514/860/476 513/861/475
f 490/826/454 491/827/455 515/862/177
f 490/826/454 515/862/177 514/860/476
f 491/827/455 492/828/456 516/863/178
f 491/827/455 516/863/178 515/862/177
f 492/828/456 493/829/457 517/864/477
f 492/828/456 517/864/477 516/863/178
f 493/829/457 494/831/458 518/865/478
f 493/829/457 518/865/478 517/864/477
f 494/832/458 495/833/459 519/866/479
f 494/832/458 519/866/479 518/867/478
f 495/833/459 496/834/460 520/868/480
f 495/833/459 520/868/480 519/866/479
f 496/834/460 497/835/461 520/868/480
f 497/835/461 521/869/481 520/868/480
f 497/838/461 498/837/462 521/870/481
f 498/837/462 522/871/482 521/870/481
f 498/837/462 499/839/463 523/872/483
f 498/837/462 523/872/483 522/871/482
f 499/839/463 500/840/464 523/872/483
f 500/840/464 524/873/484 523/872/483
f 500/840/464 501/841/465 525/874/485
f 500/840/464 525/874/485 524/873/484
f 501/841/465 502/843/318 526/875/486
f 501/841/465 526/875/486 525/874/485
f 502/845/318 503/844/466 527/876/189
f 502/845/318 527/876/189 526/877/486
f 503/844/466 504/846/319 528/878/190
f 503/844/466 528/878/190 527/876/189
f 504/849/319 505/848/467 529/879/191
f 504/849/319 529/879/191 528/880/190
f 505/848/467 506/850/468 530/881/487
f 505/848/467 530/881/487 529/879/191
f 506/850/468 483/815/449 507/852/470
f 506/850/468 507/852/470 530/881/487
f 507/852/470 508/851/469 532/882/488
f 507/852/470 532/882/488 531/883/489
f 508/851/469 509/853/471 532/882/488
f 509/853/471 533/884/490 532/882/488
f 509/855/471 510/854/472 534/885/491
f 509/855/471 534/885/491 533/886/490
f 510/854/472 511/856/473 535/887/492
f 510/854/472 535/887/492 534/885/491
f 511/888/473 512/858/474 535/889/492
f 512/858/474 536/890/493 535/889/492
f 512/858/474 513/859/475 536/890/493
f 513/859/475 537/891/494 536/890/493
f 513/861/475 514/860/476 538/892/495
f 513/861/475 538/892/495 537/893/494
f 514/860/476 515/862/177 538/892/495
f 515/862/177 539/894/201 538/892/495
f 515/862/177 516/863/178 540/895/496
f 515/862/177 540/895/496 539/894/201
f 516/863/178 517/864/477 541/896/497
f 516/863/178 541/896/497 540/895/496
f 517/864/477 518/865/478 542/897/498
f 517/864/477 542/897/498 541/896/497
f 518/867/478 519/866/479 542/898/498
f 519/866/479 543/899/499 542/898/498
f 519/866/479 520/868/480 544/900/500
f 519/866/479 544/900/500 543/899/499
f 520/868/480 521/869/481 544/900/500
f 521/869/481 545/901/501 544/900/500
f 521/870/481 522/871/482 546/902/208
f 521/870/481 546/902/208 545/903/501
f 522/871/482 523/872/483 547/904/209
f 522/871/482 547/904/209 546/902/208
f 523/872/483 524/873/484 547/904/209
f 524/873/484 548/905/502 547/904/209
f 524/873/484 525/874/485 548/905/502
f 525/874/485 549/906/503 548/905/502
f 525/874/485 526/875/486 550/907/504
f 525/874/485 550/907/504 549/906/503
f 526/877/486 527/876/189 551/908/505
f 526/877/486 551/908/505 550/909/504
f 527/876/189 528/878/190 552/910/506
f 527/876/189 552/910/506 551/908/505
f 528/880/190 529/879/191 552/911/506
f 529/879/191 553/912/215 552/911/506
f 529/879/191 530/881/487 553/912/215
f 530/881/487 554/913/507 553/912/215
f 530/881/487 507/852/470 554/913/507
f 507/852/470 531/883/489 554/913/507
f 531/883/489 532/882/488 556/914/508
f 531/883/489 556/914/508 555/915/509
f 532/916/488 533/917/490 556/918/508
f 533/917/490 557/919/510 556/918/508
f 533/920/490 534/921/491 558/922/511
f 533/920/490 558/922/511 557/923/510
f 534/921/491 535/924/492 559/925/512
f 534/921/491 559/925/512 558/922/511
f 535/924/492 536/926/493 560/927/513
f 535/924/492 560/927/513 559/925/512
f 536/926/493 537/928/494 561/929/514
f 536/926/493 561/929/514 560/927/513
f 537/928/494 538/930/495 562/931/515
f 537/928/494 562/931/515 561/929/514
f 538/892/495 539/894/201 562/932/515
f 539/894/201 563/933/516 562/932/515
f 539/894/201 540/895/496 564/934/517
f 539/894/201 564/934/517 563/933/516
f 540/895/496 541/896/497 565/935/518
f 540/895/496 565/935/518 564/934/517
f 541/936/497 542/937/498 566/938/519
f 541/936/497 566/938/519 565/939/518
f 542/937/498 543/940/499 566/938/519
f 543/940/499 567/941/520 566/938/519
f 543/940/499 544/942/500 568/943/521
f 543/940/499 568/943/521 567/941/520
f 544/942/500 545/944/501 569/945/522
f 544/942/500 569/945/522 568/943/521
f 545/944/501 546/946/208 570/947/232
f 545/944/501 570/947/232 569/945/522
f 546/902/208 547/904/209 571/948/233
f 546/902/208 571/948/233 570/949/232
f 547/904/209 548/905/502 572/950/234
f 547/904/209 572/950/234 571/948/233
f 548/905/502 549/906/503 572/950/234
f 549/906/503 573/951/235 572/950/234
f 549/952/503 550/909/504 574/953/523
f 549/952/503 574/953/523 573/954/235
f 550/909/504 551/908/505 575/955/524
f 550/909/504 575/955/524 574/953/523
f 551/908/505 552/910/506 576/956/525
f 551/908/505 576/956/525 575/955/524
f 552/957/506 553/958/215 577/959/239
f 552/957/506 577/959/239 576/960/525
f 553/912/215 554/913/507 578/961/526
f 553/912/215 578/961/526 577/962/239
f 554/913/507 531/883/489 555/915/509
f 554/913/507 555/915/509 578/961/526
f 555/963/509 556/918/508 580/964/241
f 555/963/509 580/964/241 579/965/527
f 556/918/508 557/919/510 581/966/243
f 556/918/508 581/966/243 580/964/241
f 557/923/510 558/922/511 582/967/244
f 557/923/510 582/967/244 581/968/243
f 558/922/511 559/925/512 582/967/244
f 559/925/512 583/969/528 582/967/244
f 559/925/512 560/927/513 583/969/528
f 560/927/513 584/970/529 583/969/528
f 560/927/513 561/929/514 584/970/529
f 561/929/514 585/971/530 584/970/529
f 561/929/514 562/931/515 585/971/530
f 562/931/515 586/972/531 585/971/530
f 562/973/515 563/974/516 586/975/531
f 563/974/516 587/976/532 586/975/531
f 563/974/516 564/977/517 588/978/533
f 563/974/516 588/978/533 587/976/532
f 564/977/517 565/979/518 589/980/534
f 564/977/517 589/980/534 588/978/533
f 565/939/518 566/938/519 590/981/535
f 565/939/518 590/981/535 589/982/534
f 566/938/519 567/941/520 591/983/536
f 566/938/519 591/983/536 590/981/535
f 567/941/520 568/943/521 591/983/536
f 568/943/521 592/984/537 591/983/536
f 568/943/521 569/945/522 593/985/538
f 568/943/521 593/985/538 592/984/537
f 569/945/522 570/947/232 593/985/538
f 570/947/232 594/986/539 593/985/538
f 570/987/232 571/988/233 595/989/257
f 570/987/232 595/989/257 594/990/539
f 571/988/233 572/991/234 595/989/257
f 572/991/234 596/992/540 595/989/257
f 572/991/234 573/993/235 597/994/541
f 572/991/234 597/994/541 596/992/540
f 573/993/235 574/995/523 598/996/542
f 573/993/235 598/996/542 597/994/541
f 574/997/523 575/998/524 599/999/543
f 574/997/523 599/999/543 598/1000/542
f 575/998/524 576/960/525 599/999/543
f 576/960/525 600/1001/544 599/999/543
f 576/960/525 577/959/239 601/1002/545
f 576/960/525 601/1002/545 600/1001/544
f 577/959/239 578/1003/526 602/1004/546
f 577/959/239 602/1004/546 601/1002/545
f 578/1005/526 555/963/509 579/965/527
f 578/1005/526 579/965/527 602/1006/546
f 579/965/527 580/964/241 604/1007/265
f 579/965/527 604/1007/265 603/1008/547
f 580/964/241 581/966/243 605/1009/548
f 580/964/241 605/1009/548 604/1007/265
f 581/968/243 582/967/244 606/1010/549
f 581/968/243 606/1010/549 605/1011/548
f 582/967/244 583/969/528 606/1010/549
f 583/969/528 607/1012/269 606/1010/549
f 583/969/528 584/970/529 608/1013/550
f 583/969/528 608/1013/550 607/1012/269
f 584/970/529 585/971/530 609/1014/551
f 584/970/529 609/1014/551 608/1013/550
f 585/971/530 586/972/531 610/1015/552
f 585/971/530 610/1015/552 609/1014/551
f 586/975/531 587/976/532 611/1016/553
f 586/975/531 611/1016/553 610/1017/552
f 587/976/532 588/978/533 612/1018/554
f 587/976/532 612/1018/554 611/1016/553
f 588/978/533 589/980/534 613/1019/275
f 588/978/533 613/1019/275 612/1018/554
f 589/982/534 590/981/535 614/1020/276
f 589/982/534 614/1020/276 613/1021/275
f 590/981/535 591/983/536 614/1020/276
f 591/983/536 615/1022/277 614/1020/276
f 591/983/536 592/984/537 616/1023/278
f 591/983/536 616/1023/278 615/1022/277
f 592/984/537 593/985/538 617/1024/555
f 592/984/537 617/1024/555 616/1023/278
f 593/985/538 594/986/539 617/1024/555
f 594/986/539 618/1025/556 617/1024/555
f 594/990/539 595/989/257 619/1026/281
f 594/990/539 619/1026/281 618/1027/556
f 595/989/257 596/992/540 619/1026/281
f 596/992/540 620/1028/557 619/1026/281
f 596/992/540 597/994/541 620/1028/557
f 597/994/541 621/1029/558 620/1028/557
f 597/994/541 598/996/542 622/1030/559
f 597/994/541 622/1030/559 621/1029/558
f 598/1000/542 599/999/543 623/1031/560
f 598/1000/542 623/1031/560 622/1032/559
f 599/999/543 600/1001/544 624/1033/561
f 599/999/543 624/1033/561 623/1031/560
f 600/1001/544 601/1002/545 625/1034/562
f 600/1001/544 625/1034/562 624/1033/561
f 601/1002/545 602/1004/546 626/1035/563
f 601/1002/545 626/1035/563 625/1034/562
f 602/1006/546 579/965/527 626/1036/563
f 579/965/527 603/1008/547 626/1036/563
f 603/1037/547 604/1038/265 628/1039/289
f 603/1037/547 628/1039/289 627/1040/564
f 604/1038/265 605/1041/548 629/1042/565
f 604/1038/265 629/1042/565 628/1039/289
f 605/1041/548 606/1043/549 630/1044/566
f 605/1041/548 630/1044/566 629/1042/565
f 606/1043/549 607/1045/269 630/1044/566
f 607/1045/269 631/1046/293 630/1044/566
f 607/1045/269 608/1047/550 632/1048/567
f 607/1045/269 632/1048/567 631/1046/293
f 608/1047/550 609/1049/551 632/1048/567
f 609/1049/551 633/1050/568 632/1048/567
f 609/1051/551 610/1017/552 634/1052/569
f 609/1051/551 634/1052/569 633/1053/568
f 610/1017/552 611/1016/553 635/1054/570
f 610/1017/552 635/1054/570 634/1052/569
f 611/1016/553 612/1018/554 636/1055/571
f 611/1016/553 636/1055/571 635/1054/570
f 612/1018/554 613/1019/275 637/1056/299
f 612/1018/554 637/1056/299 636/1055/571
f 613/1019/275 614/1057/276 637/1056/299
f 614/1057/276 638/1058/300 637/1056/299
f 614/1059/276 615/1060/277 639/1061/301
f 614/1059/276 639/1061/301 638/1062/300
f 615/1060/277 616/1063/278 640/1064/302
f 615/1060/277 640/1064/302 639/1061/301
f 616/1063/278 617/1065/555 640/1064/302
f 617/1065/555 641/1066/303 640/1064/302
f 617/1067/555 618/1027/556 642/1068/304
f 617/1067/555 642/1068/304 641/1069/303
f 618/1027/556 619/1026/281 643/1070/305
f 618/1027/556 643/1070/305 642/1068/304
f 619/1026/281 620/1028/557 643/1070/305
f 620/1028/557 644/1071/306 643/1070/305
f 620/1028/557 621/1029/558 645/1072/307
f 620/1028/557 645/1072/307 644/1071/306
f 621/1029/558 622/1030/559 646/1073/572
f 621/1029/558 646/1073/572 645/1072/307
f 622/1074/559 623/1075/560 647/1076/573
f 622/1074/559 647/1076/573 646/1077/572
f 623/1075/560 624/1078/561 647/1076/573
f 624/1078/561 648/1079/574 647/1076/573
f 624/1078/561 625/1080/562 649/1081/575
f 624/1078/561 649/1081/575 648/1079/574
f 625/1080/562 626/1082/563 650/1083/576
f 625/1080/562 650/1083/576 649/1081/575
f 626/1082/563 603/1037/547 650/1083/576
f 603/1037/547 627/1040/564 650/1083/576
f 651/1084/313 340/574/325 339/573/324
f 651/1084/313 341/577/5 340/574/325
f 651/1084/313 342/1085/7 341/577/5
f 651/1084/313 343/1086/9 342/1085/7
f 651/1084/313 344/1087/331 343/1086/9
f 651/1084/313 345/1088/333 344/1087/331
f 651/1084/313 346/1089/335 345/1088/333
f 651/1084/313 347/1090/337 346/1089/335
f 651/1084/313 348/1091/339 347/1090/337
f 651/1084/313 349/1092/341 348/1091/339
f 651/1084/313 350/1093/23 349/1092/341
f 651/1084/313 351/1094/25 350/1093/23
f 651/1084/313 352/1095/345 351/1094/25
f 651/1084/313 353/1096/347 352/1095/345
f 651/1084/313 354/1097/349 353/1096/347
f 651/1084/313 355/615/351 354/1097/349
f 651/1084/313 356/616/35 355/615/351
f 651/1084/313 357/1098/353 356/616/35
f 651/1084/313 358/1099/355 357/1098/353
f 651/1084/313 359/1100/357 358/1099/355
f 651/1084/313 360/1101/43 359/1100/357
f 651/1084/313 361/631/360 360/1101/43
f 651/1084/313 362/632/362 361/631/360
f 651/1084/313 339/573/324 362/632/362
f 652/1102/314 627/1040/564 628/1039/289
f 652/1102/314 628/1039/289 629/1042/565
f 652/1102/314 629/1042/565 630/1044/566
f 652/1102/314 630/1044/566 631/1046/293
f 652/1102/314 631/1046/293 632/1048/567
f 652/1102/314 632/1048/567 633/1050/568
f 652/1102/314 633/1050/568 634/1103/569
f 652/1102/314 634/1103/569 635/1104/570
f 652/1102/314 635/1104/570 636/1105/571
f 652/1102/314 636/1105/571 637/1106/299
f 652/1102/314 637/1106/299 638/1107/300
f 652/1102/314 638/1107/300 639/1108/301
f 652/1102/314 639/1108/301 640/1109/302
f 652/1102/314 640/1109/302 641/1110/303
f 652/1102/314 641/1110/303 642/1111/304
f 652/1102/314 642/1111/304 643/1112/305
f 652/1102/314 643/1112/305 644/1113/306
f 652/1102/314 644/1113/306 645/1114/307
f 652/1102/314 645/1114/307 646/1077/572
f 652/1102/314 646/1077/572 647/1076/573
f 652/1102/314 647/1076/573 648/1079/574
f 652/1102/314 648/1079/574 649/1081/575
f 652/1102/314 649/1081/575 650/1083/576
f 652/1102/314 650/1083/576 627/1040/564
