# mech2 arm R: whole hand incl. fingers (rest curl), colour Grey; parent = Hand segment (pivot wrist)
o Mech2Arm_R_HandMerged_Grey
v 0.30000 -6.83000 0.27000
v 0.18285 -6.83000 0.24326
v 0.08891 -6.83000 0.16834
v 0.03677 -6.83000 0.06008
v 0.03677 -6.83000 -0.06008
v 0.08891 -6.83000 -0.16834
v 0.18285 -6.83000 -0.24326
v 0.30000 -6.83000 -0.27000
v 0.41715 -6.83000 -0.24326
v 0.51109 -6.83000 -0.16834
v 0.56323 -6.83000 -0.06008
v 0.56323 -6.83000 0.06008
v 0.51109 -6.83000 0.16834
v 0.41715 -6.83000 0.24326
v 0.30000 -6.86000 0.30000
v 0.16983 -6.86000 0.27029
v 0.06545 -6.86000 0.18705
v 0.00752 -6.86000 0.06676
v 0.00752 -6.86000 -0.06676
v 0.06545 -6.86000 -0.18705
v 0.16983 -6.86000 -0.27029
v 0.30000 -6.86000 -0.30000
v 0.43017 -6.86000 -0.27029
v 0.53455 -6.86000 -0.18705
v 0.59248 -6.86000 -0.06676
v 0.59248 -6.86000 0.06676
v 0.53455 -6.86000 0.18705
v 0.43017 -6.86000 0.27029
v 0.30000 -7.08000 0.30000
v 0.16983 -7.08000 0.27029
v 0.06545 -7.08000 0.18705
v 0.00752 -7.08000 0.06676
v 0.00752 -7.08000 -0.06676
v 0.06545 -7.08000 -0.18705
v 0.16983 -7.08000 -0.27029
v 0.30000 -7.08000 -0.30000
v 0.43017 -7.08000 -0.27029
v 0.53455 -7.08000 -0.18705
v 0.59248 -7.08000 -0.06676
v 0.59248 -7.08000 0.06676
v 0.53455 -7.08000 0.18705
v 0.43017 -7.08000 0.27029
v 0.30000 -7.11000 0.27000
v 0.18285 -7.11000 0.24326
v 0.08891 -7.11000 0.16834
v 0.03677 -7.11000 0.06008
v 0.03677 -7.11000 -0.06008
v 0.08891 -7.11000 -0.16834
v 0.18285 -7.11000 -0.24326
v 0.30000 -7.11000 -0.27000
v 0.41715 -7.11000 -0.24326
v 0.51109 -7.11000 -0.16834
v 0.56323 -7.11000 -0.06008
v 0.56323 -7.11000 0.06008
v 0.51109 -7.11000 0.16834
v 0.41715 -7.11000 0.24326
v 0.28500 -7.87000 -0.64000
v 0.29505 -7.90750 -0.64000
v 0.32250 -7.93495 -0.64000
v 0.36000 -7.94500 -0.64000
v 0.39750 -7.93495 -0.64000
v 0.42495 -7.90750 -0.64000
v 0.43500 -7.87000 -0.64000
v 0.42495 -7.83250 -0.64000
v 0.39750 -7.80505 -0.64000
v 0.36000 -7.79500 -0.64000
v 0.32250 -7.80505 -0.64000
v 0.29505 -7.83250 -0.64000
v 0.26500 -7.87000 -0.62000
v 0.27773 -7.91750 -0.62000
v 0.31250 -7.95227 -0.62000
v 0.36000 -7.96500 -0.62000
v 0.40750 -7.95227 -0.62000
v 0.44227 -7.91750 -0.62000
v 0.45500 -7.87000 -0.62000
v 0.44227 -7.82250 -0.62000
v 0.40750 -7.78773 -0.62000
v 0.36000 -7.77500 -0.62000
v 0.31250 -7.78773 -0.62000
v 0.27773 -7.82250 -0.62000
v 0.26500 -7.87000 0.62000
v 0.27773 -7.91750 0.62000
v 0.31250 -7.95227 0.62000
v 0.36000 -7.96500 0.62000
v 0.40750 -7.95227 0.62000
v 0.44227 -7.91750 0.62000
v 0.45500 -7.87000 0.62000
v 0.44227 -7.82250 0.62000
v 0.40750 -7.78773 0.62000
v 0.36000 -7.77500 0.62000
v 0.31250 -7.78773 0.62000
v 0.27773 -7.82250 0.62000
v 0.28500 -7.87000 0.64000
v 0.29505 -7.90750 0.64000
v 0.32250 -7.93495 0.64000
v 0.36000 -7.94500 0.64000
v 0.39750 -7.93495 0.64000
v 0.42495 -7.90750 0.64000
v 0.43500 -7.87000 0.64000
v 0.42495 -7.83250 0.64000
v 0.39750 -7.80505 0.64000
v 0.36000 -7.79500 0.64000
v 0.32250 -7.80505 0.64000
v 0.29505 -7.83250 0.64000
v 0.15654 -7.46478 -0.46000
v 0.14896 -7.46478 -0.42679
v 0.12772 -7.46478 -0.40016
v 0.09703 -7.46478 -0.38538
v 0.06297 -7.46478 -0.38538
v 0.03228 -7.46478 -0.40016
v 0.01104 -7.46478 -0.42679
v 0.00346 -7.46478 -0.46000
v 0.01104 -7.46478 -0.49321
v 0.03228 -7.46478 -0.51984
v 0.06297 -7.46478 -0.53462
v 0.09703 -7.46478 -0.53462
v 0.12772 -7.46478 -0.51984
v 0.14896 -7.46478 -0.49321
v 0.22142 -7.42142 -0.46000
v 0.20742 -7.42142 -0.39864
v 0.16817 -7.42142 -0.34943
v 0.11147 -7.42142 -0.32212
v 0.04853 -7.42142 -0.32212
v -0.00817 -7.42142 -0.34943
v -0.04742 -7.42142 -0.39864
v -0.06142 -7.42142 -0.46000
v -0.04742 -7.42142 -0.52136
v -0.00817 -7.42142 -0.57057
v 0.04853 -7.42142 -0.59788
v 0.11147 -7.42142 -0.59788
v 0.16817 -7.42142 -0.57057
v 0.20742 -7.42142 -0.52136
v 0.26478 -7.35654 -0.46000
v 0.24648 -7.35654 -0.37983
v 0.19521 -7.35654 -0.31554
v 0.12112 -7.35654 -0.27986
v 0.03888 -7.35654 -0.27986
v -0.03521 -7.35654 -0.31554
v -0.08648 -7.35654 -0.37983
v -0.10478 -7.35654 -0.46000
v -0.08648 -7.35654 -0.54017
v -0.03521 -7.35654 -0.60446
v 0.03888 -7.35654 -0.64014
v 0.12112 -7.35654 -0.64014
v 0.19521 -7.35654 -0.60446
v 0.24648 -7.35654 -0.54017
v 0.28000 -7.28000 -0.46000
v 0.26019 -7.28000 -0.37322
v 0.20470 -7.28000 -0.30363
v 0.12450 -7.28000 -0.26501
v 0.03550 -7.28000 -0.26501
v -0.04470 -7.28000 -0.30363
v -0.10019 -7.28000 -0.37322
v -0.12000 -7.28000 -0.46000
v -0.10019 -7.28000 -0.54678
v -0.04470 -7.28000 -0.61637
v 0.03550 -7.28000 -0.65499
v 0.12450 -7.28000 -0.65499
v 0.20470 -7.28000 -0.61637
v 0.26019 -7.28000 -0.54678
v 0.26478 -7.20346 -0.46000
v 0.24648 -7.20346 -0.37983
v 0.19521 -7.20346 -0.31554
v 0.12112 -7.20346 -0.27986
v 0.03888 -7.20346 -0.27986
v -0.03521 -7.20346 -0.31554
v -0.08648 -7.20346 -0.37983
v -0.10478 -7.20346 -0.46000
v -0.08648 -7.20346 -0.54017
v -0.03521 -7.20346 -0.60446
v 0.03888 -7.20346 -0.64014
v 0.12112 -7.20346 -0.64014
v 0.19521 -7.20346 -0.60446
v 0.24648 -7.20346 -0.54017
v 0.22142 -7.13858 -0.46000
v 0.20742 -7.13858 -0.39864
v 0.16817 -7.13858 -0.34943
v 0.11147 -7.13858 -0.32212
v 0.04853 -7.13858 -0.32212
v -0.00817 -7.13858 -0.34943
v -0.04742 -7.13858 -0.39864
v -0.06142 -7.13858 -0.46000
v -0.04742 -7.13858 -0.52136
v -0.00817 -7.13858 -0.57057
v 0.04853 -7.13858 -0.59788
v 0.11147 -7.13858 -0.59788
v 0.16817 -7.13858 -0.57057
v 0.20742 -7.13858 -0.52136
v 0.15654 -7.09522 -0.46000
v 0.14896 -7.09522 -0.42679
v 0.12772 -7.09522 -0.40016
v 0.09703 -7.09522 -0.38538
v 0.06297 -7.09522 -0.38538
v 0.03228 -7.09522 -0.40016
v 0.01104 -7.09522 -0.42679
v 0.00346 -7.09522 -0.46000
v 0.01104 -7.09522 -0.49321
v 0.03228 -7.09522 -0.51984
v 0.06297 -7.09522 -0.53462
v 0.09703 -7.09522 -0.53462
v 0.12772 -7.09522 -0.51984
v 0.14896 -7.09522 -0.49321
v 0.08000 -7.48000 -0.46000
v 0.08000 -7.08000 -0.46000
v 0.38524 -8.43861 -0.33000
v 0.37282 -8.47682 -0.33000
v 0.34032 -8.50043 -0.33000
v 0.30015 -8.50043 -0.33000
v 0.26765 -8.47682 -0.33000
v 0.25524 -8.43861 -0.33000
v 0.26765 -8.40041 -0.33000
v 0.30015 -8.37679 -0.33000
v 0.34032 -8.37679 -0.33000
v 0.37282 -8.40041 -0.33000
v 0.40524 -8.43861 -0.35000
v 0.38901 -8.48857 -0.35000
v 0.34651 -8.51945 -0.35000
v 0.29397 -8.51945 -0.35000
v 0.25147 -8.48857 -0.35000
v 0.23524 -8.43861 -0.35000
v 0.25147 -8.38865 -0.35000
v 0.29397 -8.35777 -0.35000
v 0.34651 -8.35777 -0.35000
v 0.38901 -8.38865 -0.35000
v 0.40524 -8.43861 -0.61000
v 0.38901 -8.48857 -0.61000
v 0.34651 -8.51945 -0.61000
v 0.29397 -8.51945 -0.61000
v 0.25147 -8.48857 -0.61000
v 0.23524 -8.43861 -0.61000
v 0.25147 -8.38865 -0.61000
v 0.29397 -8.35777 -0.61000
v 0.34651 -8.35777 -0.61000
v 0.38901 -8.38865 -0.61000
v 0.38524 -8.43861 -0.63000
v 0.37282 -8.47682 -0.63000
v 0.34032 -8.50043 -0.63000
v 0.30015 -8.50043 -0.63000
v 0.26765 -8.47682 -0.63000
v 0.25524 -8.43861 -0.63000
v 0.26765 -8.40041 -0.63000
v 0.30015 -8.37679 -0.63000
v 0.34032 -8.37679 -0.63000
v 0.37282 -8.40041 -0.63000
v 0.05099 -8.83695 -0.33000
v 0.03858 -8.87516 -0.33000
v 0.00608 -8.89877 -0.33000
v -0.03410 -8.89877 -0.33000
v -0.06660 -8.87516 -0.33000
v -0.07901 -8.83695 -0.33000
v -0.06660 -8.79875 -0.33000
v -0.03410 -8.77514 -0.33000
v 0.00608 -8.77514 -0.33000
v 0.03858 -8.79875 -0.33000
v 0.07099 -8.83695 -0.35000
v 0.05476 -8.88692 -0.35000
v 0.01226 -8.91779 -0.35000
v -0.04028 -8.91779 -0.35000
v -0.08278 -8.88692 -0.35000
v -0.09901 -8.83695 -0.35000
v -0.08278 -8.78699 -0.35000
v -0.04028 -8.75611 -0.35000
v 0.01226 -8.75611 -0.35000
v 0.05476 -8.78699 -0.35000
v 0.07099 -8.83695 -0.61000
v 0.05476 -8.88692 -0.61000
v 0.01226 -8.91779 -0.61000
v -0.04028 -8.91779 -0.61000
v -0.08278 -8.88692 -0.61000
v -0.09901 -8.83695 -0.61000
v -0.08278 -8.78699 -0.61000
v -0.04028 -8.75611 -0.61000
v 0.01226 -8.75611 -0.61000
v 0.05476 -8.78699 -0.61000
v 0.05099 -8.83695 -0.63000
v 0.03858 -8.87516 -0.63000
v 0.00608 -8.89877 -0.63000
v -0.03410 -8.89877 -0.63000
v -0.06660 -8.87516 -0.63000
v -0.07901 -8.83695 -0.63000
v -0.06660 -8.79875 -0.63000
v -0.03410 -8.77514 -0.63000
v 0.00608 -8.77514 -0.63000
v 0.03858 -8.79875 -0.63000
v 0.37532 -8.43783 -0.01000
v 0.36291 -8.47604 -0.01000
v 0.33041 -8.49965 -0.01000
v 0.29024 -8.49965 -0.01000
v 0.25774 -8.47604 -0.01000
v 0.24532 -8.43783 -0.01000
v 0.25774 -8.39962 -0.01000
v 0.29024 -8.37601 -0.01000
v 0.33041 -8.37601 -0.01000
v 0.36291 -8.39962 -0.01000
v 0.39532 -8.43783 -0.03000
v 0.37909 -8.48779 -0.03000
v 0.33659 -8.51867 -0.03000
v 0.28405 -8.51867 -0.03000
v 0.24155 -8.48779 -0.03000
v 0.22532 -8.43783 -0.03000
v 0.24155 -8.38787 -0.03000
v 0.28405 -8.35699 -0.03000
v 0.33659 -8.35699 -0.03000
v 0.37909 -8.38787 -0.03000
v 0.39532 -8.43783 -0.29000
v 0.37909 -8.48779 -0.29000
v 0.33659 -8.51867 -0.29000
v 0.28405 -8.51867 -0.29000
v 0.24155 -8.48779 -0.29000
v 0.22532 -8.43783 -0.29000
v 0.24155 -8.38787 -0.29000
v 0.28405 -8.35699 -0.29000
v 0.33659 -8.35699 -0.29000
v 0.37909 -8.38787 -0.29000
v 0.37532 -8.43783 -0.31000
v 0.36291 -8.47604 -0.31000
v 0.33041 -8.49965 -0.31000
v 0.29024 -8.49965 -0.31000
v 0.25774 -8.47604 -0.31000
v 0.24532 -8.43783 -0.31000
v 0.25774 -8.39962 -0.31000
v 0.29024 -8.37601 -0.31000
v 0.33041 -8.37601 -0.31000
v 0.36291 -8.39962 -0.31000
v 0.02737 -8.82427 -0.01000
v 0.01496 -8.86247 -0.01000
v -0.01754 -8.88608 -0.01000
v -0.05771 -8.88608 -0.01000
v -0.09021 -8.86247 -0.01000
v -0.10263 -8.82427 -0.01000
v -0.09021 -8.78606 -0.01000
v -0.05771 -8.76245 -0.01000
v -0.01754 -8.76245 -0.01000
v 0.01496 -8.78606 -0.01000
v 0.04737 -8.82427 -0.03000
v 0.03114 -8.87423 -0.03000
v -0.01136 -8.90511 -0.03000
v -0.06389 -8.90511 -0.03000
v -0.10639 -8.87423 -0.03000
v -0.12263 -8.82427 -0.03000
v -0.10639 -8.77430 -0.03000
v -0.06389 -8.74343 -0.03000
v -0.01136 -8.74343 -0.03000
v 0.03114 -8.77430 -0.03000
v 0.04737 -8.82427 -0.29000
v 0.03114 -8.87423 -0.29000
v -0.01136 -8.90511 -0.29000
v -0.06389 -8.90511 -0.29000
v -0.10639 -8.87423 -0.29000
v -0.12263 -8.82427 -0.29000
v -0.10639 -8.77430 -0.29000
v -0.06389 -8.74343 -0.29000
v -0.01136 -8.74343 -0.29000
v 0.03114 -8.77430 -0.29000
v 0.02737 -8.82427 -0.31000
v 0.01496 -8.86247 -0.31000
v -0.01754 -8.88608 -0.31000
v -0.05771 -8.88608 -0.31000
v -0.09021 -8.86247 -0.31000
v -0.10263 -8.82427 -0.31000
v -0.09021 -8.78606 -0.31000
v -0.05771 -8.76245 -0.31000
v -0.01754 -8.76245 -0.31000
v 0.01496 -8.78606 -0.31000
v 0.36542 -8.43688 0.31000
v 0.35300 -8.47508 0.31000
v 0.32050 -8.49870 0.31000
v 0.28033 -8.49870 0.31000
v 0.24783 -8.47508 0.31000
v 0.23542 -8.43688 0.31000
v 0.24783 -8.39867 0.31000
v 0.28033 -8.37506 0.31000
v 0.32050 -8.37506 0.31000
v 0.35300 -8.39867 0.31000
v 0.38542 -8.43688 0.29000
v 0.36919 -8.48684 0.29000
v 0.32669 -8.51772 0.29000
v 0.27415 -8.51772 0.29000
v 0.23165 -8.48684 0.29000
v 0.21542 -8.43688 0.29000
v 0.23165 -8.38692 0.29000
v 0.27415 -8.35604 0.29000
v 0.32669 -8.35604 0.29000
v 0.36919 -8.38692 0.29000
v 0.38542 -8.43688 0.03000
v 0.36919 -8.48684 0.03000
v 0.32669 -8.51772 0.03000
v 0.27415 -8.51772 0.03000
v 0.23165 -8.48684 0.03000
v 0.21542 -8.43688 0.03000
v 0.23165 -8.38692 0.03000
v 0.27415 -8.35604 0.03000
v 0.32669 -8.35604 0.03000
v 0.36919 -8.38692 0.03000
v 0.36542 -8.43688 0.01000
v 0.35300 -8.47508 0.01000
v 0.32050 -8.49870 0.01000
v 0.28033 -8.49870 0.01000
v 0.24783 -8.47508 0.01000
v 0.23542 -8.43688 0.01000
v 0.24783 -8.39867 0.01000
v 0.28033 -8.37506 0.01000
v 0.32050 -8.37506 0.01000
v 0.35300 -8.39867 0.01000
v -0.00228 -8.80457 0.31000
v -0.01469 -8.84278 0.31000
v -0.04719 -8.86639 0.31000
v -0.08736 -8.86639 0.31000
v -0.11986 -8.84278 0.31000
v -0.13228 -8.80457 0.31000
v -0.11986 -8.76637 0.31000
v -0.08736 -8.74275 0.31000
v -0.04719 -8.74275 0.31000
v -0.01469 -8.76637 0.31000
v 0.01772 -8.80457 0.29000
v 0.00149 -8.85453 0.29000
v -0.04101 -8.88541 0.29000
v -0.09354 -8.88541 0.29000
v -0.13604 -8.85453 0.29000
v -0.15228 -8.80457 0.29000
v -0.13604 -8.75461 0.29000
v -0.09354 -8.72373 0.29000
v -0.04101 -8.72373 0.29000
v 0.00149 -8.75461 0.29000
v 0.01772 -8.80457 0.03000
v 0.00149 -8.85453 0.03000
v -0.04101 -8.88541 0.03000
v -0.09354 -8.88541 0.03000
v -0.13604 -8.85453 0.03000
v -0.15228 -8.80457 0.03000
v -0.13604 -8.75461 0.03000
v -0.09354 -8.72373 0.03000
v -0.04101 -8.72373 0.03000
v 0.00149 -8.75461 0.03000
v -0.00228 -8.80457 0.01000
v -0.01469 -8.84278 0.01000
v -0.04719 -8.86639 0.01000
v -0.08736 -8.86639 0.01000
v -0.11986 -8.84278 0.01000
v -0.13228 -8.80457 0.01000
v -0.11986 -8.76637 0.01000
v -0.08736 -8.74275 0.01000
v -0.04719 -8.74275 0.01000
v -0.01469 -8.76637 0.01000
v 0.34567 -8.43445 0.63000
v 0.33326 -8.47266 0.63000
v 0.30076 -8.49627 0.63000
v 0.26059 -8.49627 0.63000
v 0.22809 -8.47266 0.63000
v 0.21567 -8.43445 0.63000
v 0.22809 -8.39625 0.63000
v 0.26059 -8.37263 0.63000
v 0.30076 -8.37263 0.63000
v 0.33326 -8.39625 0.63000
v 0.36567 -8.43445 0.61000
v 0.34944 -8.48441 0.61000
v 0.30694 -8.51529 0.61000
v 0.25440 -8.51529 0.61000
v 0.21190 -8.48441 0.61000
v 0.19567 -8.43445 0.61000
v 0.21190 -8.38449 0.61000
v 0.25440 -8.35361 0.61000
v 0.30694 -8.35361 0.61000
v 0.34944 -8.38449 0.61000
v 0.36567 -8.43445 0.35000
v 0.34944 -8.48441 0.35000
v 0.30694 -8.51529 0.35000
v 0.25440 -8.51529 0.35000
v 0.21190 -8.48441 0.35000
v 0.19567 -8.43445 0.35000
v 0.21190 -8.38449 0.35000
v 0.25440 -8.35361 0.35000
v 0.30694 -8.35361 0.35000
v 0.34944 -8.38449 0.35000
v 0.34567 -8.43445 0.33000
v 0.33326 -8.47266 0.33000
v 0.30076 -8.49627 0.33000
v 0.26059 -8.49627 0.33000
v 0.22809 -8.47266 0.33000
v 0.21567 -8.43445 0.33000
v 0.22809 -8.39625 0.33000
v 0.26059 -8.37263 0.33000
v 0.30076 -8.37263 0.33000
v 0.33326 -8.39625 0.33000
v -0.04678 -8.77560 0.63000
v -0.05919 -8.81381 0.63000
v -0.09169 -8.83742 0.63000
v -0.13186 -8.83742 0.63000
v -0.16436 -8.81381 0.63000
v -0.17678 -8.77560 0.63000
v -0.16436 -8.73740 0.63000
v -0.13186 -8.71378 0.63000
v -0.09169 -8.71378 0.63000
v -0.05919 -8.73740 0.63000
v -0.02678 -8.77560 0.61000
v -0.04301 -8.82557 0.61000
v -0.08551 -8.85644 0.61000
v -0.13804 -8.85644 0.61000
v -0.18054 -8.82557 0.61000
v -0.19678 -8.77560 0.61000
v -0.18054 -8.72564 0.61000
v -0.13804 -8.69476 0.61000
v -0.08551 -8.69476 0.61000
v -0.04301 -8.72564 0.61000
v -0.02678 -8.77560 0.35000
v -0.04301 -8.82557 0.35000
v -0.08551 -8.85644 0.35000
v -0.13804 -8.85644 0.35000
v -0.18054 -8.82557 0.35000
v -0.19678 -8.77560 0.35000
v -0.18054 -8.72564 0.35000
v -0.13804 -8.69476 0.35000
v -0.08551 -8.69476 0.35000
v -0.04301 -8.72564 0.35000
v -0.04678 -8.77560 0.33000
v -0.05919 -8.81381 0.33000
v -0.09169 -8.83742 0.33000
v -0.13186 -8.83742 0.33000
v -0.16436 -8.81381 0.33000
v -0.17678 -8.77560 0.33000
v -0.16436 -8.73740 0.33000
v -0.13186 -8.71378 0.33000
v -0.09169 -8.71378 0.33000
v -0.05919 -8.73740 0.33000
v 0.05800 -7.70252 -0.60619
v 0.04173 -7.73709 -0.59377
v 0.03168 -7.75846 -0.56127
v 0.03168 -7.75846 -0.52110
v 0.04173 -7.73709 -0.48860
v 0.05800 -7.70252 -0.47619
v 0.07427 -7.66795 -0.48860
v 0.08432 -7.64659 -0.52110
v 0.08432 -7.64659 -0.56127
v 0.07427 -7.66795 -0.59377
v 0.03990 -7.69401 -0.62619
v 0.01863 -7.73921 -0.60995
v 0.00548 -7.76715 -0.56745
v 0.00548 -7.76715 -0.51492
v 0.01863 -7.73921 -0.47242
v 0.03990 -7.69401 -0.45619
v 0.06117 -7.64880 -0.47242
v 0.07432 -7.62086 -0.51492
v 0.07432 -7.62086 -0.56745
v 0.06117 -7.64880 -0.60995
v -0.21345 -7.57478 -0.62619
v -0.23472 -7.61999 -0.60995
v -0.24787 -7.64793 -0.56745
v -0.24787 -7.64793 -0.51492
v -0.23472 -7.61999 -0.47242
v -0.21345 -7.57478 -0.45619
v -0.19217 -7.52958 -0.47242
v -0.17903 -7.50164 -0.51492
v -0.17903 -7.50164 -0.56745
v -0.19217 -7.52958 -0.60995
v -0.23154 -7.56627 -0.60619
v -0.24781 -7.60084 -0.59377
v -0.25787 -7.62220 -0.56127
v -0.25787 -7.62220 -0.52110
v -0.24781 -7.60084 -0.48860
v -0.23154 -7.56627 -0.47619
v -0.21528 -7.53170 -0.48860
v -0.20522 -7.51033 -0.52110
v -0.20522 -7.51033 -0.56127
v -0.21528 -7.53170 -0.59377
v -0.08677 -8.01016 -0.60447
v -0.10304 -8.04473 -0.59206
v -0.11309 -8.06609 -0.55956
v -0.11309 -8.06609 -0.51939
v -0.10304 -8.04473 -0.48689
v -0.08677 -8.01016 -0.47447
v -0.07050 -7.97559 -0.48689
v -0.06045 -7.95422 -0.51939
v -0.06045 -7.95422 -0.55956
v -0.07050 -7.97559 -0.59206
v -0.10487 -8.00164 -0.62447
v -0.12614 -8.04685 -0.60824
v -0.13929 -8.07479 -0.56574
v -0.13929 -8.07479 -0.51321
v -0.12614 -8.04685 -0.47071
v -0.10487 -8.00164 -0.45447
v -0.08359 -7.95643 -0.47071
v -0.07045 -7.92849 -0.51321
v -0.07045 -7.92849 -0.56574
v -0.08359 -7.95643 -0.60824
v -0.35822 -7.88242 -0.62447
v -0.37949 -7.92762 -0.60824
v -0.39264 -7.95556 -0.56574
v -0.39264 -7.95556 -0.51321
v -0.37949 -7.92762 -0.47071
v -0.35822 -7.88242 -0.45447
v -0.33694 -7.83721 -0.47071
v -0.32380 -7.80927 -0.51321
v -0.32380 -7.80927 -0.56574
v -0.33694 -7.83721 -0.60824
v -0.37631 -7.87390 -0.60447
v -0.39258 -7.90847 -0.59206
v -0.40264 -7.92984 -0.55956
v -0.40264 -7.92984 -0.51939
v -0.39258 -7.90847 -0.48689
v -0.37631 -7.87390 -0.47447
v -0.36005 -7.83933 -0.48689
v -0.34999 -7.81797 -0.51939
v -0.34999 -7.81797 -0.55956
v -0.36005 -7.83933 -0.59206
vt 0.07500 1.25511
vt 0.04571 1.25039
vt 0.04246 1.26047
vt 0.07500 1.26572
vt 0.74515 0.95501
vt 0.77020 0.93911
vt 0.77724 0.94705
vt 0.74940 0.96471
vt 0.78898 0.91614
vt 0.79810 0.92153
vt 0.97913 -0.64151
vt 0.97194 -0.66925
vt 0.98158 -0.67367
vt 0.98956 -0.64285
vt 0.95527 -0.69424
vt 0.96306 -0.70144
vt 0.93243 -0.71154
vt 0.93767 -0.72065
vt -0.04571 1.25039
vt -0.07500 1.25511
vt -0.04246 1.26047
vt -0.07500 1.26572
vt -0.10429 1.25039
vt -0.10754 1.26047
vt -0.87014 -0.95501
vt -0.89519 -0.93911
vt -0.90223 -0.94705
vt -0.87440 -0.96471
vt -0.91397 -0.91614
vt -0.92309 -0.92153
vt -1.09643 0.64151
vt -1.08924 0.66925
vt -1.09888 0.67367
vt -1.10686 0.64285
vt -1.07257 0.69424
vt -1.08036 0.70144
vt -1.04973 0.71154
vt -1.05497 0.72065
vt 0.10429 1.25039
vt 0.10754 1.26047
vt 0.07500 1.71500
vt 0.04246 1.71500
vt 0.04246 1.77000
vt 0.07500 1.77000
vt 0.07930 1.71500
vt 0.04923 1.71500
vt 0.04923 1.77000
vt 0.07930 1.77000
vt 0.01585 1.71500
vt 0.01585 1.77000
vt -0.01422 1.71500
vt -0.01422 1.77000
vt -0.04676 1.71500
vt -0.04676 1.77000
vt -0.07930 1.71500
vt -0.07930 1.77000
vt -0.04246 1.71500
vt -0.07500 1.71500
vt -0.07500 1.77000
vt -0.04246 1.77000
vt -0.10754 1.71500
vt -0.10754 1.77000
vt 0.10754 1.71500
vt 0.10754 1.77000
vt 0.07500 1.19855
vt 0.04246 1.20380
vt 0.04571 1.21388
vt 0.07500 1.20915
vt -1.06806 0.61697
vt -1.04268 0.63619
vt -1.05046 0.64338
vt -1.07331 0.62609
vt -1.02416 0.66396
vt -1.03379 0.66838
vt -1.01617 0.69478
vt -1.02661 0.69612
vt -0.83680 -0.92230
vt -0.85766 -0.89679
vt -0.84592 -0.92769
vt -0.86470 -0.90472
vt -0.88549 -0.87913
vt -0.88975 -0.88883
vt -0.04246 1.20380
vt -0.07500 1.19855
vt -0.07500 1.20915
vt -0.04571 1.21388
vt -0.10754 1.20380
vt -0.10429 1.21388
vt 0.76050 -0.87913
vt 0.73267 -0.89679
vt 0.76475 -0.88883
vt 0.73971 -0.90472
vt 0.71180 -0.92230
vt 0.72093 -0.92769
vt 0.89887 0.69478
vt 0.90686 0.66396
vt 0.90930 0.69612
vt 0.91649 0.66838
vt 0.92538 0.63619
vt 0.93316 0.64338
vt 0.95076 0.61697
vt 0.95601 0.62609
vt 0.10754 1.20380
vt 0.10429 1.21388
vt -0.04571 -0.06082
vt -0.10429 -0.06082
vt -0.07500 -0.06750
vt -0.02223 -0.04209
vt -0.12777 -0.04209
vt -0.00919 -0.01502
vt -0.14081 -0.01502
vt -0.00919 0.01502
vt -0.14081 0.01502
vt -0.12777 0.04209
vt -0.02223 0.04209
vt -0.10429 0.06082
vt -0.04571 0.06082
vt -0.07500 0.06750
vt -0.46542 1.87349
vt -0.46877 1.88259
vt -0.45845 1.87467
vt -0.46270 1.88621
vt -0.47499 1.88926
vt -0.47058 1.89465
vt -0.36140 -1.28958
vt -0.37094 -1.29135
vt -0.35886 -1.29617
vt -0.37094 -1.29842
vt 0.41830 1.39672
vt 0.40895 1.39482
vt 0.40628 1.40137
vt 0.41812 1.40377
vt 0.40094 1.38963
vt 0.39613 1.39480
vt -0.28710 1.95845
vt -0.28751 1.94935
vt -0.29447 1.94816
vt -0.29396 1.95970
vt -0.28416 1.94024
vt -0.29022 1.93662
vt -0.27794 1.93357
vt -0.28235 1.92818
vt -0.33343 -1.49289
vt -0.32388 -1.49111
vt -0.33597 -1.48629
vt -0.32388 -1.48404
vt 0.32410 1.57786
vt 0.33345 1.57976
vt 0.33612 1.57321
vt 0.32428 1.57081
vt 0.34146 1.58495
vt 0.34627 1.57978
vt -0.46583 1.86438
vt -0.45897 1.86313
vt -0.15500 1.91761
vt -0.15500 1.92990
vt 0.15500 1.92990
vt 0.15500 1.91761
vt -1.44873 0.15500
vt -1.46102 0.15500
vt -1.46102 -0.15500
vt -1.44873 -0.15500
vt -0.59001 0.15500
vt -0.60231 0.15500
vt -0.60231 -0.15500
vt -0.59001 -0.15500
vt 0.42844 0.15500
vt 0.41615 0.15500
vt 0.41615 -0.15500
vt 0.42844 -0.15500
vt 1.33374 0.15500
vt 1.32145 0.15500
vt 1.32145 -0.15500
vt 1.33374 -0.15500
vt 0.15500 1.88331
vt 0.15500 1.87102
vt -0.15500 1.87102
vt -0.15500 1.88331
vt 0.45845 1.87467
vt 0.46270 1.88621
vt 0.46877 1.88259
vt 0.46542 1.87349
vt 0.47058 1.89465
vt 0.47499 1.88926
vt -0.35886 1.29617
vt -0.37094 1.29842
vt -0.37094 1.29135
vt -0.36140 1.28958
vt -0.41812 1.40377
vt -0.40628 1.40137
vt -0.41830 1.39672
vt -0.40895 1.39482
vt -0.39613 1.39480
vt -0.40094 1.38963
vt 0.29396 1.95970
vt 0.29447 1.94816
vt 0.28710 1.95845
vt 0.28751 1.94935
vt 0.29022 1.93662
vt 0.28416 1.94024
vt 0.28235 1.92818
vt 0.27794 1.93357
vt -0.33597 1.48629
vt -0.32388 1.48404
vt -0.32388 1.49111
vt -0.33343 1.49289
vt -0.32428 1.57081
vt -0.33612 1.57321
vt -0.32410 1.57786
vt -0.33345 1.57976
vt -0.34627 1.57978
vt -0.34146 1.58495
vt 0.45897 1.86313
vt 0.46583 1.86438
vt -0.07376 1.95813
vt -0.07376 1.97687
vt -0.07125 1.96750
vt -0.08063 1.98374
vt -0.08063 1.95126
vt -0.09000 1.98625
vt -0.09000 1.94875
vt -0.09938 1.95126
vt -0.09937 1.98374
vt -0.10624 1.97687
vt -0.10624 1.95813
vt -0.10875 1.96750
vt 0.07376 1.95813
vt 0.07125 1.96750
vt 0.07376 1.97687
vt 0.08063 1.98374
vt 0.08063 1.95126
vt 0.09000 1.98625
vt 0.09000 1.94875
vt 0.09938 1.95126
vt 0.09937 1.98374
vt 0.10624 1.97687
vt 0.10624 1.95813
vt 0.10875 1.96750
vt 0.42164 0.76122
vt 0.40810 0.74306
vt 0.42425 0.75345
vt 0.40329 0.75743
vt 0.41871 0.73154
vt 0.42999 0.74721
vt 0.43301 0.72514
vt 0.43773 0.74375
vt 0.44816 0.72514
vt 0.44593 0.74375
vt -0.74117 0.27807
vt -0.73422 0.26128
vt -0.73398 0.28175
vt -0.72092 0.26807
vt -0.71143 0.28031
vt -0.72884 0.28838
vt -0.72678 0.29664
vt -0.70762 0.29558
vt -0.71025 0.31085
vt -0.72820 0.30490
vt -0.71880 0.32309
vt -0.73283 0.31153
vt 0.30400 -0.56808
vt 0.29950 -0.54595
vt 0.29669 -0.56465
vt 0.31302 -0.55229
vt 0.28830 -0.56465
vt 0.28401 -0.54595
vt 0.26961 -0.55229
vt 0.28051 -0.56808
vt 0.27485 -0.57427
vt 0.25916 -0.56373
vt 0.27245 -0.58198
vt 0.25472 -0.57798
vt 0.24252 1.75238
vt 0.22316 1.73502
vt 0.22682 1.75343
vt 0.24368 1.73365
vt 0.20486 1.73889
vt 0.21281 1.75639
vt -0.04337 1.71182
vt -0.05608 1.68968
vt -0.05818 1.70887
vt -0.03674 1.69353
vt -0.07650 1.68968
vt -0.07380 1.70887
vt -0.46337 1.73053
vt -0.47011 1.70777
vt -0.47671 1.72534
vt -0.45267 1.71456
vt -0.49012 1.70307
vt -0.49203 1.72174
vt -0.50875 1.70139
vt -0.50629 1.72045
vt 0.03205 1.71989
vt 0.01242 1.70250
vt 0.01637 1.72117
vt 0.03291 1.70082
vt -0.37978 1.72673
vt -0.37145 1.70985
vt -0.39449 1.72297
vt -0.39066 1.70494
vt -0.41075 1.70221
vt -0.40986 1.72088
vt 0.27272 1.60611
vt 0.27576 1.58691
vt 0.25772 1.60611
vt 0.25617 1.58691
vt 0.23608 1.59078
vt 0.24235 1.60908
vt 0.21949 1.59777
vt 0.22965 1.61442
vt 0.25680 1.75343
vt 0.26233 1.73502
vt 0.24322 1.71425
vt 0.22102 1.71575
vt 0.20121 1.71993
vt 0.32217 1.71461
vt 0.29856 1.70059
vt 0.30182 1.71749
vt 0.32060 1.69747
vt -0.07676 1.67082
vt -0.05466 1.67082
vt -0.44598 1.69645
vt -0.46485 1.68909
vt -0.48651 1.68401
vt -0.50668 1.68219
vt 0.01000 1.68344
vt 0.03218 1.68162
vt -0.38700 1.68581
vt -0.36620 1.69113
vt -0.40874 1.68286
vt 0.25386 1.56806
vt 0.27507 1.56806
vt 0.23212 1.57226
vt 0.49619 1.72889
vt 0.47142 1.71705
vt 0.47617 1.73359
vt 0.49308 1.71196
vt 0.26341 1.71575
vt 0.22071 1.69854
vt 0.24122 1.69716
vt 0.34005 1.69184
vt 0.31704 1.67840
vt 0.33501 1.67320
vt 0.29668 1.68129
vt 0.27797 1.68129
vt 0.27832 1.70059
vt -0.30625 1.64740
vt -0.32407 1.62484
vt -0.32818 1.64360
vt -0.30381 1.62835
vt -0.48176 1.66746
vt -0.46174 1.67216
vt 0.16249 1.63579
vt 0.13886 1.61923
vt 0.14050 1.63802
vt 0.15917 1.61717
vt -0.50650 1.61694
vt -0.50373 1.59828
vt -0.52759 1.61459
vt -0.52321 1.59612
vt -0.54274 1.59004
vt -0.54873 1.60802
vt -0.40415 1.66577
vt -0.38407 1.66850
vt -0.00887 1.75720
vt -0.03028 1.73801
vt -0.03113 1.75720
vt -0.00972 1.73801
vt 0.51195 1.70461
vt 0.50525 1.68650
vt 0.48782 1.69329
vt 0.46781 1.69799
vt 0.44918 1.69967
vt 0.45125 1.71886
vt -1.19195 0.22702
vt -1.17344 0.22396
vt -1.18601 0.24670
vt -1.16890 0.23902
vt 0.32579 1.65633
vt 0.31203 1.66031
vt 0.29646 1.66252
vt 0.28214 1.66252
vt -0.30296 1.60928
vt -0.31847 1.60659
vt 0.17802 1.61139
vt 0.16958 1.59386
vt 0.15515 1.59828
vt 0.13960 1.59986
vt -0.51954 1.57721
vt -0.50463 1.57886
vt -0.53449 1.57256
vt -0.55846 1.58127
vt -0.54652 1.56584
vt -0.02787 1.71908
vt -0.01213 1.71908
vt 0.49456 1.67052
vt 0.48122 1.67572
vt 0.46590 1.67932
vt 0.45164 1.68060
vt -1.15416 0.22191
vt -1.15170 0.23006
vt -1.15986 0.25110
vt -1.14681 0.23660
vt -0.24455 0.61019
vt -0.23390 0.59430
vt -0.23016 0.61648
vt -0.22611 0.59771
vt -0.21766 0.59771
vt -0.21454 0.61648
vt 0.69042 0.09408
vt 0.69066 0.07361
vt 0.70371 0.08729
vt 0.68346 0.07728
vt 0.71321 0.07504
vt 0.69580 0.06698
vt 0.69786 0.05872
vt 0.71702 0.05978
vt 0.71438 0.04451
vt 0.69644 0.05046
vt 0.70584 0.03227
vt 0.69181 0.04383
vt -0.16004 -0.84597
vt -0.16961 -0.83001
vt -0.17386 -0.85223
vt -0.17709 -0.83339
vt -0.18556 -0.83339
vt -0.18952 -0.85223
vt -0.20390 -0.84597
vt -0.19334 -0.83001
vt -0.19890 -0.82391
vt -0.21416 -0.83470
vt -1.17259 0.20889
vt -1.15370 0.21376
vt 0.44103 0.76256
vt -0.74586 0.29701
vt 0.29191 -0.58339
vt -0.22233 0.57903
vt -0.23948 0.58816
vt -0.24175 0.58051
vt 0.67878 0.05835
vt -0.18173 -0.81478
vt -0.20112 -0.81630
vt 0.12644 2.10965
vt 0.12424 2.11920
vt 0.13064 2.12214
vt 0.13351 2.10965
vt 0.09321 1.61724
vt 0.08508 1.62159
vt 0.08663 1.62848
vt 0.09725 1.62279
vt 0.07504 1.62159
vt 0.07349 1.62848
vt 0.06691 1.61724
vt 0.06287 1.62279
vt -0.01102 2.11920
vt -0.01322 2.10965
vt -0.01742 2.12214
vt -0.02029 2.10965
vt -0.01102 2.10010
vt -0.01742 2.09716
vt 0.06691 1.49161
vt 0.07504 1.48726
vt 0.07349 1.48038
vt 0.06287 1.48606
vt 0.08508 1.48726
vt 0.08663 1.48038
vt 0.09321 1.49161
vt 0.09725 1.48606
vt 0.12424 2.10010
vt 0.13064 2.09716
vt 0.08750 1.97509
vt 0.08750 1.98823
vt 0.15250 1.98823
vt 0.15250 1.97509
vt 1.16869 0.08750
vt 1.18182 0.08750
vt 1.18182 0.15250
vt 1.16869 0.15250
vt -0.08663 0.08750
vt -0.07349 0.08750
vt -0.07349 0.15250
vt -0.08663 0.15250
vt -1.31136 0.08750
vt -1.29823 0.08750
vt -1.29823 0.15250
vt -1.31136 0.15250
vt -0.08750 2.03771
vt -0.08750 2.02457
vt -0.15250 2.02457
vt -0.15250 2.03771
vt -0.08750 1.98823
vt -0.08750 1.97509
vt -0.15250 1.97509
vt -0.15250 1.98823
vt 1.18182 -0.08750
vt 1.16869 -0.08750
vt 1.16869 -0.15250
vt 1.18182 -0.15250
vt -0.07349 -0.08750
vt -0.08663 -0.08750
vt -0.08663 -0.15250
vt -0.07349 -0.15250
vt -1.29823 -0.08750
vt -1.31136 -0.08750
vt -1.31136 -0.15250
vt -1.29823 -0.15250
vt 0.08750 2.02457
vt 0.08750 2.03771
vt 0.15250 2.03771
vt 0.15250 2.02457
vt 0.03620 2.10965
vt 0.03907 2.12214
vt 0.04327 2.10965
vt 0.04546 2.11920
vt -0.09725 1.46052
vt -0.08663 1.46621
vt -0.09321 1.45498
vt -0.08508 1.45933
vt -0.07349 1.46621
vt -0.07504 1.45933
vt -0.06287 1.46052
vt -0.06691 1.45498
vt -0.15229 2.12214
vt -0.14942 2.10965
vt -0.15649 2.10965
vt -0.15868 2.11920
vt -0.15229 2.09716
vt -0.15868 2.10010
vt -0.06287 1.64833
vt -0.07349 1.64264
vt -0.06691 1.65387
vt -0.07504 1.64952
vt -0.08663 1.64264
vt -0.08508 1.64952
vt -0.09725 1.64833
vt -0.09321 1.65387
vt 0.03907 2.09716
vt 0.04546 2.10010
vt 0.09321 2.10010
vt 0.09321 2.11920
vt 0.09631 2.10965
vt 0.08508 2.09420
vt 0.08508 2.12511
vt 0.07504 2.12511
vt 0.07504 2.09420
vt 0.06691 2.11920
vt 0.06691 2.10010
vt 0.06381 2.10965
vt -0.09321 2.10010
vt -0.09631 2.10965
vt -0.09321 2.11920
vt -0.08508 2.09420
vt -0.08508 2.12511
vt -0.07504 2.12511
vt -0.07504 2.09420
vt -0.06691 2.11920
vt -0.06691 2.10010
vt -0.06381 2.10965
vt 0.06735 2.20924
vt 0.06516 2.21879
vt 0.07155 2.22173
vt 0.07442 2.20924
vt 0.00964 1.69062
vt 0.00152 1.69497
vt 0.00306 1.70185
vt 0.01369 1.69616
vt -0.00852 1.69497
vt -0.01007 1.70185
vt -0.01665 1.69062
vt -0.02069 1.69616
vt -0.07011 2.21879
vt -0.07230 2.20924
vt -0.07650 2.22173
vt -0.07937 2.20924
vt -0.07011 2.19969
vt -0.07650 2.19675
vt -0.01665 1.56499
vt -0.00852 1.56064
vt -0.01007 1.55375
vt -0.02069 1.55944
vt 0.00152 1.56064
vt 0.00306 1.55375
vt 0.00964 1.56499
vt 0.01369 1.55944
vt 0.06516 2.19969
vt 0.07155 2.19675
vt 0.08750 2.09563
vt 0.08750 2.10876
vt 0.15250 2.10876
vt 0.15250 2.09563
vt 1.29483 0.08750
vt 1.30796 0.08750
vt 1.30796 0.15250
vt 1.29483 0.15250
vt -0.00306 0.08750
vt 0.01007 0.08750
vt 0.01007 0.15250
vt -0.00306 0.15250
vt -1.30229 0.08750
vt -1.28916 0.08750
vt -1.28916 0.15250
vt -1.30229 0.15250
vt -0.08750 2.10660
vt -0.08750 2.09346
vt -0.15250 2.09346
vt -0.15250 2.10660
vt -0.08750 2.10876
vt -0.08750 2.09563
vt -0.15250 2.09563
vt -0.15250 2.10876
vt 1.30796 -0.08750
vt 1.29483 -0.08750
vt 1.29483 -0.15250
vt 1.30796 -0.15250
vt 0.01007 -0.08750
vt -0.00306 -0.08750
vt -0.00306 -0.15250
vt 0.01007 -0.15250
vt -1.28916 -0.08750
vt -1.30229 -0.08750
vt -1.30229 -0.15250
vt -1.28916 -0.15250
vt 0.08750 2.09346
vt 0.08750 2.10660
vt 0.15250 2.10660
vt 0.15250 2.09346
vt 0.09528 2.20924
vt 0.09815 2.22173
vt 0.10236 2.20924
vt 0.10455 2.21879
vt -0.01369 1.53390
vt -0.00306 1.53959
vt -0.00964 1.52836
vt -0.00152 1.53270
vt 0.01007 1.53959
vt 0.00852 1.53270
vt 0.02069 1.53390
vt 0.01665 1.52836
vt -0.09320 2.22173
vt -0.09033 2.20924
vt -0.09740 2.20924
vt -0.09960 2.21879
vt -0.09320 2.19675
vt -0.09960 2.19969
vt 0.02069 1.72170
vt 0.01007 1.71602
vt 0.01665 1.72725
vt 0.00852 1.72290
vt -0.00306 1.71602
vt -0.00152 1.72290
vt -0.01369 1.72170
vt -0.00964 1.72725
vt 0.09815 2.19675
vt 0.10455 2.19969
vt -0.01665 2.21879
vt -0.01665 2.19969
vt -0.01975 2.20924
vt -0.00852 2.22469
vt -0.00852 2.19378
vt 0.00152 2.22469
vt 0.00152 2.19378
vt 0.00964 2.21879
vt 0.00964 2.19969
vt 0.01275 2.20924
vt 0.01665 2.21879
vt 0.01975 2.20924
vt 0.01665 2.19969
vt 0.00852 2.22469
vt 0.00852 2.19378
vt -0.00152 2.22469
vt -0.00152 2.19378
vt -0.00964 2.21879
vt -0.00964 2.19969
vt -0.01275 2.20924
vt 0.06812 2.10946
vt 0.06592 2.11901
vt 0.07232 2.12195
vt 0.07519 2.10946
vt 0.09073 1.56301
vt 0.08260 1.56736
vt 0.08415 1.57424
vt 0.09477 1.56856
vt 0.07256 1.56736
vt 0.07101 1.57424
vt 0.06443 1.56301
vt 0.06039 1.56856
vt 0.04379 2.11901
vt 0.04160 2.10946
vt 0.03740 2.12195
vt 0.03453 2.10946
vt 0.04379 2.09991
vt 0.03740 2.09697
vt 0.06443 1.54555
vt 0.07256 1.54120
vt 0.07101 1.53432
vt 0.06039 1.54001
vt 0.08260 1.54120
vt 0.08415 1.53432
vt 0.09073 1.54555
vt 0.09477 1.54001
vt 0.06592 2.09991
vt 0.07232 2.09697
vt 0.00750 1.97567
vt 0.00750 1.98881
vt 0.07250 1.98881
vt 0.07250 1.97567
vt 1.17058 0.00750
vt 1.18371 0.00750
vt 1.18371 0.07250
vt 1.17058 0.07250
vt -0.08415 0.00750
vt -0.07101 0.00750
vt -0.07101 0.07250
vt -0.08415 0.07250
vt -1.30924 0.00750
vt -1.29611 0.00750
vt -1.29611 0.07250
vt -1.30924 0.07250
vt -0.00750 2.03675
vt -0.00750 2.02362
vt -0.07250 2.02362
vt -0.07250 2.03675
vt -0.00750 1.98881
vt -0.00750 1.97567
vt -0.07250 1.97567
vt -0.07250 1.98881
vt 1.18371 -0.00750
vt 1.17058 -0.00750
vt 1.17058 -0.07250
vt 1.18371 -0.07250
vt -0.07101 -0.00750
vt -0.08415 -0.00750
vt -0.08415 -0.07250
vt -0.07101 -0.07250
vt -1.29611 -0.00750
vt -1.30924 -0.00750
vt -1.30924 -0.07250
vt -1.29611 -0.07250
vt 0.00750 2.02362
vt 0.00750 2.03675
vt 0.07250 2.03675
vt 0.07250 2.02362
vt -0.01862 2.10946
vt -0.01575 2.12195
vt -0.01155 2.10946
vt -0.00935 2.11901
vt -0.09477 1.51447
vt -0.08415 1.52016
vt -0.09073 1.50892
vt -0.08260 1.51327
vt -0.07101 1.52016
vt -0.07256 1.51327
vt -0.06039 1.51447
vt -0.06443 1.50892
vt -0.09397 2.12195
vt -0.09110 2.10946
vt -0.09817 2.10946
vt -0.10036 2.11901
vt -0.09397 2.09697
vt -0.10036 2.09991
vt -0.06039 1.59410
vt -0.07101 1.58841
vt -0.06443 1.59964
vt -0.07256 1.59529
vt -0.08415 1.58841
vt -0.08260 1.59529
vt -0.09477 1.59410
vt -0.09073 1.59964
vt -0.01575 2.09697
vt -0.00935 2.09991
vt 0.09073 2.09991
vt 0.09073 2.11901
vt 0.09383 2.10946
vt 0.08260 2.09400
vt 0.08260 2.12491
vt 0.07256 2.12491
vt 0.07256 2.09400
vt 0.06443 2.11901
vt 0.06443 2.09991
vt 0.06133 2.10946
vt -0.09073 2.09991
vt -0.09383 2.10946
vt -0.09073 2.11901
vt -0.08260 2.09400
vt -0.08260 2.12491
vt -0.07256 2.12491
vt -0.07256 2.09400
vt -0.06443 2.11901
vt -0.06443 2.09991
vt -0.06133 2.10946
vt 0.00661 2.20607
vt 0.00441 2.21562
vt 0.01081 2.21856
vt 0.01368 2.20607
vt 0.00374 1.63419
vt -0.00439 1.63854
vt -0.00284 1.64543
vt 0.00778 1.63974
vt -0.01443 1.63854
vt -0.01597 1.64543
vt -0.02255 1.63419
vt -0.02660 1.63974
vt -0.01772 2.21562
vt -0.01991 2.20607
vt -0.02411 2.21856
vt -0.02698 2.20607
vt -0.01772 2.19652
vt -0.02411 2.19358
vt -0.02255 1.61674
vt -0.01443 1.61239
vt -0.01597 1.60550
vt -0.02660 1.61119
vt -0.00439 1.61239
vt -0.00284 1.60550
vt 0.00374 1.61674
vt 0.00778 1.61119
vt 0.00441 2.19652
vt 0.01081 2.19358
vt 0.00750 2.09443
vt 0.00750 2.10757
vt 0.07250 2.10757
vt 0.07250 2.09443
vt 1.29774 0.00750
vt 1.31087 0.00750
vt 1.31087 0.07250
vt 1.29774 0.07250
vt 0.00284 0.00750
vt 0.01597 0.00750
vt 0.01597 0.07250
vt 0.00284 0.07250
vt -1.29565 0.00750
vt -1.28252 0.00750
vt -1.28252 0.07250
vt -1.29565 0.07250
vt -0.00750 2.10175
vt -0.00750 2.08862
vt -0.07250 2.08862
vt -0.07250 2.10175
vt -0.00750 2.10757
vt -0.00750 2.09443
vt -0.07250 2.09443
vt -0.07250 2.10757
vt 1.31087 -0.00750
vt 1.29774 -0.00750
vt 1.29774 -0.07250
vt 1.31087 -0.07250
vt 0.01597 -0.00750
vt 0.00284 -0.00750
vt 0.00284 -0.07250
vt 0.01597 -0.07250
vt -1.28252 -0.00750
vt -1.29565 -0.00750
vt -1.29565 -0.07250
vt -1.28252 -0.07250
vt 0.00750 2.08862
vt 0.00750 2.10175
vt 0.07250 2.10175
vt 0.07250 2.08862
vt 0.04289 2.20607
vt 0.04576 2.21856
vt 0.04996 2.20607
vt 0.05216 2.21562
vt -0.00778 1.58565
vt 0.00284 1.59134
vt -0.00374 1.58011
vt 0.00439 1.58445
vt 0.01597 1.59134
vt 0.01443 1.58445
vt 0.02660 1.58565
vt 0.02255 1.58011
vt -0.03246 2.21856
vt -0.02959 2.20607
vt -0.03666 2.20607
vt -0.03885 2.21562
vt -0.03246 2.19358
vt -0.03885 2.19652
vt 0.02660 1.66528
vt 0.01597 1.65959
vt 0.02255 1.67082
vt 0.01443 1.66647
vt 0.00284 1.65959
vt 0.00439 1.66647
vt -0.00778 1.66528
vt -0.00374 1.67082
vt 0.04576 2.19358
vt 0.05216 2.19652
vt -0.02255 2.21562
vt -0.02255 2.19652
vt -0.02566 2.20607
vt -0.01443 2.22152
vt -0.01443 2.19061
vt -0.00439 2.22152
vt -0.00439 2.19061
vt 0.00374 2.21562
vt 0.00374 2.19652
vt 0.00684 2.20607
vt 0.02255 2.21562
vt 0.02566 2.20607
vt 0.02255 2.19652
vt 0.01443 2.22152
vt 0.01443 2.19061
vt 0.00439 2.22152
vt 0.00439 2.19061
vt -0.00374 2.21562
vt -0.00374 2.19652
vt -0.00684 2.20607
vt 0.00980 2.10922
vt 0.00760 2.11877
vt 0.01400 2.12171
vt 0.01687 2.10922
vt 0.08825 1.50875
vt 0.08013 1.51310
vt 0.08167 1.51998
vt 0.09230 1.51429
vt 0.07008 1.51310
vt 0.06854 1.51998
vt 0.06196 1.50875
vt 0.05791 1.51429
vt 0.09861 2.11877
vt 0.09642 2.10922
vt 0.09222 2.12171
vt 0.08935 2.10922
vt 0.09861 2.09967
vt 0.09222 2.09673
vt 0.06196 1.59947
vt 0.07008 1.59512
vt 0.06854 1.58823
vt 0.05791 1.59392
vt 0.08013 1.59512
vt 0.08167 1.58823
vt 0.08825 1.59947
vt 0.09230 1.59392
vt 0.00760 2.09967
vt 0.01400 2.09673
vt -0.07250 1.97621
vt -0.07250 1.98934
vt -0.00750 1.98934
vt -0.00750 1.97621
vt 1.17244 -0.07250
vt 1.18557 -0.07250
vt 1.18557 -0.00750
vt 1.17244 -0.00750
vt -0.08167 -0.07250
vt -0.06854 -0.07250
vt -0.06854 -0.00750
vt -0.08167 -0.00750
vt -1.30710 -0.07250
vt -1.29396 -0.07250
vt -1.29396 -0.00750
vt -1.30710 -0.00750
vt 0.07250 2.03576
vt 0.07250 2.02263
vt 0.00750 2.02263
vt 0.00750 2.03576
vt 0.07250 1.98934
vt 0.07250 1.97621
vt 0.00750 1.97621
vt 0.00750 1.98934
vt 1.18557 0.07250
vt 1.17244 0.07250
vt 1.17244 0.00750
vt 1.18557 0.00750
vt -0.06854 0.07250
vt -0.08167 0.07250
vt -0.08167 0.00750
vt -0.06854 0.00750
vt -1.29396 0.07250
vt -1.30710 0.07250
vt -1.30710 0.00750
vt -1.29396 0.00750
vt -0.07250 2.02263
vt -0.07250 2.03576
vt -0.00750 2.03576
vt -0.00750 2.02263
vt -0.07344 2.10922
vt -0.07057 2.12171
vt -0.06637 2.10922
vt -0.06417 2.11877
vt -0.09230 1.56838
vt -0.08167 1.57407
vt -0.08825 1.56283
vt -0.08013 1.56718
vt -0.06854 1.57407
vt -0.07008 1.56718
vt -0.05791 1.56838
vt -0.06196 1.56283
vt -0.03565 2.12171
vt -0.03278 2.10922
vt -0.03985 2.10922
vt -0.04204 2.11877
vt -0.03565 2.09673
vt -0.04204 2.09967
vt -0.05791 1.53983
vt -0.06854 1.53414
vt -0.06196 1.54538
vt -0.07008 1.54103
vt -0.08167 1.53414
vt -0.08013 1.54103
vt -0.09230 1.53983
vt -0.08825 1.54538
vt -0.07057 2.09673
vt -0.06417 2.09967
vt 0.08825 2.09967
vt 0.08825 2.11877
vt 0.09135 2.10922
vt 0.08013 2.09376
vt 0.08013 2.12467
vt 0.07008 2.12467
vt 0.07008 2.09376
vt 0.06196 2.11877
vt 0.06196 2.09967
vt 0.05885 2.10922
vt -0.08825 2.09967
vt -0.09135 2.10922
vt -0.08825 2.11877
vt -0.08013 2.09376
vt -0.08013 2.12467
vt -0.07008 2.12467
vt -0.07008 2.09376
vt -0.06196 2.11877
vt -0.06196 2.09967
vt -0.05885 2.10922
vt -0.05520 2.20114
vt -0.05740 2.21069
vt -0.05100 2.21363
vt -0.04813 2.20114
vt -0.00367 1.57648
vt -0.01180 1.58083
vt -0.01025 1.58771
vt 0.00037 1.58202
vt -0.02184 1.58083
vt -0.02339 1.58771
vt -0.02997 1.57648
vt -0.03401 1.58202
vt 0.03361 2.21069
vt 0.03142 2.20114
vt 0.02722 2.21363
vt 0.02435 2.20114
vt 0.03361 2.19159
vt 0.02722 2.18865
vt -0.02997 1.66720
vt -0.02184 1.66285
vt -0.02339 1.65596
vt -0.03401 1.66165
vt -0.01180 1.66285
vt -0.01025 1.65596
vt -0.00367 1.66720
vt 0.00037 1.66165
vt -0.05740 2.19159
vt -0.05100 2.18865
vt -0.07250 2.09204
vt -0.07250 2.10518
vt -0.00750 2.10518
vt -0.00750 2.09204
vt 1.30084 -0.07250
vt 1.31397 -0.07250
vt 1.31397 -0.00750
vt 1.30084 -0.00750
vt 0.01025 -0.07250
vt 0.02339 -0.07250
vt 0.02339 -0.00750
vt 0.01025 -0.00750
vt -1.28676 -0.07250
vt -1.27363 -0.07250
vt -1.27363 -0.00750
vt -1.28676 -0.00750
vt 0.07250 2.09478
vt 0.07250 2.08165
vt 0.00750 2.08165
vt 0.00750 2.09478
vt 0.07250 2.10518
vt 0.07250 2.09204
vt 0.00750 2.09204
vt 0.00750 2.10518
vt 1.31397 0.07250
vt 1.30084 0.07250
vt 1.30084 0.00750
vt 1.31397 0.00750
vt 0.02339 0.07250
vt 0.01025 0.07250
vt 0.01025 0.00750
vt 0.02339 0.00750
vt -1.27363 0.07250
vt -1.28676 0.07250
vt -1.28676 0.00750
vt -1.27363 0.00750
vt -0.07250 2.08165
vt -0.07250 2.09478
vt -0.00750 2.09478
vt -0.00750 2.08165
vt -0.00844 2.20114
vt -0.00557 2.21363
vt -0.00137 2.20114
vt 0.00083 2.21069
vt -0.00037 1.63611
vt 0.01025 1.64180
vt 0.00367 1.63057
vt 0.01180 1.63491
vt 0.02339 1.64180
vt 0.02184 1.63491
vt 0.03401 1.63611
vt 0.02997 1.63057
vt 0.02935 2.21363
vt 0.03222 2.20114
vt 0.02515 2.20114
vt 0.02296 2.21069
vt 0.02935 2.18865
vt 0.02296 2.19159
vt 0.03401 1.60756
vt 0.02339 1.60188
vt 0.02997 1.61311
vt 0.02184 1.60876
vt 0.01025 1.60188
vt 0.01180 1.60876
vt -0.00037 1.60756
vt 0.00367 1.61311
vt -0.00557 2.18865
vt 0.00083 2.19159
vt -0.02997 2.21069
vt -0.02997 2.19159
vt -0.03307 2.20114
vt -0.02184 2.21660
vt -0.02184 2.18569
vt -0.01180 2.21660
vt -0.01180 2.18569
vt -0.00367 2.21069
vt -0.00367 2.19159
vt -0.00057 2.20114
vt 0.02997 2.21069
vt 0.03307 2.20114
vt 0.02997 2.19159
vt 0.02184 2.21660
vt 0.02184 2.18569
vt 0.01180 2.21660
vt 0.01180 2.18569
vt 0.00367 2.21069
vt 0.00367 2.19159
vt 0.00057 2.20114
vt -0.05026 2.10861
vt -0.05246 2.11816
vt -0.04606 2.12110
vt -0.04319 2.10861
vt 0.08331 1.45421
vt 0.07519 1.45856
vt 0.07673 1.46545
vt 0.08736 1.45976
vt 0.06515 1.45856
vt 0.06360 1.46545
vt 0.05702 1.45421
vt 0.05298 1.45976
vt 0.15169 2.11816
vt 0.14949 2.10861
vt 0.14529 2.12110
vt 0.14242 2.10861
vt 0.15169 2.09906
vt 0.14529 2.09612
vt 0.05702 1.65311
vt 0.06515 1.64876
vt 0.06360 1.64187
vt 0.05298 1.64756
vt 0.07519 1.64876
vt 0.07673 1.64187
vt 0.08331 1.65311
vt 0.08736 1.64756
vt -0.05246 2.09906
vt -0.04606 2.09612
vt -0.15250 1.97716
vt -0.15250 1.99029
vt -0.08750 1.99029
vt -0.08750 1.97716
vt 1.17608 -0.15250
vt 1.18921 -0.15250
vt 1.18921 -0.08750
vt 1.17608 -0.08750
vt -0.07673 -0.15250
vt -0.06360 -0.15250
vt -0.06360 -0.08750
vt -0.07673 -0.08750
vt -1.30275 -0.15250
vt -1.28961 -0.15250
vt -1.28961 -0.08750
vt -1.30275 -0.08750
vt 0.15250 2.03366
vt 0.15250 2.02053
vt 0.08750 2.02053
vt 0.08750 2.03366
vt 0.15250 1.99029
vt 0.15250 1.97716
vt 0.08750 1.97716
vt 0.08750 1.99029
vt 1.18921 0.15250
vt 1.17608 0.15250
vt 1.17608 0.08750
vt 1.18921 0.08750
vt -0.06360 0.15250
vt -0.07673 0.15250
vt -0.07673 0.08750
vt -0.06360 0.08750
vt -1.28961 0.15250
vt -1.30275 0.15250
vt -1.30275 0.08750
vt -1.28961 0.08750
vt -0.15250 2.02053
vt -0.15250 2.03366
vt -0.08750 2.03366
vt -0.08750 2.02053
vt -0.12651 2.10861
vt -0.12364 2.12110
vt -0.11944 2.10861
vt -0.11725 2.11816
vt -0.08736 1.62202
vt -0.07673 1.62771
vt -0.08331 1.61648
vt -0.07519 1.62082
vt -0.06360 1.62771
vt -0.06515 1.62082
vt -0.05298 1.62202
vt -0.05702 1.61648
vt 0.02441 2.12110
vt 0.02728 2.10861
vt 0.02021 2.10861
vt 0.01802 2.11816
vt 0.02441 2.09612
vt 0.01802 2.09906
vt -0.05298 1.48530
vt -0.06360 1.47961
vt -0.05702 1.49084
vt -0.06515 1.48649
vt -0.07673 1.47961
vt -0.07519 1.48649
vt -0.08736 1.48530
vt -0.08331 1.49084
vt -0.12364 2.09612
vt -0.11725 2.09906
vt 0.08331 2.09906
vt 0.08331 2.11816
vt 0.08642 2.10861
vt 0.07519 2.09316
vt 0.07519 2.12407
vt 0.06515 2.12407
vt 0.06515 2.09316
vt 0.05702 2.11816
vt 0.05702 2.09906
vt 0.05392 2.10861
vt -0.08331 2.09906
vt -0.08642 2.10861
vt -0.08331 2.11816
vt -0.07519 2.09316
vt -0.07519 2.12407
vt -0.06515 2.12407
vt -0.06515 2.09316
vt -0.05702 2.11816
vt -0.05702 2.09906
vt -0.05392 2.10861
vt -0.11964 2.19390
vt -0.12183 2.20345
vt -0.11544 2.20639
vt -0.11257 2.19390
vt -0.01480 1.51705
vt -0.02292 1.52140
vt -0.02138 1.52829
vt -0.01075 1.52260
vt -0.03297 1.52140
vt -0.03451 1.52829
vt -0.04109 1.51705
vt -0.04514 1.52260
vt 0.08231 2.20345
vt 0.08012 2.19390
vt 0.07592 2.20639
vt 0.07305 2.19390
vt 0.08231 2.18435
vt 0.07592 2.18141
vt -0.04109 1.71595
vt -0.03297 1.71160
vt -0.03451 1.70471
vt -0.04514 1.71040
vt -0.02292 1.71160
vt -0.02138 1.70471
vt -0.01480 1.71595
vt -0.01075 1.71040
vt -0.12183 2.18435
vt -0.11544 2.18141
vt -0.15250 2.08859
vt -0.15250 2.10173
vt -0.08750 2.10173
vt -0.08750 2.08859
vt 1.30558 -0.15250
vt 1.31872 -0.15250
vt 1.31872 -0.08750
vt 1.30558 -0.08750
vt 0.02138 -0.15250
vt 0.03451 -0.15250
vt 0.03451 -0.08750
vt 0.02138 -0.08750
vt -1.27350 -0.15250
vt -1.26037 -0.15250
vt -1.26037 -0.08750
vt -1.27350 -0.08750
vt 0.15250 2.08446
vt 0.15250 2.07132
vt 0.08750 2.07132
vt 0.08750 2.08446
vt 0.15250 2.10173
vt 0.15250 2.08859
vt 0.08750 2.08859
vt 0.08750 2.10173
vt 1.31872 0.15250
vt 1.30558 0.15250
vt 1.30558 0.08750
vt 1.31872 0.08750
vt 0.03451 0.15250
vt 0.02138 0.15250
vt 0.02138 0.08750
vt 0.03451 0.08750
vt -1.26037 0.15250
vt -1.27350 0.15250
vt -1.27350 0.08750
vt -1.26037 0.08750
vt -0.15250 2.07132
vt -0.15250 2.08446
vt -0.08750 2.08446
vt -0.08750 2.07132
vt -0.05714 2.19390
vt -0.05427 2.20639
vt -0.05007 2.19390
vt -0.04787 2.20345
vt 0.01075 1.68486
vt 0.02138 1.69055
vt 0.01480 1.67932
vt 0.02292 1.68367
vt 0.03451 1.69055
vt 0.03297 1.68367
vt 0.04514 1.68486
vt 0.04109 1.67932
vt 0.09379 2.20639
vt 0.09666 2.19390
vt 0.08959 2.19390
vt 0.08739 2.20345
vt 0.09379 2.18141
vt 0.08739 2.18435
vt 0.04514 1.54814
vt 0.03451 1.54245
vt 0.04109 1.55369
vt 0.03297 1.54934
vt 0.02138 1.54245
vt 0.02292 1.54934
vt 0.01075 1.54814
vt 0.01480 1.55369
vt -0.05427 2.18141
vt -0.04787 2.18435
vt -0.04109 2.20345
vt -0.04109 2.18435
vt -0.04419 2.19390
vt -0.03297 2.20936
vt -0.03297 2.17845
vt -0.02292 2.17845
vt -0.02292 2.20936
vt -0.01480 2.20345
vt -0.01480 2.18435
vt -0.01169 2.19390
vt 0.04109 2.20345
vt 0.04419 2.19390
vt 0.04109 2.18435
vt 0.03297 2.20936
vt 0.03297 2.17845
vt 0.02292 2.17845
vt 0.02292 2.20936
vt 0.01480 2.20345
vt 0.01480 2.18435
vt 0.01169 2.19390
vt 0.56073 1.71234
vt 0.56419 1.72151
vt 0.57114 1.72041
vt 0.56661 1.70842
vt 0.65834 -0.75642
vt 0.66105 -0.76609
vt 0.66811 -0.76572
vt 0.66457 -0.75307
vt 0.64761 0.58950
vt 0.64844 0.57974
vt 0.65544 0.57874
vt 0.65435 0.59151
vt 0.64492 0.57059
vt 0.65084 0.56678
vt -0.40490 1.82751
vt -0.40144 1.81835
vt -0.41186 1.82642
vt -0.40732 1.81443
vt -0.39432 1.81161
vt -0.39802 1.80562
vt 0.12215 1.83542
vt 0.13028 1.83107
vt 0.11811 1.82987
vt 0.12873 1.82419
vt 0.14032 1.83107
vt 0.14186 1.82419
vt 0.14844 1.83542
vt 0.15249 1.82987
vt 0.55361 1.70560
vt 0.55730 1.69961
vt -0.10104 1.80125
vt -0.09567 1.81324
vt -0.03178 1.78464
vt -0.03714 1.77265
vt -0.55695 -1.09249
vt -0.55345 -1.10515
vt -0.48598 -1.08649
vt -0.48949 -1.07383
vt -0.82805 0.14186
vt -0.82805 0.12873
vt -0.75805 0.12873
vt -0.75805 0.14186
vt -0.49509 1.31614
vt -0.49859 1.30348
vt -0.42762 1.29748
vt -0.43112 1.28482
vt 0.06151 1.88956
vt 0.06688 1.87757
vt 0.00298 1.84898
vt -0.00238 1.86096
vt 0.09567 1.81324
vt 0.10104 1.80125
vt 0.03714 1.77265
vt 0.03178 1.78464
vt -0.55345 1.10515
vt -0.55695 1.09249
vt -0.48598 1.08649
vt -0.48949 1.07383
vt -0.82805 -0.12873
vt -0.82805 -0.14186
vt -0.75805 -0.14186
vt -0.75805 -0.12873
vt -0.49859 -1.30348
vt -0.49509 -1.31614
vt -0.42762 -1.29748
vt -0.43112 -1.28482
vt -0.06688 1.87757
vt -0.06151 1.88956
vt 0.00238 1.86096
vt -0.00298 1.84898
vt 0.00103 1.88089
vt 0.00798 1.89166
vt 0.00760 1.87835
vt 0.01291 1.88659
vt 0.01893 1.89831
vt 0.02129 1.89168
vt -0.30434 1.86211
vt -0.29228 1.86211
vt -0.29417 1.85531
vt -0.30339 1.85531
vt -0.28071 1.85591
vt -0.28532 1.85057
vt -0.27402 1.84588
vt -0.28021 1.84290
vt -0.67856 1.47033
vt -0.67229 1.45878
vt -0.67909 1.45685
vt -0.68388 1.46568
vt 0.75753 -0.11811
vt 0.75184 -0.12873
vt 0.75872 -0.13028
vt 0.76307 -0.12215
vt 0.75184 -0.14186
vt 0.75872 -0.14032
vt 0.75753 -0.15249
vt 0.76307 -0.14844
vt 0.55629 1.61686
vt 0.56255 1.62841
vt 0.56309 1.61493
vt 0.56788 1.62376
vt 0.14844 1.72662
vt 0.14844 1.74572
vt 0.15155 1.73617
vt 0.14032 1.75163
vt 0.14032 1.72072
vt 0.13028 1.75163
vt 0.13028 1.72072
vt 0.12215 1.74572
vt 0.12215 1.72662
vt 0.11905 1.73617
vt -0.14844 1.72662
vt -0.15155 1.73617
vt -0.14844 1.74572
vt -0.14032 1.75163
vt -0.14032 1.72072
vt -0.13028 1.75163
vt -0.13028 1.72072
vt -0.12215 1.74572
vt -0.12215 1.72662
vt -0.11905 1.73617
vt 0.60757 1.78327
vt 0.61103 1.79243
vt 0.61798 1.79134
vt 0.61345 1.77935
vt 0.72752 -0.32586
vt 0.73103 -0.33501
vt 0.73803 -0.33402
vt 0.73343 -0.32205
vt 0.73020 -0.34478
vt 0.73695 -0.34679
vt -0.68158 1.66854
vt -0.68133 1.65933
vt -0.68841 1.66930
vt -0.68807 1.65725
vt -0.67635 1.65061
vt -0.68156 1.64585
vt -0.66854 1.64571
vt -0.67135 1.63945
vt 0.12172 1.89805
vt 0.12985 1.89370
vt 0.11768 1.89250
vt 0.12830 1.88681
vt 0.13989 1.89370
vt 0.14143 1.88681
vt 0.14801 1.89805
vt 0.15206 1.89250
vt 0.60045 1.77653
vt 0.60414 1.77054
vt -0.06796 1.87515
vt -0.06259 1.88714
vt 0.00130 1.85855
vt -0.00407 1.84656
vt -0.54354 -1.14098
vt -0.54004 -1.15364
vt -0.47607 -1.12232
vt -0.47257 -1.13497
vt -0.82805 0.14143
vt -0.82805 0.12830
vt -0.75805 0.12830
vt -0.75805 0.14143
vt -0.48186 1.36396
vt -0.48536 1.35130
vt -0.41790 1.33264
vt -0.41440 1.34530
vt 0.02854 1.96322
vt 0.03391 1.95124
vt -0.03535 1.93463
vt -0.02998 1.92264
vt 0.06259 1.88714
vt 0.06796 1.87515
vt 0.00407 1.84656
vt -0.00130 1.85855
vt -0.54004 1.15364
vt -0.54354 1.14098
vt -0.47257 1.13497
vt -0.47607 1.12232
vt -0.82805 -0.12830
vt -0.82805 -0.14143
vt -0.75805 -0.14143
vt -0.75805 -0.12830
vt -0.48536 -1.35130
vt -0.48186 -1.36396
vt -0.41440 -1.34530
vt -0.41790 -1.33264
vt -0.03391 1.95124
vt -0.02854 1.96322
vt 0.02998 1.92264
vt 0.03535 1.93463
vt 0.47086 1.87425
vt 0.48017 1.88306
vt 0.48386 1.87707
vt 0.47674 1.87033
vt -0.15206 1.86358
vt -0.14143 1.86927
vt -0.13989 1.86239
vt -0.14801 1.85804
vt -0.12830 1.86927
vt -0.12985 1.86239
vt -0.11768 1.86358
vt -0.12172 1.85804
vt -0.63895 1.77738
vt -0.62964 1.76858
vt -0.64265 1.77139
vt -0.63553 1.76466
vt -0.62511 1.75659
vt -0.63206 1.75549
vt 0.74917 0.79525
vt 0.74563 0.78260
vt 0.75540 0.79190
vt 0.75269 0.78223
vt 0.73610 -0.58079
vt 0.73501 -0.59356
vt 0.74202 -0.59256
vt 0.74284 -0.58280
vt 0.73961 -0.60552
vt 0.74553 -0.60171
vt 0.46633 1.86226
vt 0.47328 1.86116
vt 0.14801 1.81162
vt 0.14801 1.83072
vt 0.15112 1.82117
vt 0.13989 1.83663
vt 0.13989 1.80572
vt 0.12985 1.83663
vt 0.12985 1.80572
vt 0.12172 1.81162
vt 0.12172 1.83072
vt 0.11862 1.82117
vt -0.14801 1.81162
vt -0.15112 1.82117
vt -0.14801 1.83072
vt -0.13989 1.83663
vt -0.13989 1.80572
vt -0.12985 1.83663
vt -0.12985 1.80572
vt -0.12172 1.83072
vt -0.12172 1.81162
vt -0.11862 1.82117
vn -0.0575 0.7059 0.7059
vn -0.3581 0.7059 0.6111
vn -0.2613 0.7062 0.6580
vn 0.0500 0.7062 0.7062
vn -0.5878 0.7059 0.3952
vn -0.5210 0.7062 0.4794
vn -0.7010 0.7059 0.1010
vn -0.6774 0.7062 0.2059
vn -0.6754 0.7059 -0.2132
vn -0.6996 0.7062 -0.1084
vn -0.5160 0.7059 -0.4851
vn -0.5833 0.7062 -0.4012
vn -0.3068 0.7071 -0.6371
vn -0.0000 0.7071 -0.7071
vn 0.3581 0.7059 -0.6111
vn 0.2613 0.7062 -0.6580
vn 0.5528 0.7071 -0.4409
vn 0.6894 0.7071 -0.1573
vn 0.6754 0.7059 0.2132
vn 0.6996 0.7062 0.1084
vn 0.5160 0.7059 0.4851
vn 0.5833 0.7062 0.4012
vn 0.2544 0.7059 0.6610
vn 0.3515 0.7062 0.6146
vn -0.0759 0.0000 0.9971
vn -0.5010 0.0000 0.8655
vn -0.3643 0.0000 0.9313
vn 0.0759 0.0000 0.9971
vn -0.8269 0.0000 0.5624
vn -0.7323 0.0000 0.6810
vn -0.9890 0.0000 0.1479
vn -0.9552 0.0000 0.2958
vn -0.9552 0.0000 -0.2958
vn -0.9890 0.0000 -0.1479
vn -0.7323 0.0000 -0.6810
vn -0.8269 0.0000 -0.5624
vn -0.3643 0.0000 -0.9313
vn -0.5010 0.0000 -0.8655
vn 0.0759 0.0000 -0.9971
vn -0.0759 0.0000 -0.9971
vn 0.5010 0.0000 -0.8655
vn 0.3643 0.0000 -0.9313
vn 0.8269 0.0000 -0.5624
vn 0.7323 0.0000 -0.6810
vn 0.9890 0.0000 -0.1479
vn 0.9552 0.0000 -0.2958
vn 0.9552 0.0000 0.2958
vn 0.9890 0.0000 0.1479
vn 0.7323 0.0000 0.6810
vn 0.8269 0.0000 0.5624
vn 0.3643 0.0000 0.9313
vn 0.5010 0.0000 0.8655
vn -0.0500 -0.7062 0.7062
vn -0.3515 -0.7062 0.6146
vn -0.2544 -0.7059 0.6610
vn 0.0575 -0.7059 0.7059
vn -0.5833 -0.7062 0.4012
vn -0.5160 -0.7059 0.4851
vn -0.6894 -0.7071 0.1573
vn -0.6996 -0.7062 -0.1084
vn -0.6754 -0.7059 -0.2132
vn -0.5833 -0.7062 -0.4012
vn -0.5160 -0.7059 -0.4851
vn -0.3068 -0.7071 -0.6371
vn 0.0500 -0.7062 -0.7062
vn -0.0575 -0.7059 -0.7059
vn 0.3068 -0.7071 -0.6371
vn 0.5528 -0.7071 -0.4409
vn 0.6894 -0.7071 -0.1573
vn 0.6996 -0.7062 0.1084
vn 0.6754 -0.7059 0.2132
vn 0.5528 -0.7071 0.4409
vn 0.2613 -0.7062 0.6580
vn 0.3581 -0.7059 0.6111
vn 0.0000 1.0000 0.0000
vn 0.0000 -1.0000 0.0000
vn -0.7071 0.0000 -0.7071
vn -0.6474 -0.2891 -0.7052
vn -0.5847 -0.3994 -0.7061
vn -0.4161 -0.5741 -0.7052
vn -0.3067 -0.6383 -0.7061
vn 0.0000 -0.7071 -0.7071
vn 0.4161 -0.5741 -0.7052
vn 0.3067 -0.6383 -0.7061
vn 0.6474 -0.2891 -0.7052
vn 0.5847 -0.3994 -0.7061
vn 0.7071 0.0000 -0.7071
vn 0.6474 0.2891 -0.7052
vn 0.5847 0.3994 -0.7061
vn 0.4161 0.5741 -0.7052
vn 0.3067 0.6383 -0.7061
vn -0.4161 0.5741 -0.7052
vn -0.3067 0.6383 -0.7061
vn -0.6474 0.2891 -0.7052
vn -0.5847 0.3994 -0.7061
vn -0.9659 -0.2588 0.0000
vn -0.7071 -0.7071 0.0000
vn -0.2588 -0.9659 0.0000
vn 0.2588 -0.9659 0.0000
vn 0.7071 -0.7071 0.0000
vn 0.9659 -0.2588 0.0000
vn 0.9659 0.2588 0.0000
vn 0.7071 0.7071 0.0000
vn 0.2588 0.9659 0.0000
vn -0.2588 0.9659 0.0000
vn -0.7071 0.7071 0.0000
vn -0.9659 0.2588 0.0000
vn -0.7071 0.0000 0.7071
vn -0.5847 -0.3994 0.7061
vn -0.6474 -0.2891 0.7052
vn -0.3067 -0.6383 0.7061
vn -0.4161 -0.5741 0.7052
vn 0.0000 -0.7071 0.7071
vn 0.3067 -0.6383 0.7061
vn 0.4161 -0.5741 0.7052
vn 0.5847 -0.3994 0.7061
vn 0.6474 -0.2891 0.7052
vn 0.7071 0.0000 0.7071
vn 0.5847 0.3994 0.7061
vn 0.6474 0.2891 0.7052
vn 0.3067 0.6383 0.7061
vn 0.4161 0.5741 0.7052
vn 0.0000 0.7071 0.7071
vn -0.3067 0.6383 0.7061
vn -0.4161 0.5741 0.7052
vn -0.5847 0.3994 0.7061
vn -0.6474 0.2891 0.7052
vn 0.0000 0.0000 -1.0000
vn 0.0000 0.0000 1.0000
vn 0.4688 -0.8833 0.0000
vn 0.6396 -0.6881 0.3427
vn 0.3783 -0.8973 0.2274
vn 0.7603 -0.6495 0.0000
vn 0.4276 -0.6881 0.5862
vn 0.2422 -0.8973 0.3690
vn 0.1309 -0.6881 0.7137
vn 0.0581 -0.8973 0.4376
vn -0.1969 -0.7016 0.6848
vn -0.0852 -0.9239 0.3731
vn -0.2923 -0.8833 0.3665
vn -0.4986 -0.6709 0.5489
vn -0.6582 -0.7016 0.2731
vn -0.3448 -0.9239 0.1660
vn -0.4688 -0.8833 0.0000
vn -0.7400 -0.6709 -0.0475
vn -0.6284 -0.7236 -0.2855
vn -0.3783 -0.8973 -0.2274
vn -0.4731 -0.6652 -0.5776
vn -0.2422 -0.8973 -0.3690
vn -0.1505 -0.7364 -0.6596
vn -0.0852 -0.9239 -0.3731
vn 0.1043 -0.8833 -0.4570
vn 0.1692 -0.6495 -0.7413
vn 0.4745 -0.7016 -0.5316
vn 0.2386 -0.9239 -0.2992
vn 0.3783 -0.8973 -0.2274
vn 0.6284 -0.7236 -0.2855
vn 0.8710 -0.4051 0.2779
vn 0.8940 -0.4417 0.0757
vn 0.6642 -0.4051 0.6283
vn 0.7874 -0.4667 0.4027
vn 0.2924 -0.4645 0.8359
vn 0.5152 -0.4075 0.7540
vn -0.0993 -0.4645 0.8800
vn 0.1370 -0.4075 0.9029
vn -0.4648 -0.4051 0.7873
vn -0.2174 -0.4667 0.8573
vn -0.7604 -0.4051 0.5077
vn -0.5678 -0.4667 0.6780
vn -0.9053 -0.4051 0.1275
vn -0.8058 -0.4667 0.3645
vn -0.8099 -0.4818 -0.3345
vn -0.9107 -0.4075 -0.0673
vn -0.7742 -0.4280 -0.4663
vn -0.6166 -0.4417 -0.6517
vn -0.2824 -0.4280 -0.8585
vn -0.4982 -0.4417 -0.7461
vn -0.1181 -0.4280 -0.8960
vn 0.1251 -0.4417 -0.8884
vn 0.4713 -0.4645 -0.7498
vn 0.3173 -0.3764 -0.8704
vn 0.7665 -0.4818 -0.4246
vn 0.6205 -0.4075 -0.6701
vn 0.8099 -0.4818 -0.3345
vn 0.9192 -0.3764 -0.1156
vn 0.9577 -0.2874 -0.0131
vn 0.9903 -0.0406 0.1328
vn 0.8958 -0.3299 0.2978
vn 0.8986 -0.0971 0.4279
vn 0.8685 -0.2874 0.4038
vn 0.8346 -0.0406 0.5493
vn 0.6372 -0.3068 0.7070
vn 0.6795 -0.0660 0.7307
vn 0.5712 -0.2679 0.7759
vn 0.3498 -0.0406 0.9359
vn 0.2288 -0.3322 0.9150
vn 0.5612 -0.0660 0.8251
vn 0.1078 -0.2858 0.9522
vn -0.1752 -0.1159 0.9777
vn -0.1177 -0.3697 0.9217
vn 0.1763 -0.0410 0.9835
vn -0.2729 -0.3201 0.9072
vn -0.2952 -0.0660 0.9532
vn -0.4897 -0.3299 0.8071
vn -0.6171 -0.0971 0.7809
vn -0.5869 -0.2874 0.7569
vn -0.7213 -0.0406 0.6915
vn -0.7914 -0.3299 0.5147
vn -0.8948 -0.0971 0.4358
vn -0.8572 -0.2874 0.4273
vn -0.9499 -0.0406 0.3100
vn -0.9500 -0.3068 0.0573
vn -0.9949 -0.0660 0.0757
vn -0.9627 -0.2679 -0.0372
vn -0.9499 -0.0406 -0.3100
vn -0.8581 -0.3322 -0.3916
vn -0.9949 -0.0660 -0.0757
vn -0.7914 -0.3299 -0.5147
vn -0.6551 -0.1159 -0.7466
vn -0.6395 -0.3201 -0.6990
vn -0.8788 -0.0410 -0.4754
vn -0.5391 -0.3201 -0.7790
vn -0.5612 -0.0660 -0.8251
vn -0.2673 -0.3068 -0.9135
vn -0.2952 -0.0660 -0.9532
vn -0.1555 -0.3068 -0.9390
vn 0.1122 -0.0965 -0.9890
vn 0.2258 -0.2874 -0.9308
vn -0.1127 -0.0038 -0.9936
vn 0.3160 -0.2858 -0.9047
vn 0.5136 -0.0406 -0.8570
vn 0.5727 -0.3322 -0.7494
vn 0.2258 -0.0971 -0.9693
vn 0.6772 -0.2858 -0.6780
vn 0.8636 -0.0660 -0.4999
vn 0.7940 -0.3697 -0.4826
vn 0.6240 -0.0971 -0.7754
vn 0.8724 -0.3697 -0.3198
vn 0.9293 -0.0660 -0.3635
vn 0.9523 -0.2858 -0.1067
vn 0.9953 -0.0971 -0.0044
vn 0.9903 0.0406 0.1328
vn 0.8958 0.3299 0.2978
vn 0.8986 0.0971 0.4279
vn 0.9577 0.2874 -0.0131
vn 0.8346 0.0406 0.5493
vn 0.6372 0.3068 0.7070
vn 0.6795 0.0660 0.7307
vn 0.8685 0.2874 0.4038
vn 0.5612 0.0660 0.8251
vn 0.5475 0.3068 0.7785
vn 0.2952 0.0660 0.9532
vn 0.2729 0.3201 0.9072
vn 0.1752 0.1159 0.9777
vn -0.1078 0.2858 0.9522
vn -0.1763 0.0410 0.9835
vn 0.1177 0.3697 0.9217
vn -0.3498 0.0406 0.9359
vn -0.4897 0.3299 0.8071
vn -0.6171 0.0971 0.7809
vn -0.2004 0.2874 0.9366
vn -0.7213 0.0406 0.6915
vn -0.7914 0.3299 0.5147
vn -0.8948 0.0971 0.4358
vn -0.5869 0.2874 0.7569
vn -0.9499 0.0406 0.3100
vn -0.9627 0.2679 0.0372
vn -0.9949 0.0660 0.0757
vn -0.8581 0.3322 0.3916
vn -0.9949 0.0660 -0.0757
vn -0.9500 0.3068 -0.0573
vn -0.9293 0.0660 -0.3635
vn -0.8795 0.3201 -0.3523
vn -0.8736 0.1159 -0.4726
vn -0.6772 0.2858 -0.6780
vn -0.6590 0.0410 -0.7510
vn -0.7940 0.3697 -0.4826
vn -0.5136 0.0406 -0.8570
vn -0.3257 0.3299 -0.8861
vn -0.2258 0.0971 -0.9693
vn -0.6073 0.2874 -0.7406
vn -0.1122 0.0965 -0.9890
vn 0.1780 0.2679 -0.9469
vn 0.1127 0.0038 -0.9936
vn -0.1909 0.3322 -0.9237
vn 0.2952 0.0660 -0.9532
vn 0.2505 0.2679 -0.9303
vn 0.5136 0.0406 -0.8570
vn 0.5727 0.3322 -0.7494
vn 0.6240 0.0971 -0.7754
vn 0.6779 0.3299 -0.6570
vn 0.8636 0.0660 -0.4999
vn 0.8237 0.3201 -0.4680
vn 0.9293 0.0660 -0.3635
vn 0.9523 0.2858 -0.1067
vn 0.9953 0.0971 -0.0044
vn 0.8724 0.3697 -0.3198
vn 0.8940 0.4417 0.0757
vn 0.7603 0.6495 0.0000
vn 0.8710 0.4051 0.2779
vn 0.6396 0.6881 0.3427
vn 0.7874 0.4667 0.4027
vn 0.6269 0.4280 0.6510
vn 0.4423 0.7236 0.5299
vn 0.4952 0.4280 0.7561
vn 0.1969 0.7016 0.6848
vn 0.2174 0.4667 0.8573
vn 0.0993 0.4645 0.8800
vn -0.1756 0.6652 0.7257
vn -0.0918 0.3764 0.9219
vn -0.2727 0.4417 0.8547
vn -0.4648 0.4051 0.7873
vn -0.4986 0.6709 0.5489
vn -0.5678 0.4667 0.6780
vn -0.7742 0.4280 0.4663
vn -0.6095 0.7364 0.2935
vn -0.8099 0.4818 0.3345
vn -0.7400 0.6709 0.0475
vn -0.9107 0.4075 0.0673
vn -0.9053 0.4051 -0.1275
vn -0.6764 0.6874 -0.2646
vn -0.8058 0.4667 -0.3645
vn -0.7499 0.4645 -0.4710
vn -0.4731 0.6652 -0.5776
vn -0.6635 0.3764 -0.6466
vn -0.4982 0.4417 -0.7461
vn -0.2824 0.4280 -0.8585
vn -0.1505 0.7364 -0.6596
vn -0.1459 0.4818 -0.8641
vn 0.1692 0.6495 -0.7413
vn 0.0918 0.3764 -0.9219
vn 0.3173 0.3764 -0.8704
vn 0.5064 0.4818 -0.7152
vn 0.4218 0.7364 -0.5289
vn 0.6269 0.4280 -0.6510
vn 0.6396 0.6881 -0.3427
vn 0.7874 0.4667 -0.4027
vn 0.8358 0.4645 -0.2926
vn 0.9192 0.3764 -0.1156
vn 0.4688 0.8833 0.0000
vn 0.3783 0.8973 0.2274
vn 0.2422 0.8973 0.3690
vn 0.0852 0.9239 0.3731
vn -0.0581 0.8973 0.4376
vn -0.2923 0.8833 0.3665
vn -0.3448 0.9239 0.1660
vn -0.4688 0.8833 0.0000
vn -0.3783 0.8973 -0.2274
vn -0.2422 0.8973 -0.3690
vn -0.0852 0.9239 -0.3731
vn 0.1043 0.8833 -0.4570
vn 0.2386 0.9239 -0.2992
vn 0.3783 0.8973 -0.2274
vn 0.5165 -0.4871 0.7042
vn 0.6082 -0.3635 0.7057
vn 0.1316 -0.6977 0.7042
vn 0.2784 -0.6515 0.7057
vn -0.2185 -0.6725 0.7071
vn -0.5165 -0.4871 0.7042
vn -0.6082 -0.3635 0.7057
vn -0.5165 0.4871 0.7042
vn -0.6082 0.3635 0.7057
vn -0.1316 0.6977 0.7042
vn -0.2784 0.6515 0.7057
vn 0.2185 0.6725 0.7071
vn 0.5165 0.4871 0.7042
vn 0.6082 0.3635 0.7057
vn 0.9511 -0.3090 0.0000
vn 0.5878 -0.8090 0.0000
vn -0.5878 -0.8090 0.0000
vn -0.9511 -0.3090 0.0000
vn -0.9511 0.3090 0.0000
vn -0.5878 0.8090 0.0000
vn 0.5878 0.8090 0.0000
vn 0.9511 0.3090 0.0000
vn 0.6082 -0.3635 -0.7057
vn 0.5165 -0.4871 -0.7042
vn 0.2185 -0.6725 -0.7071
vn -0.2784 -0.6515 -0.7057
vn -0.1316 -0.6977 -0.7042
vn -0.6082 -0.3635 -0.7057
vn -0.5165 -0.4871 -0.7042
vn -0.6082 0.3635 -0.7057
vn -0.5165 0.4871 -0.7042
vn -0.2185 0.6725 -0.7071
vn 0.2784 0.6515 -0.7057
vn 0.1316 0.6977 -0.7042
vn 0.6082 0.3635 -0.7057
vn 0.5165 0.4871 -0.7042
vn -0.2784 0.6515 -0.7057
vn -0.1316 0.6977 -0.7042
vn 0.2185 0.6725 -0.7071
vn 0.2784 -0.6515 -0.7057
vn 0.1316 -0.6977 -0.7042
vn -0.2185 -0.6725 -0.7071
vn 0.2185 -0.6725 0.7071
vn -0.1316 -0.6977 0.7042
vn -0.2784 -0.6515 0.7057
vn 0.5987 -0.3817 -0.7042
vn 0.4298 -0.7406 -0.5165
vn 0.4837 -0.6294 -0.6082
vn 0.6655 -0.2431 -0.7057
vn 0.3401 -0.9311 -0.1316
vn 0.3611 -0.8900 -0.2784
vn 0.3535 -0.9096 0.2185
vn 0.4298 -0.7406 0.5165
vn 0.4837 -0.6294 0.6082
vn 0.5987 -0.3817 0.7042
vn 0.6655 -0.2431 0.7057
vn 0.7823 0.0085 0.6229
vn 0.8370 0.1213 0.5336
vn 0.9262 0.3074 0.2185
vn 0.9105 0.2809 -0.3036
vn 0.9326 0.3245 -0.1578
vn 0.7823 0.0085 -0.6229
vn 0.8370 0.1213 -0.5336
vn -0.1316 -0.2796 -0.9511
vn -0.3445 -0.7320 -0.5878
vn -0.4258 -0.9048 0.0000
vn -0.3445 -0.7320 0.5878
vn -0.1316 -0.2796 0.9511
vn 0.1316 0.2796 0.9511
vn 0.3445 0.7320 0.5878
vn 0.4258 0.9048 0.0000
vn 0.3445 0.7320 -0.5878
vn 0.1316 0.2796 -0.9511
vn -0.6115 0.3579 -0.7057
vn -0.8168 -0.0750 -0.5721
vn -0.6757 0.2180 -0.7042
vn -0.9326 -0.3245 -0.1578
vn -0.9105 -0.2809 -0.3036
vn -0.9262 -0.3074 0.2185
vn -0.8168 -0.0750 0.5721
vn -0.6115 0.3579 0.7057
vn -0.6757 0.2180 0.7042
vn -0.4401 0.7222 0.5336
vn -0.4921 0.6082 0.6229
vn -0.3444 0.9255 0.1578
vn -0.3639 0.8806 0.3036
vn -0.3535 0.9096 -0.2185
vn -0.4401 0.7222 -0.5336
vn -0.4921 0.6082 -0.6229
vn 0.9048 -0.4258 0.0000
vn -0.9048 0.4258 0.0000
vn -0.6655 0.2431 -0.7057
vn -0.8370 -0.1213 -0.5336
vn -0.7823 -0.0085 -0.6229
vn -0.5987 0.3817 -0.7042
vn -0.8370 -0.1213 0.5336
vn -0.7823 -0.0085 0.6229
vn -0.6655 0.2431 0.7057
vn -0.5987 0.3817 0.7042
vn -0.4837 0.6294 0.6082
vn -0.4298 0.7406 0.5165
vn -0.3535 0.9096 0.2185
vn -0.3611 0.8900 -0.2784
vn -0.3401 0.9311 -0.1316
vn -0.4837 0.6294 -0.6082
vn -0.4298 0.7406 -0.5165
s off
f 1/1/1 2/2/2 16/3/3
f 1/1/1 16/3/3 15/4/4
f 2/5/2 3/6/5 17/7/6
f 2/5/2 17/7/6 16/8/3
f 3/6/5 4/9/7 18/10/8
f 3/6/5 18/10/8 17/7/6
f 4/11/7 5/12/9 19/13/10
f 4/11/7 19/13/10 18/14/8
f 5/12/9 6/15/11 20/16/12
f 5/12/9 20/16/12 19/13/10
f 6/15/11 7/17/13 21/18/13
f 6/15/11 21/18/13 20/16/12
f 7/19/13 8/20/14 21/21/13
f 8/20/14 22/22/14 21/21/13
f 8/20/14 9/23/15 23/24/16
f 8/20/14 23/24/16 22/22/14
f 9/25/15 10/26/17 24/27/17
f 9/25/15 24/27/17 23/28/16
f 10/26/17 11/29/18 24/27/17
f 11/29/18 25/30/18 24/27/17
f 11/31/18 12/32/19 26/33/20
f 11/31/18 26/33/20 25/34/18
f 12/32/19 13/35/21 27/36/22
f 12/32/19 27/36/22 26/33/20
f 13/35/21 14/37/23 28/38/24
f 13/35/21 28/38/24 27/36/22
f 14/39/23 1/1/1 15/4/4
f 14/39/23 15/4/4 28/40/24
f 15/41/25 16/42/26 30/43/27
f 15/41/25 30/43/27 29/44/28
f 16/45/26 17/46/29 31/47/30
f 16/45/26 31/47/30 30/48/27
f 17/46/29 18/49/31 32/50/32
f 17/46/29 32/50/32 31/47/30
f 18/49/31 19/51/33 33/52/34
f 18/49/31 33/52/34 32/50/32
f 19/51/33 20/53/35 34/54/36
f 19/51/33 34/54/36 33/52/34
f 20/53/35 21/55/37 35/56/38
f 20/53/35 35/56/38 34/54/36
f 21/57/37 22/58/39 36/59/40
f 21/57/37 36/59/40 35/60/38
f 22/58/39 23/61/41 37/62/42
f 22/58/39 37/62/42 36/59/40
f 23/51/41 24/53/43 38/54/44
f 23/51/41 38/54/44 37/52/42
f 24/53/43 25/55/45 39/56/46
f 24/53/43 39/56/46 38/54/44
f 25/45/45 26/46/47 40/47/48
f 25/45/45 40/47/48 39/48/46
f 26/46/47 27/49/49 41/50/50
f 26/46/47 41/50/50 40/47/48
f 27/49/49 28/51/51 42/52/52
f 27/49/49 42/52/52 41/50/50
f 28/63/51 15/41/25 29/44/28
f 28/63/51 29/44/28 42/64/52
f 29/65/53 30/66/54 44/67/55
f 29/65/53 44/67/55 43/68/56
f 30/69/54 31/70/57 45/71/58
f 30/69/54 45/71/58 44/72/55
f 31/70/57 32/73/59 46/74/59
f 31/70/57 46/74/59 45/71/58
f 32/73/59 33/75/60 46/74/59
f 33/75/60 47/76/61 46/74/59
f 33/77/60 34/78/62 47/79/61
f 34/78/62 48/80/63 47/79/61
f 34/78/62 35/81/64 48/80/63
f 35/81/64 49/82/64 48/80/63
f 35/83/64 36/84/65 50/85/66
f 35/83/64 50/85/66 49/86/64
f 36/84/65 37/87/67 51/88/67
f 36/84/65 51/88/67 50/85/66
f 37/89/67 38/90/68 51/91/67
f 38/90/68 52/92/68 51/91/67
f 38/90/68 39/93/69 53/94/69
f 38/90/68 53/94/69 52/92/68
f 39/95/69 40/96/70 53/97/69
f 40/96/70 54/98/71 53/97/69
f 40/96/70 41/99/72 54/98/71
f 41/99/72 55/100/72 54/98/71
f 41/99/72 42/101/73 56/102/74
f 41/99/72 56/102/74 55/100/72
f 42/103/73 29/65/53 43/68/56
f 42/103/73 43/68/56 56/104/74
f 7/105/75 9/106/75 8/107/75
f 6/108/75 9/106/75 7/105/75
f 6/108/75 10/109/75 9/106/75
f 5/110/75 10/109/75 6/108/75
f 5/110/75 11/111/75 10/109/75
f 4/112/75 11/111/75 5/110/75
f 4/112/75 12/113/75 11/111/75
f 4/112/75 13/114/75 12/113/75
f 3/115/75 13/114/75 4/112/75
f 3/115/75 14/116/75 13/114/75
f 2/117/75 14/116/75 3/115/75
f 1/118/75 14/116/75 2/117/75
f 49/117/76 50/118/76 51/116/76
f 48/115/76 49/117/76 51/116/76
f 48/115/76 51/116/76 52/114/76
f 47/112/76 48/115/76 52/114/76
f 47/112/76 52/114/76 53/113/76
f 46/110/76 47/112/76 53/113/76
f 46/110/76 53/113/76 54/111/76
f 46/110/76 54/111/76 55/109/76
f 45/108/76 46/110/76 55/109/76
f 45/108/76 55/109/76 56/106/76
f 44/105/76 45/108/76 56/106/76
f 43/107/76 44/105/76 56/106/76
f 57/119/77 58/120/78 69/121/77
f 58/120/78 70/122/79 69/121/77
f 58/120/78 59/123/80 70/122/79
f 59/123/80 71/124/81 70/122/79
f 59/125/80 60/126/82 71/127/81
f 60/126/82 72/128/82 71/127/81
f 60/129/82 61/130/83 73/131/84
f 60/129/82 73/131/84 72/132/82
f 61/130/83 62/133/85 74/134/86
f 61/130/83 74/134/86 73/131/84
f 62/135/85 63/136/87 75/137/87
f 62/135/85 75/137/87 74/138/86
f 63/136/87 64/139/88 75/137/87
f 64/139/88 76/140/89 75/137/87
f 64/139/88 65/141/90 76/140/89
f 65/141/90 77/142/91 76/140/89
f 65/143/90 66/144/14 77/145/91
f 66/144/14 78/146/14 77/145/91
f 66/147/14 67/148/92 79/149/93
f 66/147/14 79/149/93 78/150/14
f 67/148/92 68/151/94 80/152/95
f 67/148/92 80/152/95 79/149/93
f 68/153/94 57/119/77 69/121/77
f 68/153/94 69/121/77 80/154/95
f 69/155/96 70/156/96 82/157/96
f 69/155/96 82/157/96 81/158/96
f 70/159/97 71/160/97 83/161/97
f 70/159/97 83/161/97 82/162/97
f 71/163/98 72/164/98 84/165/98
f 71/163/98 84/165/98 83/166/98
f 72/167/99 73/168/99 85/169/99
f 72/167/99 85/169/99 84/170/99
f 73/171/100 74/172/100 86/173/100
f 73/171/100 86/173/100 85/174/100
f 74/175/101 75/176/101 87/177/101
f 74/175/101 87/177/101 86/178/101
f 75/157/102 76/158/102 88/155/102
f 75/157/102 88/155/102 87/156/102
f 76/161/103 77/162/103 89/159/103
f 76/161/103 89/159/103 88/160/103
f 77/165/104 78/166/104 90/163/104
f 77/165/104 90/163/104 89/164/104
f 78/169/105 79/170/105 91/167/105
f 78/169/105 91/167/105 90/168/105
f 79/173/106 80/174/106 92/171/106
f 79/173/106 92/171/106 91/172/106
f 80/177/107 69/178/107 81/175/107
f 80/177/107 81/175/107 92/176/107
f 81/179/108 82/180/109 94/181/110
f 81/179/108 94/181/110 93/182/108
f 82/180/109 83/183/111 95/184/112
f 82/180/109 95/184/112 94/181/110
f 83/185/111 84/186/113 96/187/113
f 83/185/111 96/187/113 95/188/112
f 84/189/113 85/190/114 96/191/113
f 85/190/114 97/192/115 96/191/113
f 85/190/114 86/193/116 97/192/115
f 86/193/116 98/194/117 97/192/115
f 86/195/116 87/196/118 98/197/117
f 87/196/118 99/198/118 98/197/117
f 87/196/118 88/199/119 100/200/120
f 87/196/118 100/200/120 99/198/118
f 88/199/119 89/201/121 101/202/122
f 88/199/119 101/202/122 100/200/120
f 89/203/121 90/204/123 102/205/123
f 89/203/121 102/205/123 101/206/122
f 90/207/123 91/208/124 102/209/123
f 91/208/124 103/210/125 102/209/123
f 91/208/124 92/211/126 103/210/125
f 92/211/126 104/212/127 103/210/125
f 92/213/126 81/179/108 104/214/127
f 81/179/108 93/182/108 104/214/127
f 68/215/128 58/216/128 57/217/128
f 68/215/128 59/218/128 58/216/128
f 67/219/128 59/218/128 68/215/128
f 67/219/128 60/220/128 59/218/128
f 66/221/128 60/220/128 67/219/128
f 65/222/128 60/220/128 66/221/128
f 65/222/128 61/223/128 60/220/128
f 65/222/128 62/224/128 61/223/128
f 64/225/128 62/224/128 65/222/128
f 62/224/128 64/225/128 63/226/128
f 104/227/129 93/228/129 94/229/129
f 104/227/129 94/229/129 95/230/129
f 103/231/129 104/227/129 95/230/129
f 103/231/129 95/230/129 96/232/129
f 102/233/129 103/231/129 96/232/129
f 101/234/129 102/233/129 96/232/129
f 101/234/129 96/232/129 97/235/129
f 101/234/129 97/235/129 98/236/129
f 100/237/129 101/234/129 98/236/129
f 98/236/129 99/238/129 100/237/129
f 105/239/130 120/240/131 106/241/132
f 105/239/130 119/242/133 120/240/131
f 106/241/132 121/243/134 107/244/135
f 106/241/132 120/240/131 121/243/134
f 107/244/135 122/245/136 108/246/137
f 107/244/135 121/243/134 122/245/136
f 108/246/137 123/247/138 109/248/139
f 108/246/137 122/245/136 123/247/138
f 109/249/139 123/250/138 110/251/140
f 110/251/140 123/250/138 124/252/141
f 110/251/140 125/253/142 111/254/143
f 110/251/140 124/252/141 125/253/142
f 111/254/143 125/253/142 112/255/144
f 112/255/144 125/253/142 126/256/145
f 112/255/144 127/257/146 113/258/147
f 112/255/144 126/256/145 127/257/146
f 113/258/147 128/259/148 114/260/149
f 113/258/147 127/257/146 128/259/148
f 114/261/149 129/262/150 115/263/151
f 114/261/149 128/264/148 129/262/150
f 115/263/151 129/262/150 116/265/152
f 116/265/152 129/262/150 130/266/153
f 116/265/152 131/267/154 117/268/155
f 116/265/152 130/266/153 131/267/154
f 117/268/155 131/267/154 118/269/156
f 118/269/156 131/267/154 132/270/157
f 118/269/156 132/270/157 105/271/130
f 105/271/130 132/270/157 119/272/133
f 119/273/133 134/274/158 120/275/131
f 119/273/133 133/276/159 134/274/158
f 120/275/131 135/277/160 121/278/134
f 120/275/131 134/274/161 135/277/160
f 121/279/134 136/280/162 122/281/136
f 121/279/134 135/282/163 136/280/162
f 122/281/136 137/283/164 123/284/138
f 122/281/136 136/280/165 137/283/164
f 123/285/138 138/286/166 124/287/141
f 123/285/138 137/288/167 138/286/166
f 124/287/141 139/289/168 125/290/142
f 124/287/141 138/286/169 139/289/168
f 125/290/142 140/291/170 126/292/145
f 125/290/142 139/289/171 140/291/170
f 126/293/145 141/294/172 127/295/146
f 126/293/145 140/296/173 141/294/172
f 127/297/146 141/298/174 128/299/148
f 128/299/148 141/298/174 142/300/175
f 128/299/148 143/301/176 129/302/150
f 128/299/148 142/300/177 143/301/176
f 129/303/150 143/304/178 130/305/153
f 130/305/153 143/304/178 144/306/179
f 130/305/153 145/307/180 131/308/154
f 130/305/153 144/306/181 145/307/180
f 131/308/154 146/309/182 132/310/157
f 131/308/154 145/307/183 146/309/182
f 132/311/157 146/312/184 119/273/133
f 119/273/133 146/312/184 133/276/185
f 133/276/186 147/313/187 134/274/188
f 134/274/188 147/313/187 148/314/189
f 134/274/190 148/314/191 135/277/192
f 135/277/192 148/314/191 149/315/193
f 135/316/194 150/317/195 136/318/196
f 135/316/194 149/319/197 150/317/195
f 136/280/198 151/320/199 137/283/200
f 136/280/198 150/321/201 151/320/199
f 137/288/202 151/322/203 138/286/204
f 138/286/204 151/322/203 152/323/205
f 138/286/206 152/323/207 139/289/208
f 139/289/208 152/323/207 153/324/209
f 139/289/210 153/324/211 140/291/212
f 140/291/212 153/324/211 154/325/213
f 140/296/214 155/326/215 141/294/216
f 140/296/214 154/327/217 155/326/215
f 141/298/218 156/328/219 142/300/220
f 141/298/218 155/329/221 156/328/219
f 142/300/222 156/328/223 143/301/224
f 143/301/224 156/328/223 157/330/225
f 143/304/226 158/331/227 144/306/228
f 143/304/226 157/332/229 158/331/227
f 144/306/230 159/333/231 145/307/232
f 144/306/230 158/331/233 159/333/231
f 145/334/234 160/335/235 146/336/236
f 145/334/234 159/337/237 160/335/235
f 146/312/238 160/338/239 133/276/240
f 133/276/240 160/338/239 147/313/241
f 147/313/242 162/339/243 148/314/244
f 147/313/242 161/340/245 162/339/243
f 148/341/246 163/342/247 149/319/248
f 148/341/246 162/343/249 163/342/247
f 149/319/250 163/342/251 150/317/252
f 150/317/252 163/342/251 164/344/253
f 150/317/254 165/345/255 151/346/256
f 150/317/254 164/344/257 165/345/255
f 151/347/258 166/348/259 152/349/260
f 151/347/258 165/350/261 166/348/259
f 152/323/262 167/351/263 153/324/264
f 152/323/262 166/352/265 167/351/263
f 153/353/266 168/354/267 154/355/268
f 153/353/266 167/356/269 168/354/267
f 154/357/270 168/358/271 155/359/272
f 155/359/272 168/358/271 169/360/273
f 155/359/274 170/361/275 156/362/276
f 155/359/274 169/360/277 170/361/275
f 156/328/278 171/363/279 157/330/280
f 156/328/278 170/364/281 171/363/279
f 157/365/282 172/366/283 158/367/284
f 157/365/282 171/368/285 172/366/283
f 158/369/286 172/370/287 159/337/288
f 159/337/288 172/370/287 173/371/289
f 159/337/290 173/371/291 160/335/292
f 160/335/292 173/371/291 174/372/293
f 160/335/294 161/373/295 147/374/296
f 160/335/294 174/372/297 161/373/295
f 161/375/298 175/376/299 162/377/300
f 162/377/300 175/376/299 176/378/301
f 162/343/302 176/379/301 163/342/303
f 163/342/303 176/379/301 177/380/304
f 163/342/305 178/381/306 164/344/307
f 163/342/305 177/380/304 178/381/306
f 164/344/308 179/382/309 165/345/310
f 164/344/308 178/381/306 179/382/309
f 165/350/311 179/383/309 166/348/312
f 166/348/312 179/383/309 180/384/313
f 166/385/314 180/386/313 167/356/315
f 167/356/315 180/386/313 181/387/316
f 167/356/317 182/388/318 168/354/319
f 167/356/317 181/387/316 182/388/318
f 168/358/320 183/389/321 169/360/322
f 168/358/320 182/390/318 183/389/321
f 169/360/323 184/391/324 170/361/325
f 169/360/323 183/389/321 184/391/324
f 170/361/326 184/391/324 171/392/327
f 171/392/327 184/391/324 185/393/328
f 171/368/329 186/394/330 172/366/331
f 171/368/329 185/395/328 186/394/330
f 172/370/332 186/396/330 173/371/333
f 173/371/333 186/396/330 187/397/334
f 173/371/335 188/398/336 174/372/337
f 173/371/335 187/397/334 188/398/336
f 174/372/338 175/399/299 161/373/339
f 174/372/338 188/398/336 175/399/299
f 175/376/299 189/400/340 176/378/301
f 176/378/301 189/400/340 190/401/341
f 176/378/301 190/401/341 177/402/304
f 177/402/304 190/401/341 191/403/342
f 177/404/304 191/405/342 178/406/306
f 178/406/306 191/405/342 192/407/343
f 178/406/306 193/408/344 179/409/309
f 178/406/306 192/407/343 193/408/344
f 179/410/309 194/411/345 180/412/313
f 179/410/309 193/413/344 194/411/345
f 180/412/313 194/411/345 181/414/316
f 181/414/316 194/411/345 195/415/346
f 181/414/316 196/416/347 182/417/318
f 181/414/316 195/415/346 196/416/347
f 182/417/318 196/416/347 183/418/321
f 183/418/321 196/416/347 197/419/348
f 183/418/321 197/419/348 184/420/324
f 184/420/324 197/419/348 198/421/349
f 184/422/324 198/423/349 185/424/328
f 185/424/328 198/423/349 199/425/350
f 185/424/328 200/426/351 186/427/330
f 185/424/328 199/425/350 200/426/351
f 186/427/330 200/426/351 187/428/334
f 187/428/334 200/426/351 201/429/352
f 187/428/334 202/430/353 188/431/336
f 187/428/334 201/429/352 202/430/353
f 188/432/336 189/400/340 175/376/299
f 188/432/336 202/433/353 189/400/340
f 203/434/76 105/239/130 106/241/132
f 203/434/76 106/241/132 107/244/135
f 203/434/76 107/244/135 108/246/137
f 203/434/76 108/246/137 109/248/139
f 203/435/76 109/249/139 110/251/140
f 203/435/76 110/251/140 111/254/143
f 203/435/76 111/254/143 112/255/144
f 203/435/76 112/255/144 113/258/147
f 203/435/76 113/258/147 114/260/149
f 203/436/76 114/261/149 115/263/151
f 203/436/76 115/263/151 116/265/152
f 203/436/76 116/265/152 117/268/155
f 203/436/76 117/268/155 118/269/156
f 203/436/76 118/269/156 105/271/130
f 204/437/75 190/438/341 189/439/340
f 204/437/75 191/405/342 190/438/341
f 204/437/75 192/407/343 191/405/342
f 204/437/75 193/408/344 192/407/343
f 204/440/75 194/411/345 193/413/344
f 204/440/75 195/415/346 194/411/345
f 204/440/75 196/416/347 195/415/346
f 204/440/75 197/419/348 196/416/347
f 204/440/75 198/421/349 197/419/348
f 204/441/75 199/425/350 198/423/349
f 204/441/75 200/426/351 199/425/350
f 204/441/75 201/429/352 200/426/351
f 204/441/75 202/430/353 201/429/352
f 204/441/75 189/442/340 202/430/353
f 205/443/118 206/444/354 216/445/355
f 205/443/118 216/445/355 215/446/118
f 206/447/354 207/448/356 217/449/357
f 206/447/354 217/449/357 216/450/355
f 207/448/356 208/451/358 218/452/358
f 207/448/356 218/452/358 217/449/357
f 208/451/358 209/453/359 218/452/358
f 209/453/359 219/454/360 218/452/358
f 209/455/359 210/456/108 219/457/360
f 210/456/108 220/458/108 219/457/360
f 210/456/108 211/459/361 221/460/362
f 210/456/108 221/460/362 220/458/108
f 211/461/361 212/462/363 222/463/364
f 211/461/361 222/463/364 221/464/362
f 212/462/363 213/465/365 223/466/365
f 212/462/363 223/466/365 222/463/364
f 213/465/365 214/467/366 223/466/365
f 214/467/366 224/468/367 223/466/365
f 214/469/366 205/443/118 224/470/367
f 205/443/118 215/446/118 224/470/367
f 215/471/368 216/472/368 226/473/368
f 215/471/368 226/473/368 225/474/368
f 216/475/369 217/476/369 227/477/369
f 216/475/369 227/477/369 226/478/369
f 217/479/76 218/480/76 228/481/76
f 217/479/76 228/481/76 227/482/76
f 218/483/370 219/484/370 229/485/370
f 218/483/370 229/485/370 228/486/370
f 219/487/371 220/488/371 230/489/371
f 219/487/371 230/489/371 229/490/371
f 220/491/372 221/492/372 231/493/372
f 220/491/372 231/493/372 230/494/372
f 221/495/373 222/496/373 232/497/373
f 221/495/373 232/497/373 231/498/373
f 222/499/75 223/500/75 233/501/75
f 222/499/75 233/501/75 232/502/75
f 223/503/374 224/504/374 234/505/374
f 223/503/374 234/505/374 233/506/374
f 224/507/375 215/508/375 225/509/375
f 224/507/375 225/509/375 234/510/375
f 225/511/87 226/512/376 235/513/87
f 226/512/376 236/514/377 235/513/87
f 226/515/376 227/516/378 236/517/377
f 227/516/378 237/518/378 236/517/377
f 227/516/378 228/519/379 238/520/380
f 227/516/378 238/520/380 237/518/378
f 228/519/379 229/521/381 239/522/382
f 228/519/379 239/522/382 238/520/380
f 229/523/381 230/524/77 240/525/77
f 229/523/381 240/525/77 239/526/382
f 230/524/77 231/527/383 240/525/77
f 231/527/383 241/528/384 240/525/77
f 231/529/383 232/530/385 241/531/384
f 232/530/385 242/532/385 241/531/384
f 232/530/385 233/533/386 243/534/387
f 232/530/385 243/534/387 242/532/385
f 233/533/386 234/535/388 244/536/389
f 233/533/386 244/536/389 243/534/387
f 234/537/388 225/511/87 235/513/87
f 234/537/388 235/513/87 244/538/389
f 214/539/129 206/540/129 205/541/129
f 213/542/129 206/540/129 214/539/129
f 213/542/129 207/543/129 206/540/129
f 213/542/129 208/544/129 207/543/129
f 212/545/129 208/544/129 213/542/129
f 212/545/129 209/546/129 208/544/129
f 211/547/129 209/546/129 212/545/129
f 209/546/129 211/547/129 210/548/129
f 244/549/128 235/550/128 236/551/128
f 243/552/128 244/549/128 236/551/128
f 243/552/128 236/551/128 237/553/128
f 243/552/128 237/553/128 238/554/128
f 242/555/128 243/552/128 238/554/128
f 242/555/128 238/554/128 239/556/128
f 241/557/128 242/555/128 239/556/128
f 239/556/128 240/558/128 241/557/128
f 245/559/118 246/560/354 256/561/355
f 245/559/118 256/561/355 255/562/118
f 246/563/354 247/564/356 257/565/357
f 246/563/354 257/565/357 256/566/355
f 247/564/356 248/567/358 258/568/358
f 247/564/356 258/568/358 257/565/357
f 248/567/358 249/569/359 258/568/358
f 249/569/359 259/570/360 258/568/358
f 249/571/359 250/572/108 259/573/360
f 250/572/108 260/574/108 259/573/360
f 250/572/108 251/575/361 261/576/362
f 250/572/108 261/576/362 260/574/108
f 251/577/361 252/578/363 262/579/364
f 251/577/361 262/579/364 261/580/362
f 252/578/363 253/581/365 263/582/365
f 252/578/363 263/582/365 262/579/364
f 253/581/365 254/583/366 263/582/365
f 254/583/366 264/584/367 263/582/365
f 254/585/366 245/559/118 264/586/367
f 245/559/118 255/562/118 264/586/367
f 255/587/368 256/588/368 266/589/368
f 255/587/368 266/589/368 265/590/368
f 256/591/369 257/592/369 267/593/369
f 256/591/369 267/593/369 266/594/369
f 257/595/76 258/596/76 268/597/76
f 257/595/76 268/597/76 267/598/76
f 258/599/370 259/600/370 269/601/370
f 258/599/370 269/601/370 268/602/370
f 259/603/371 260/604/371 270/605/371
f 259/603/371 270/605/371 269/606/371
f 260/607/372 261/608/372 271/609/372
f 260/607/372 271/609/372 270/610/372
f 261/611/373 262/612/373 272/613/373
f 261/611/373 272/613/373 271/614/373
f 262/615/75 263/616/75 273/617/75
f 262/615/75 273/617/75 272/618/75
f 263/619/374 264/620/374 274/621/374
f 263/619/374 274/621/374 273/622/374
f 264/623/375 255/624/375 265/625/375
f 264/623/375 265/625/375 274/626/375
f 265/627/87 266/628/376 275/629/87
f 266/628/376 276/630/377 275/629/87
f 266/631/376 267/632/378 276/633/377
f 267/632/378 277/634/378 276/633/377
f 267/632/378 268/635/379 278/636/380
f 267/632/378 278/636/380 277/634/378
f 268/635/379 269/637/381 279/638/382
f 268/635/379 279/638/382 278/636/380
f 269/639/381 270/640/77 280/641/77
f 269/639/381 280/641/77 279/642/382
f 270/640/77 271/643/383 280/641/77
f 271/643/383 281/644/384 280/641/77
f 271/645/383 272/646/390 281/647/384
f 272/646/390 282/648/391 281/647/384
f 272/646/390 273/649/392 282/648/391
f 273/649/392 283/650/392 282/648/391
f 273/649/392 274/651/388 284/652/389
f 273/649/392 284/652/389 283/650/392
f 274/653/388 265/627/87 275/629/87
f 274/653/388 275/629/87 284/654/389
f 249/655/129 251/656/129 250/657/129
f 248/658/129 251/656/129 249/655/129
f 248/658/129 252/659/129 251/656/129
f 247/660/129 252/659/129 248/658/129
f 247/660/129 253/661/129 252/659/129
f 246/662/129 253/661/129 247/660/129
f 246/662/129 254/663/129 253/661/129
f 245/664/129 254/663/129 246/662/129
f 279/665/128 280/666/128 281/667/128
f 278/668/128 279/665/128 281/667/128
f 278/668/128 281/667/128 282/669/128
f 277/670/128 278/668/128 282/669/128
f 277/670/128 282/669/128 283/671/128
f 276/672/128 277/670/128 283/671/128
f 276/672/128 283/671/128 284/673/128
f 275/674/128 276/672/128 284/673/128
f 285/675/118 286/676/354 296/677/355
f 285/675/118 296/677/355 295/678/118
f 286/679/354 287/680/356 297/681/357
f 286/679/354 297/681/357 296/682/355
f 287/680/356 288/683/358 298/684/358
f 287/680/356 298/684/358 297/681/357
f 288/683/358 289/685/359 298/684/358
f 289/685/359 299/686/360 298/684/358
f 289/687/359 290/688/108 299/689/360
f 290/688/108 300/690/108 299/689/360
f 290/688/108 291/691/361 301/692/362
f 290/688/108 301/692/362 300/690/108
f 291/693/361 292/694/363 302/695/364
f 291/693/361 302/695/364 301/696/362
f 292/694/363 293/697/365 303/698/365
f 292/694/363 303/698/365 302/695/364
f 293/697/365 294/699/366 303/698/365
f 294/699/366 304/700/367 303/698/365
f 294/701/366 285/675/118 304/702/367
f 285/675/118 295/678/118 304/702/367
f 295/703/368 296/704/368 306/705/368
f 295/703/368 306/705/368 305/706/368
f 296/707/369 297/708/369 307/709/369
f 296/707/369 307/709/369 306/710/369
f 297/711/76 298/712/76 308/713/76
f 297/711/76 308/713/76 307/714/76
f 298/715/370 299/716/370 309/717/370
f 298/715/370 309/717/370 308/718/370
f 299/719/371 300/720/371 310/721/371
f 299/719/371 310/721/371 309/722/371
f 300/723/372 301/724/372 311/725/372
f 300/723/372 311/725/372 310/726/372
f 301/727/373 302/728/373 312/729/373
f 301/727/373 312/729/373 311/730/373
f 302/731/75 303/732/75 313/733/75
f 302/731/75 313/733/75 312/734/75
f 303/735/374 304/736/374 314/737/374
f 303/735/374 314/737/374 313/738/374
f 304/739/375 295/740/375 305/741/375
f 304/739/375 305/741/375 314/742/375
f 305/743/87 306/744/376 315/745/87
f 306/744/376 316/746/377 315/745/87
f 306/747/376 307/748/378 316/749/377
f 307/748/378 317/750/378 316/749/377
f 307/748/378 308/751/379 318/752/380
f 307/748/378 318/752/380 317/750/378
f 308/751/379 309/753/381 319/754/382
f 308/751/379 319/754/382 318/752/380
f 309/755/381 310/756/77 320/757/77
f 309/755/381 320/757/77 319/758/382
f 310/756/77 311/759/383 320/757/77
f 311/759/383 321/760/384 320/757/77
f 311/761/383 312/762/385 321/763/384
f 312/762/385 322/764/385 321/763/384
f 312/762/385 313/765/386 323/766/387
f 312/762/385 323/766/387 322/764/385
f 313/765/386 314/767/388 324/768/389
f 313/765/386 324/768/389 323/766/387
f 314/769/388 305/743/87 315/745/87
f 314/769/388 315/745/87 324/770/389
f 294/771/129 286/772/129 285/773/129
f 293/774/129 286/772/129 294/771/129
f 293/774/129 287/775/129 286/772/129
f 293/774/129 288/776/129 287/775/129
f 292/777/129 288/776/129 293/774/129
f 292/777/129 289/778/129 288/776/129
f 291/779/129 289/778/129 292/777/129
f 289/778/129 291/779/129 290/780/129
f 324/781/128 315/782/128 316/783/128
f 323/784/128 324/781/128 316/783/128
f 323/784/128 316/783/128 317/785/128
f 323/784/128 317/785/128 318/786/128
f 322/787/128 323/784/128 318/786/128
f 322/787/128 318/786/128 319/788/128
f 321/789/128 322/787/128 319/788/128
f 319/788/128 320/790/128 321/789/128
f 325/791/118 326/792/354 336/793/355
f 325/791/118 336/793/355 335/794/118
f 326/795/354 327/796/356 337/797/357
f 326/795/354 337/797/357 336/798/355
f 327/796/356 328/799/358 338/800/358
f 327/796/356 338/800/358 337/797/357
f 328/799/358 329/801/359 338/800/358
f 329/801/359 339/802/360 338/800/358
f 329/803/359 330/804/108 339/805/360
f 330/804/108 340/806/108 339/805/360
f 330/804/108 331/807/361 341/808/362
f 330/804/108 341/808/362 340/806/108
f 331/809/361 332/810/363 342/811/364
f 331/809/361 342/811/364 341/812/362
f 332/810/363 333/813/365 343/814/365
f 332/810/363 343/814/365 342/811/364
f 333/813/365 334/815/366 343/814/365
f 334/815/366 344/816/367 343/814/365
f 334/817/366 325/791/118 344/818/367
f 325/791/118 335/794/118 344/818/367
f 335/819/368 336/820/368 346/821/368
f 335/819/368 346/821/368 345/822/368
f 336/823/369 337/824/369 347/825/369
f 336/823/369 347/825/369 346/826/369
f 337/827/76 338/828/76 348/829/76
f 337/827/76 348/829/76 347/830/76
f 338/831/370 339/832/370 349/833/370
f 338/831/370 349/833/370 348/834/370
f 339/835/371 340/836/371 350/837/371
f 339/835/371 350/837/371 349/838/371
f 340/839/372 341/840/372 351/841/372
f 340/839/372 351/841/372 350/842/372
f 341/843/373 342/844/373 352/845/373
f 341/843/373 352/845/373 351/846/373
f 342/847/75 343/848/75 353/849/75
f 342/847/75 353/849/75 352/850/75
f 343/851/374 344/852/374 354/853/374
f 343/851/374 354/853/374 353/854/374
f 344/855/375 335/856/375 345/857/375
f 344/855/375 345/857/375 354/858/375
f 345/859/87 346/860/376 355/861/87
f 346/860/376 356/862/377 355/861/87
f 346/863/376 347/864/393 356/865/377
f 347/864/393 357/866/394 356/865/377
f 347/864/393 348/867/395 357/866/394
f 348/867/395 358/868/395 357/866/394
f 348/867/395 349/869/381 359/870/382
f 348/867/395 359/870/382 358/868/395
f 349/871/381 350/872/77 360/873/77
f 349/871/381 360/873/77 359/874/382
f 350/872/77 351/875/383 360/873/77
f 351/875/383 361/876/384 360/873/77
f 351/877/383 352/878/390 361/879/384
f 352/878/390 362/880/391 361/879/384
f 352/878/390 353/881/392 362/880/391
f 353/881/392 363/882/392 362/880/391
f 353/881/392 354/883/388 364/884/389
f 353/881/392 364/884/389 363/882/392
f 354/885/388 345/859/87 355/861/87
f 354/885/388 355/861/87 364/886/389
f 329/887/129 331/888/129 330/889/129
f 328/890/129 331/888/129 329/887/129
f 328/890/129 332/891/129 331/888/129
f 327/892/129 332/891/129 328/890/129
f 327/892/129 333/893/129 332/891/129
f 326/894/129 333/893/129 327/892/129
f 326/894/129 334/895/129 333/893/129
f 325/896/129 334/895/129 326/894/129
f 359/897/128 360/898/128 361/899/128
f 358/900/128 359/897/128 361/899/128
f 358/900/128 361/899/128 362/901/128
f 357/902/128 358/900/128 362/901/128
f 357/902/128 362/901/128 363/903/128
f 356/904/128 357/902/128 363/903/128
f 356/904/128 363/903/128 364/905/128
f 355/906/128 356/904/128 364/905/128
f 365/907/118 366/908/354 376/909/355
f 365/907/118 376/909/355 375/910/118
f 366/911/354 367/912/396 377/913/396
f 366/911/354 377/913/396 376/914/355
f 367/912/396 368/915/397 377/913/396
f 368/915/397 378/916/398 377/913/396
f 368/915/397 369/917/359 378/916/398
f 369/917/359 379/918/360 378/916/398
f 369/919/359 370/920/108 379/921/360
f 370/920/108 380/922/108 379/921/360
f 370/920/108 371/923/361 381/924/362
f 370/920/108 381/924/362 380/922/108
f 371/925/361 372/926/363 382/927/364
f 371/925/361 382/927/364 381/928/362
f 372/926/363 373/929/365 383/930/365
f 372/926/363 383/930/365 382/927/364
f 373/929/365 374/931/366 383/930/365
f 374/931/366 384/932/367 383/930/365
f 374/933/366 365/907/118 384/934/367
f 365/907/118 375/910/118 384/934/367
f 375/935/368 376/936/368 386/937/368
f 375/935/368 386/937/368 385/938/368
f 376/939/369 377/940/369 387/941/369
f 376/939/369 387/941/369 386/942/369
f 377/943/76 378/944/76 388/945/76
f 377/943/76 388/945/76 387/946/76
f 378/947/370 379/948/370 389/949/370
f 378/947/370 389/949/370 388/950/370
f 379/951/371 380/952/371 390/953/371
f 379/951/371 390/953/371 389/954/371
f 380/955/372 381/956/372 391/957/372
f 380/955/372 391/957/372 390/958/372
f 381/959/373 382/960/373 392/961/373
f 381/959/373 392/961/373 391/962/373
f 382/963/75 383/964/75 393/965/75
f 382/963/75 393/965/75 392/966/75
f 383/967/374 384/968/374 394/969/374
f 383/967/374 394/969/374 393/970/374
f 384/971/375 375/972/375 385/973/375
f 384/971/375 385/973/375 394/974/375
f 385/975/87 386/976/376 395/977/87
f 386/976/376 396/978/377 395/977/87
f 386/979/376 387/980/378 396/981/377
f 387/980/378 397/982/378 396/981/377
f 387/980/378 388/983/379 398/984/380
f 387/980/378 398/984/380 397/982/378
f 388/983/379 389/985/381 399/986/382
f 388/983/379 399/986/382 398/984/380
f 389/987/381 390/988/77 400/989/77
f 389/987/381 400/989/77 399/990/382
f 390/988/77 391/991/383 400/989/77
f 391/991/383 401/992/384 400/989/77
f 391/993/383 392/994/385 401/995/384
f 392/994/385 402/996/385 401/995/384
f 392/994/385 393/997/386 403/998/387
f 392/994/385 403/998/387 402/996/385
f 393/997/386 394/999/388 404/1000/389
f 393/997/386 404/1000/389 403/998/387
f 394/1001/388 385/975/87 395/977/87
f 394/1001/388 395/977/87 404/1002/389
f 374/1003/129 366/1004/129 365/1005/129
f 373/1006/129 366/1004/129 374/1003/129
f 373/1006/129 367/1007/129 366/1004/129
f 373/1006/129 368/1008/129 367/1007/129
f 372/1009/129 368/1008/129 373/1006/129
f 372/1009/129 369/1010/129 368/1008/129
f 371/1011/129 369/1010/129 372/1009/129
f 369/1010/129 371/1011/129 370/1012/129
f 404/1013/128 395/1014/128 396/1015/128
f 403/1016/128 404/1013/128 396/1015/128
f 403/1016/128 396/1015/128 397/1017/128
f 403/1016/128 397/1017/128 398/1018/128
f 402/1019/128 403/1016/128 398/1018/128
f 402/1019/128 398/1018/128 399/1020/128
f 401/1021/128 402/1019/128 399/1020/128
f 399/1020/128 400/1022/128 401/1021/128
f 405/1023/118 406/1024/354 416/1025/355
f 405/1023/118 416/1025/355 415/1026/118
f 406/1027/354 407/1028/356 417/1029/357
f 406/1027/354 417/1029/357 416/1030/355
f 407/1028/356 408/1031/358 418/1032/358
f 407/1028/356 418/1032/358 417/1029/357
f 408/1031/358 409/1033/359 418/1032/358
f 409/1033/359 419/1034/360 418/1032/358
f 409/1035/359 410/1036/108 419/1037/360
f 410/1036/108 420/1038/108 419/1037/360
f 410/1036/108 411/1039/361 421/1040/362
f 410/1036/108 421/1040/362 420/1038/108
f 411/1041/361 412/1042/363 422/1043/364
f 411/1041/361 422/1043/364 421/1044/362
f 412/1042/363 413/1045/365 423/1046/365
f 412/1042/363 423/1046/365 422/1043/364
f 413/1045/365 414/1047/366 423/1046/365
f 414/1047/366 424/1048/367 423/1046/365
f 414/1049/366 405/1023/118 424/1050/367
f 405/1023/118 415/1026/118 424/1050/367
f 415/1051/368 416/1052/368 426/1053/368
f 415/1051/368 426/1053/368 425/1054/368
f 416/1055/369 417/1056/369 427/1057/369
f 416/1055/369 427/1057/369 426/1058/369
f 417/1059/76 418/1060/76 428/1061/76
f 417/1059/76 428/1061/76 427/1062/76
f 418/1063/370 419/1064/370 429/1065/370
f 418/1063/370 429/1065/370 428/1066/370
f 419/1067/371 420/1068/371 430/1069/371
f 419/1067/371 430/1069/371 429/1070/371
f 420/1071/372 421/1072/372 431/1073/372
f 420/1071/372 431/1073/372 430/1074/372
f 421/1075/373 422/1076/373 432/1077/373
f 421/1075/373 432/1077/373 431/1078/373
f 422/1079/75 423/1080/75 433/1081/75
f 422/1079/75 433/1081/75 432/1082/75
f 423/1083/374 424/1084/374 434/1085/374
f 423/1083/374 434/1085/374 433/1086/374
f 424/1087/375 415/1088/375 425/1089/375
f 424/1087/375 425/1089/375 434/1090/375
f 425/1091/87 426/1092/376 435/1093/87
f 426/1092/376 436/1094/377 435/1093/87
f 426/1095/376 427/1096/393 436/1097/377
f 427/1096/393 437/1098/394 436/1097/377
f 427/1096/393 428/1099/395 437/1098/394
f 428/1099/395 438/1100/395 437/1098/394
f 428/1099/395 429/1101/381 439/1102/382
f 428/1099/395 439/1102/382 438/1100/395
f 429/1103/381 430/1104/77 440/1105/77
f 429/1103/381 440/1105/77 439/1106/382
f 430/1104/77 431/1107/383 440/1105/77
f 431/1107/383 441/1108/384 440/1105/77
f 431/1109/383 432/1110/390 441/1111/384
f 432/1110/390 442/1112/391 441/1111/384
f 432/1110/390 433/1113/392 442/1112/391
f 433/1113/392 443/1114/392 442/1112/391
f 433/1113/392 434/1115/388 444/1116/389
f 433/1113/392 444/1116/389 443/1114/392
f 434/1117/388 425/1091/87 435/1093/87
f 434/1117/388 435/1093/87 444/1118/389
f 409/1119/129 411/1120/129 410/1121/129
f 408/1122/129 411/1120/129 409/1119/129
f 408/1122/129 412/1123/129 411/1120/129
f 407/1124/129 412/1123/129 408/1122/129
f 407/1124/129 413/1125/129 412/1123/129
f 406/1126/129 413/1125/129 407/1124/129
f 406/1126/129 414/1127/129 413/1125/129
f 405/1128/129 414/1127/129 406/1126/129
f 439/1129/128 440/1130/128 441/1131/128
f 438/1132/128 439/1129/128 441/1131/128
f 438/1132/128 441/1131/128 442/1133/128
f 437/1134/128 438/1132/128 442/1133/128
f 437/1134/128 442/1133/128 443/1135/128
f 436/1136/128 437/1134/128 443/1135/128
f 436/1136/128 443/1135/128 444/1137/128
f 435/1138/128 436/1136/128 444/1137/128
f 445/1139/118 446/1140/354 456/1141/355
f 445/1139/118 456/1141/355 455/1142/118
f 446/1143/354 447/1144/356 457/1145/357
f 446/1143/354 457/1145/357 456/1146/355
f 447/1144/356 448/1147/358 458/1148/358
f 447/1144/356 458/1148/358 457/1145/357
f 448/1147/358 449/1149/359 458/1148/358
f 449/1149/359 459/1150/360 458/1148/358
f 449/1151/359 450/1152/108 459/1153/360
f 450/1152/108 460/1154/108 459/1153/360
f 450/1152/108 451/1155/361 461/1156/362
f 450/1152/108 461/1156/362 460/1154/108
f 451/1157/361 452/1158/363 462/1159/364
f 451/1157/361 462/1159/364 461/1160/362
f 452/1158/363 453/1161/365 463/1162/365
f 452/1158/363 463/1162/365 462/1159/364
f 453/1161/365 454/1163/366 463/1162/365
f 454/1163/366 464/1164/367 463/1162/365
f 454/1165/366 445/1139/118 464/1166/367
f 445/1139/118 455/1142/118 464/1166/367
f 455/1167/368 456/1168/368 466/1169/368
f 455/1167/368 466/1169/368 465/1170/368
f 456/1171/369 457/1172/369 467/1173/369
f 456/1171/369 467/1173/369 466/1174/369
f 457/1175/76 458/1176/76 468/1177/76
f 457/1175/76 468/1177/76 467/1178/76
f 458/1179/370 459/1180/370 469/1181/370
f 458/1179/370 469/1181/370 468/1182/370
f 459/1183/371 460/1184/371 470/1185/371
f 459/1183/371 470/1185/371 469/1186/371
f 460/1187/372 461/1188/372 471/1189/372
f 460/1187/372 471/1189/372 470/1190/372
f 461/1191/373 462/1192/373 472/1193/373
f 461/1191/373 472/1193/373 471/1194/373
f 462/1195/75 463/1196/75 473/1197/75
f 462/1195/75 473/1197/75 472/1198/75
f 463/1199/374 464/1200/374 474/1201/374
f 463/1199/374 474/1201/374 473/1202/374
f 464/1203/375 455/1204/375 465/1205/375
f 464/1203/375 465/1205/375 474/1206/375
f 465/1207/87 466/1208/376 475/1209/87
f 466/1208/376 476/1210/377 475/1209/87
f 466/1211/376 467/1212/378 476/1213/377
f 467/1212/378 477/1214/378 476/1213/377
f 467/1212/378 468/1215/379 478/1216/380
f 467/1212/378 478/1216/380 477/1214/378
f 468/1215/379 469/1217/381 479/1218/382
f 468/1215/379 479/1218/382 478/1216/380
f 469/1219/381 470/1220/77 480/1221/77
f 469/1219/381 480/1221/77 479/1222/382
f 470/1220/77 471/1223/383 480/1221/77
f 471/1223/383 481/1224/384 480/1221/77
f 471/1225/383 472/1226/385 481/1227/384
f 472/1226/385 482/1228/385 481/1227/384
f 472/1226/385 473/1229/386 483/1230/387
f 472/1226/385 483/1230/387 482/1228/385
f 473/1229/386 474/1231/388 484/1232/389
f 473/1229/386 484/1232/389 483/1230/387
f 474/1233/388 465/1207/87 475/1209/87
f 474/1233/388 475/1209/87 484/1234/389
f 454/1235/129 446/1236/129 445/1237/129
f 453/1238/129 446/1236/129 454/1235/129
f 453/1238/129 447/1239/129 446/1236/129
f 453/1238/129 448/1240/129 447/1239/129
f 452/1241/129 448/1240/129 453/1238/129
f 452/1241/129 449/1242/129 448/1240/129
f 451/1243/129 449/1242/129 452/1241/129
f 449/1242/129 451/1243/129 450/1244/129
f 484/1245/128 475/1246/128 476/1247/128
f 483/1248/128 484/1245/128 476/1247/128
f 483/1248/128 476/1247/128 477/1249/128
f 483/1248/128 477/1249/128 478/1250/128
f 482/1251/128 483/1248/128 478/1250/128
f 482/1251/128 478/1250/128 479/1252/128
f 481/1253/128 482/1251/128 479/1252/128
f 479/1252/128 480/1254/128 481/1253/128
f 485/1255/118 486/1256/354 496/1257/355
f 485/1255/118 496/1257/355 495/1258/118
f 486/1259/354 487/1260/356 497/1261/357
f 486/1259/354 497/1261/357 496/1262/355
f 487/1260/356 488/1263/358 498/1264/358
f 487/1260/356 498/1264/358 497/1261/357
f 488/1263/358 489/1265/359 498/1264/358
f 489/1265/359 499/1266/360 498/1264/358
f 489/1267/359 490/1268/108 499/1269/360
f 490/1268/108 500/1270/108 499/1269/360
f 490/1268/108 491/1271/361 501/1272/362
f 490/1268/108 501/1272/362 500/1270/108
f 491/1273/361 492/1274/363 502/1275/364
f 491/1273/361 502/1275/364 501/1276/362
f 492/1274/363 493/1277/365 503/1278/365
f 492/1274/363 503/1278/365 502/1275/364
f 493/1277/365 494/1279/366 503/1278/365
f 494/1279/366 504/1280/367 503/1278/365
f 494/1281/366 485/1255/118 504/1282/367
f 485/1255/118 495/1258/118 504/1282/367
f 495/1283/368 496/1284/368 506/1285/368
f 495/1283/368 506/1285/368 505/1286/368
f 496/1287/369 497/1288/369 507/1289/369
f 496/1287/369 507/1289/369 506/1290/369
f 497/1291/76 498/1292/76 508/1293/76
f 497/1291/76 508/1293/76 507/1294/76
f 498/1295/370 499/1296/370 509/1297/370
f 498/1295/370 509/1297/370 508/1298/370
f 499/1299/371 500/1300/371 510/1301/371
f 499/1299/371 510/1301/371 509/1302/371
f 500/1303/372 501/1304/372 511/1305/372
f 500/1303/372 511/1305/372 510/1306/372
f 501/1307/373 502/1308/373 512/1309/373
f 501/1307/373 512/1309/373 511/1310/373
f 502/1311/75 503/1312/75 513/1313/75
f 502/1311/75 513/1313/75 512/1314/75
f 503/1315/374 504/1316/374 514/1317/374
f 503/1315/374 514/1317/374 513/1318/374
f 504/1319/375 495/1320/375 505/1321/375
f 504/1319/375 505/1321/375 514/1322/375
f 505/1323/87 506/1324/376 515/1325/87
f 506/1324/376 516/1326/377 515/1325/87
f 506/1327/376 507/1328/393 516/1329/377
f 507/1328/393 517/1330/394 516/1329/377
f 507/1328/393 508/1331/395 517/1330/394
f 508/1331/395 518/1332/395 517/1330/394
f 508/1331/395 509/1333/381 519/1334/382
f 508/1331/395 519/1334/382 518/1332/395
f 509/1335/381 510/1336/77 520/1337/77
f 509/1335/381 520/1337/77 519/1338/382
f 510/1336/77 511/1339/383 520/1337/77
f 511/1339/383 521/1340/384 520/1337/77
f 511/1341/383 512/1342/385 521/1343/384
f 512/1342/385 522/1344/385 521/1343/384
f 512/1342/385 513/1345/386 523/1346/387
f 512/1342/385 523/1346/387 522/1344/385
f 513/1345/386 514/1347/388 524/1348/389
f 513/1345/386 524/1348/389 523/1346/387
f 514/1349/388 505/1323/87 515/1325/87
f 514/1349/388 515/1325/87 524/1350/389
f 489/1351/129 491/1352/129 490/1353/129
f 488/1354/129 491/1352/129 489/1351/129
f 488/1354/129 492/1355/129 491/1352/129
f 488/1354/129 493/1356/129 492/1355/129
f 487/1357/129 493/1356/129 488/1354/129
f 486/1358/129 493/1356/129 487/1357/129
f 486/1358/129 494/1359/129 493/1356/129
f 485/1360/129 494/1359/129 486/1358/129
f 519/1361/128 520/1362/128 521/1363/128
f 518/1364/128 519/1361/128 521/1363/128
f 518/1364/128 521/1363/128 522/1365/128
f 518/1364/128 522/1365/128 523/1366/128
f 517/1367/128 518/1364/128 523/1366/128
f 516/1368/128 517/1367/128 523/1366/128
f 516/1368/128 523/1366/128 524/1369/128
f 515/1370/128 516/1368/128 524/1369/128
f 525/1371/399 526/1372/400 536/1373/401
f 525/1371/399 536/1373/401 535/1374/402
f 526/1375/400 527/1376/403 537/1377/404
f 526/1375/400 537/1377/404 536/1378/401
f 527/1379/403 528/1380/405 538/1381/405
f 527/1379/403 538/1381/405 537/1382/404
f 528/1380/405 529/1383/406 538/1381/405
f 529/1383/406 539/1384/407 538/1381/405
f 529/1385/406 530/1386/408 539/1387/407
f 530/1386/408 540/1388/409 539/1387/407
f 530/1386/408 531/1389/410 540/1388/409
f 531/1389/410 541/1390/411 540/1388/409
f 531/1391/410 532/1392/412 541/1393/411
f 532/1392/412 542/1394/412 541/1393/411
f 532/1392/412 533/1395/413 543/1396/414
f 532/1392/412 543/1396/414 542/1394/412
f 533/1395/413 534/1397/415 544/1398/416
f 533/1395/413 544/1398/416 543/1396/414
f 534/1399/415 525/1371/399 535/1374/402
f 534/1399/415 535/1374/402 544/1400/416
f 535/1401/417 536/1402/417 546/1403/417
f 535/1401/417 546/1403/417 545/1404/417
f 536/1405/418 537/1406/418 547/1407/418
f 536/1405/418 547/1407/418 546/1408/418
f 537/1409/419 538/1410/419 548/1411/419
f 537/1409/419 548/1411/419 547/1412/419
f 538/1413/420 539/1414/420 548/1415/420
f 539/1414/420 549/1416/420 548/1415/420
f 539/1417/421 540/1418/421 550/1419/421
f 539/1417/421 550/1419/421 549/1420/421
f 540/1421/422 541/1422/422 551/1423/422
f 540/1421/422 551/1423/422 550/1424/422
f 541/1425/423 542/1426/423 551/1427/423
f 542/1426/423 552/1428/423 551/1427/423
f 542/1429/424 543/1430/424 553/1431/424
f 542/1429/424 553/1431/424 552/1432/424
f 543/1433/425 544/1434/425 554/1435/425
f 543/1433/425 554/1435/425 553/1436/425
f 544/1437/426 535/1438/426 545/1439/426
f 544/1437/426 545/1439/426 554/1440/426
f 545/1441/427 546/1442/428 555/1443/429
f 546/1442/428 556/1444/428 555/1443/429
f 546/1442/428 547/1445/430 557/1446/431
f 546/1442/428 557/1446/431 556/1444/428
f 547/1447/430 548/1448/432 558/1449/432
f 547/1447/430 558/1449/432 557/1450/431
f 548/1448/432 549/1451/433 558/1449/432
f 549/1451/433 559/1452/433 558/1449/432
f 549/1451/433 550/1453/434 560/1454/435
f 549/1451/433 560/1454/435 559/1452/433
f 550/1455/434 551/1456/436 561/1457/437
f 550/1455/434 561/1457/437 560/1458/435
f 551/1459/436 552/1460/438 562/1461/439
f 551/1459/436 562/1461/439 561/1462/437
f 552/1460/438 553/1463/440 563/1464/440
f 552/1460/438 563/1464/440 562/1461/439
f 553/1463/440 554/1465/441 563/1464/440
f 554/1465/441 564/1466/442 563/1464/440
f 554/1467/441 545/1468/427 564/1469/442
f 545/1468/427 555/1470/429 564/1469/442
f 534/1471/443 526/1472/443 525/1473/443
f 534/1471/443 527/1474/443 526/1472/443
f 533/1475/443 527/1474/443 534/1471/443
f 533/1475/443 528/1476/443 527/1474/443
f 532/1477/443 528/1476/443 533/1475/443
f 532/1477/443 529/1478/443 528/1476/443
f 531/1479/443 529/1478/443 532/1477/443
f 529/1478/443 531/1479/443 530/1480/443
f 564/1481/444 555/1482/444 556/1483/444
f 564/1481/444 556/1483/444 557/1484/444
f 563/1485/444 564/1481/444 557/1484/444
f 563/1485/444 557/1484/444 558/1486/444
f 562/1487/444 563/1485/444 558/1486/444
f 562/1487/444 558/1486/444 559/1488/444
f 561/1489/444 562/1487/444 559/1488/444
f 559/1488/444 560/1490/444 561/1489/444
f 565/1491/399 566/1492/400 576/1493/401
f 565/1491/399 576/1493/401 575/1494/402
f 566/1495/400 567/1496/403 577/1497/404
f 566/1495/400 577/1497/404 576/1498/401
f 567/1496/403 568/1499/405 578/1500/405
f 567/1496/403 578/1500/405 577/1497/404
f 568/1501/405 569/1502/406 578/1503/405
f 569/1502/406 579/1504/407 578/1503/405
f 569/1502/406 570/1505/408 579/1504/407
f 570/1505/408 580/1506/409 579/1504/407
f 570/1505/408 571/1507/410 580/1506/409
f 571/1507/410 581/1508/411 580/1506/409
f 571/1509/410 572/1510/412 581/1511/411
f 572/1510/412 582/1512/412 581/1511/411
f 572/1510/412 573/1513/413 583/1514/414
f 572/1510/412 583/1514/414 582/1512/412
f 573/1513/413 574/1515/415 584/1516/416
f 573/1513/413 584/1516/416 583/1514/414
f 574/1517/415 565/1491/399 575/1494/402
f 574/1517/415 575/1494/402 584/1518/416
f 575/1519/417 576/1520/417 586/1521/417
f 575/1519/417 586/1521/417 585/1522/417
f 576/1523/418 577/1524/418 586/1525/418
f 577/1524/418 587/1526/418 586/1525/418
f 577/1527/419 578/1528/419 588/1529/419
f 577/1527/419 588/1529/419 587/1530/419
f 578/1531/420 579/1532/420 589/1533/420
f 578/1531/420 589/1533/420 588/1534/420
f 579/1535/421 580/1536/421 589/1537/421
f 580/1536/421 590/1538/421 589/1537/421
f 580/1539/422 581/1540/422 591/1541/422
f 580/1539/422 591/1541/422 590/1542/422
f 581/1543/423 582/1544/423 591/1545/423
f 582/1544/423 592/1546/423 591/1545/423
f 582/1547/424 583/1548/424 593/1549/424
f 582/1547/424 593/1549/424 592/1550/424
f 583/1551/425 584/1552/425 594/1553/425
f 583/1551/425 594/1553/425 593/1554/425
f 584/1555/426 575/1556/426 594/1557/426
f 575/1556/426 585/1558/426 594/1557/426
f 585/1559/445 586/1560/446 596/1561/447
f 585/1559/445 596/1561/447 595/1562/448
f 586/1563/446 587/1564/430 597/1565/431
f 586/1563/446 597/1565/431 596/1566/447
f 587/1564/430 588/1567/432 598/1568/432
f 587/1564/430 598/1568/432 597/1565/431
f 588/1567/432 589/1569/449 598/1568/432
f 589/1569/449 599/1570/450 598/1568/432
f 589/1571/449 590/1572/451 599/1573/450
f 590/1572/451 600/1574/452 599/1573/450
f 590/1572/451 591/1575/453 600/1574/452
f 591/1575/453 601/1576/454 600/1574/452
f 591/1577/453 592/1578/455 601/1579/454
f 592/1578/455 602/1580/455 601/1579/454
f 592/1581/455 593/1582/456 603/1583/457
f 592/1581/455 603/1583/457 602/1584/455
f 593/1582/456 594/1585/458 604/1586/459
f 593/1582/456 604/1586/459 603/1583/457
f 594/1587/458 585/1559/445 595/1562/448
f 594/1587/458 595/1562/448 604/1588/459
f 574/1589/443 566/1590/443 565/1591/443
f 574/1589/443 567/1592/443 566/1590/443
f 573/1593/443 567/1592/443 574/1589/443
f 573/1593/443 568/1594/443 567/1592/443
f 572/1595/443 568/1594/443 573/1593/443
f 571/1596/443 568/1594/443 572/1595/443
f 571/1596/443 569/1597/443 568/1594/443
f 569/1597/443 571/1596/443 570/1598/443
f 604/1599/444 595/1600/444 596/1601/444
f 604/1599/444 596/1601/444 597/1602/444
f 603/1603/444 604/1599/444 597/1602/444
f 603/1603/444 597/1602/444 598/1604/444
f 602/1605/444 603/1603/444 598/1604/444
f 602/1605/444 598/1604/444 599/1606/444
f 601/1607/444 602/1605/444 599/1606/444
f 599/1606/444 600/1608/444 601/1607/444
