# mech2 arm R: whole hand incl. fingers (rest curl), colour White; parent = Hand segment (pivot wrist)
o Mech2Arm_R_HandMerged_White
v 0.48000 -6.98000 -0.32000
v 0.48000 -6.98000 0.32000
v 0.39000 -6.98000 0.41000
v 0.27000 -6.98000 0.41000
v 0.18000 -6.98000 0.32000
v 0.18000 -6.98000 -0.32000
v 0.27000 -6.98000 -0.41000
v 0.39000 -6.98000 -0.41000
v 0.57000 -7.07000 -0.41000
v 0.57000 -7.07000 0.41000
v 0.48000 -7.07000 0.50000
v 0.18000 -7.07000 0.50000
v 0.09000 -7.07000 0.41000
v 0.09000 -7.07000 -0.41000
v 0.18000 -7.07000 -0.50000
v 0.48000 -7.07000 -0.50000
v 0.62000 -7.21000 -0.53000
v 0.62000 -7.21000 0.53000
v 0.53000 -7.21000 0.62000
v 0.14000 -7.21000 0.62000
v 0.05000 -7.21000 0.53000
v 0.05000 -7.21000 -0.53000
v 0.14000 -7.21000 -0.62000
v 0.53000 -7.21000 -0.62000
v 0.64000 -7.75000 -0.55000
v 0.64000 -7.75000 0.55000
v 0.55000 -7.75000 0.64000
v 0.12000 -7.75000 0.64000
v 0.03000 -7.75000 0.55000
v 0.03000 -7.75000 -0.55000
v 0.12000 -7.75000 -0.64000
v 0.55000 -7.75000 -0.64000
v 0.59000 -7.78000 -0.50000
v 0.59000 -7.78000 0.50000
v 0.50000 -7.78000 0.59000
v 0.17000 -7.78000 0.59000
v 0.08000 -7.78000 0.50000
v 0.08000 -7.78000 -0.50000
v 0.17000 -7.78000 -0.59000
v 0.50000 -7.78000 -0.59000
v 0.50000 -7.87000 -0.41000
v 0.50000 -7.87000 0.41000
v 0.41000 -7.87000 0.50000
v 0.26000 -7.87000 0.50000
v 0.17000 -7.87000 0.41000
v 0.17000 -7.87000 -0.41000
v 0.26000 -7.87000 -0.50000
v 0.41000 -7.87000 -0.50000
v 0.56000 -7.08000 -0.47600
v 0.70000 -7.08000 -0.40460
v 0.76000 -7.08000 -0.14280
v 0.76000 -7.08000 0.14280
v 0.70000 -7.08000 0.40460
v 0.56000 -7.08000 0.47600
v 0.56000 -7.21000 -0.56000
v 0.70000 -7.21000 -0.47600
v 0.76000 -7.21000 -0.16800
v 0.76000 -7.21000 0.16800
v 0.70000 -7.21000 0.47600
v 0.56000 -7.21000 0.56000
v 0.56000 -7.69000 -0.56000
v 0.70000 -7.69000 -0.47600
v 0.76000 -7.69000 -0.16800
v 0.76000 -7.69000 0.16800
v 0.70000 -7.69000 0.47600
v 0.56000 -7.69000 0.56000
v 0.56000 -7.79000 -0.47600
v 0.70000 -7.79000 -0.40460
v 0.76000 -7.79000 -0.14280
v 0.76000 -7.79000 0.14280
v 0.70000 -7.79000 0.40460
v 0.56000 -7.79000 0.47600
v 0.30353 -7.82595 -0.38640
v 0.25505 -7.82256 -0.40512
v 0.25505 -7.82256 -0.55488
v 0.30353 -7.82595 -0.57360
v 0.41127 -7.83349 -0.57360
v 0.51043 -7.84042 -0.52212
v 0.51043 -7.84042 -0.43788
v 0.41127 -7.83349 -0.38640
v 0.27421 -7.91412 -0.35000
v 0.20688 -7.90941 -0.37600
v 0.20688 -7.90941 -0.58400
v 0.27421 -7.91412 -0.61000
v 0.42385 -7.92459 -0.61000
v 0.54605 -7.93313 -0.53850
v 0.54605 -7.93313 -0.42150
v 0.42385 -7.92459 -0.35000
v 0.24611 -8.36326 -0.35520
v 0.18147 -8.35874 -0.38016
v 0.18147 -8.35874 -0.57984
v 0.24611 -8.36326 -0.60480
v 0.38976 -8.37330 -0.60480
v 0.50867 -8.38162 -0.53616
v 0.50867 -8.38162 -0.42384
v 0.38976 -8.37330 -0.35520
v 0.26263 -8.43458 -0.38900
v 0.21549 -8.43129 -0.40720
v 0.21549 -8.43129 -0.55280
v 0.26263 -8.43458 -0.57100
v 0.36737 -8.44191 -0.57100
v 0.46489 -8.44873 -0.52095
v 0.46489 -8.44873 -0.43905
v 0.36737 -8.44191 -0.38900
v 0.30045 -8.36979 -0.38640
v 0.26322 -8.33855 -0.40512
v 0.26322 -8.33855 -0.55488
v 0.30045 -8.36979 -0.57360
v 0.38318 -8.43921 -0.57360
v 0.45932 -8.50310 -0.52212
v 0.45932 -8.50310 -0.43788
v 0.38318 -8.43921 -0.38640
v 0.22490 -8.42388 -0.35000
v 0.17319 -8.38050 -0.37600
v 0.17319 -8.38050 -0.58400
v 0.22490 -8.42388 -0.61000
v 0.33981 -8.52030 -0.61000
v 0.43365 -8.59904 -0.53850
v 0.43365 -8.59904 -0.42150
v 0.33981 -8.52030 -0.35000
v -0.02969 -8.73242 -0.35520
v -0.07933 -8.69077 -0.38016
v -0.07933 -8.69077 -0.57984
v -0.02969 -8.73242 -0.60480
v 0.08062 -8.82498 -0.60480
v 0.17194 -8.90160 -0.53616
v 0.17194 -8.90160 -0.42384
v 0.08062 -8.82498 -0.35520
v -0.05825 -8.79983 -0.38900
v -0.09445 -8.76946 -0.40720
v -0.09445 -8.76946 -0.55280
v -0.05825 -8.79983 -0.57100
v 0.02218 -8.86733 -0.57100
v 0.09707 -8.93016 -0.52095
v 0.09707 -8.93016 -0.43905
v 0.02218 -8.86733 -0.38900
v -0.01906 -8.76552 -0.38640
v -0.04898 -8.72722 -0.40512
v -0.04898 -8.72722 -0.55488
v -0.01906 -8.76552 -0.57360
v 0.04743 -8.85063 -0.57360
v 0.10863 -8.92895 -0.52212
v 0.10863 -8.92895 -0.43788
v 0.04743 -8.85063 -0.38640
v -0.10420 -8.80273 -0.35000
v -0.14576 -8.74954 -0.37600
v -0.14576 -8.74954 -0.58400
v -0.10420 -8.80273 -0.61000
v -0.01185 -8.92093 -0.61000
v 0.06356 -9.01746 -0.53850
v 0.06356 -9.01746 -0.42150
v -0.01185 -8.92093 -0.35000
v -0.23563 -8.91064 -0.35650
v -0.27510 -8.86011 -0.38120
v -0.27510 -8.86011 -0.57880
v -0.23563 -8.91064 -0.60350
v -0.14789 -9.02293 -0.60350
v -0.07501 -9.11621 -0.53558
v -0.07501 -9.11621 -0.42442
v -0.14789 -9.02293 -0.35650
v -0.31749 -9.00077 -0.38900
v -0.34658 -8.96354 -0.40720
v -0.34658 -8.96354 -0.55280
v -0.31749 -9.00077 -0.57100
v -0.25284 -9.08351 -0.57100
v -0.20498 -9.14478 -0.52095
v -0.20498 -9.14478 -0.43905
v -0.25284 -9.08351 -0.38900
v -0.37539 -9.02412 -0.48000
v 0.30431 -7.82498 -0.06640
v 0.25590 -7.82074 -0.08512
v 0.25590 -7.82074 -0.23488
v 0.30431 -7.82498 -0.25360
v 0.41190 -7.83439 -0.25360
v 0.51092 -7.84305 -0.20212
v 0.51092 -7.84305 -0.11788
v 0.41190 -7.83439 -0.06640
v 0.27346 -7.91262 -0.03000
v 0.20621 -7.90674 -0.05600
v 0.20621 -7.90674 -0.26400
v 0.27346 -7.91262 -0.29000
v 0.42289 -7.92569 -0.29000
v 0.54492 -7.93637 -0.21850
v 0.54492 -7.93637 -0.10150
v 0.42289 -7.92569 -0.03000
v 0.23752 -8.36119 -0.03520
v 0.17297 -8.35555 -0.06016
v 0.17297 -8.35555 -0.25984
v 0.23752 -8.36119 -0.28480
v 0.38098 -8.37375 -0.28480
v 0.49972 -8.38413 -0.21616
v 0.49972 -8.38413 -0.10384
v 0.38098 -8.37375 -0.03520
v 0.25279 -8.43280 -0.06900
v 0.20572 -8.42868 -0.08720
v 0.20572 -8.42868 -0.23280
v 0.25279 -8.43280 -0.25100
v 0.35739 -8.44195 -0.25100
v 0.45477 -8.45047 -0.20095
v 0.45477 -8.45047 -0.11905
v 0.35739 -8.44195 -0.06900
v 0.29294 -8.36836 -0.06640
v 0.25683 -8.33584 -0.08512
v 0.25683 -8.33584 -0.23488
v 0.29294 -8.36836 -0.25360
v 0.37320 -8.44062 -0.25360
v 0.44707 -8.50714 -0.20212
v 0.44707 -8.50714 -0.11788
v 0.37320 -8.44062 -0.06640
v 0.21556 -8.41978 -0.03000
v 0.16539 -8.37462 -0.05600
v 0.16539 -8.37462 -0.26400
v 0.21556 -8.41978 -0.29000
v 0.32703 -8.52015 -0.29000
v 0.41806 -8.60212 -0.21850
v 0.41806 -8.60212 -0.10150
v 0.32703 -8.52015 -0.03000
v -0.04964 -8.71925 -0.03520
v -0.09780 -8.67589 -0.06016
v -0.09780 -8.67589 -0.25984
v -0.04964 -8.71925 -0.28480
v 0.05737 -8.81561 -0.28480
v 0.14595 -8.89537 -0.21616
v 0.14595 -8.89537 -0.10384
v 0.05737 -8.81561 -0.03520
v -0.08054 -8.78562 -0.06900
v -0.11566 -8.75401 -0.08720
v -0.11566 -8.75401 -0.23280
v -0.08054 -8.78562 -0.25100
v -0.00251 -8.85588 -0.25100
v 0.07013 -8.92129 -0.20095
v 0.07013 -8.92129 -0.11905
v -0.00251 -8.85588 -0.06900
v -0.03893 -8.75267 -0.06640
v -0.06681 -8.71285 -0.08512
v -0.06681 -8.71285 -0.23488
v -0.03893 -8.75267 -0.25360
v 0.02302 -8.84113 -0.25360
v 0.08003 -8.92256 -0.20212
v 0.08003 -8.92256 -0.11788
v 0.02302 -8.84113 -0.06640
v -0.12590 -8.78537 -0.03000
v -0.16462 -8.73007 -0.05600
v -0.16462 -8.73007 -0.26400
v -0.12590 -8.78537 -0.29000
v -0.03987 -8.90824 -0.29000
v 0.03040 -9.00858 -0.21850
v 0.03040 -9.00858 -0.10150
v -0.03987 -8.90824 -0.03000
v -0.26279 -8.88625 -0.03650
v -0.29957 -8.83372 -0.06120
v -0.29957 -8.83372 -0.25880
v -0.26279 -8.88625 -0.28350
v -0.18106 -9.00298 -0.28350
v -0.11316 -9.09995 -0.21558
v -0.11316 -9.09995 -0.10443
v -0.18106 -9.00298 -0.03650
v -0.34926 -8.97198 -0.06900
v -0.37636 -8.93327 -0.08720
v -0.37636 -8.93327 -0.23280
v -0.34926 -8.97198 -0.25100
v -0.28904 -9.05799 -0.25100
v -0.24444 -9.12168 -0.20095
v -0.24444 -9.12168 -0.11905
v -0.28904 -9.05799 -0.06900
v -0.40831 -8.99226 -0.16000
v 0.30511 -7.82401 0.25360
v 0.25677 -7.81893 0.23488
v 0.25677 -7.81893 0.08512
v 0.30511 -7.82401 0.06640
v 0.41251 -7.83530 0.06640
v 0.51137 -7.84569 0.11788
v 0.51137 -7.84569 0.20212
v 0.41251 -7.83530 0.25360
v 0.27273 -7.91110 0.29000
v 0.20560 -7.90405 0.26400
v 0.20560 -7.90405 0.05600
v 0.27273 -7.91110 0.03000
v 0.42190 -7.92678 0.03000
v 0.54373 -7.93959 0.10150
v 0.54373 -7.93959 0.21850
v 0.42190 -7.92678 0.29000
v 0.22897 -8.35898 0.28480
v 0.16452 -8.35221 0.25984
v 0.16452 -8.35221 0.06016
v 0.22897 -8.35898 0.03520
v 0.37218 -8.37403 0.03520
v 0.49073 -8.38649 0.10384
v 0.49073 -8.38649 0.21616
v 0.37218 -8.37403 0.28480
v 0.24299 -8.43084 0.25100
v 0.19599 -8.42590 0.23280
v 0.19599 -8.42590 0.08720
v 0.24299 -8.43084 0.06900
v 0.34741 -8.44182 0.06900
v 0.44462 -8.45203 0.11905
v 0.44462 -8.45203 0.20095
v 0.34741 -8.44182 0.25100
v 0.28670 -8.36659 0.25360
v 0.25234 -8.33223 0.23488
v 0.25234 -8.33223 0.08512
v 0.28670 -8.36659 0.06640
v 0.36307 -8.44296 0.06640
v 0.43335 -8.51325 0.11788
v 0.43335 -8.51325 0.20212
v 0.36307 -8.44296 0.25360
v 0.20673 -8.41390 0.29000
v 0.15900 -8.36617 0.26400
v 0.15900 -8.36617 0.05600
v 0.20673 -8.41390 0.03000
v 0.31279 -8.51996 0.03000
v 0.39941 -8.60658 0.10150
v 0.39941 -8.60658 0.21850
v 0.31279 -8.51996 0.29000
v -0.07378 -8.69907 0.28480
v -0.11960 -8.65325 0.25984
v -0.11960 -8.65325 0.06016
v -0.07378 -8.69907 0.03520
v 0.02804 -8.80090 0.03520
v 0.11233 -8.88518 0.10384
v 0.11233 -8.88518 0.21616
v 0.02804 -8.80090 0.28480
v -0.10811 -8.76374 0.25100
v -0.14152 -8.73033 0.23280
v -0.14152 -8.73033 0.08720
v -0.10811 -8.76374 0.06900
v -0.03387 -8.83798 0.06900
v 0.03525 -8.90710 0.11905
v 0.03525 -8.90710 0.20095
v -0.03387 -8.83798 0.25100
v -0.06358 -8.73306 0.25360
v -0.08861 -8.69140 0.23488
v -0.08861 -8.69140 0.08512
v -0.06358 -8.73306 0.06640
v -0.00796 -8.82563 0.06640
v 0.04324 -8.91083 0.11788
v 0.04324 -8.91083 0.20212
v -0.00796 -8.82563 0.25360
v -0.15263 -8.75961 0.29000
v -0.18739 -8.70175 0.26400
v -0.18739 -8.70175 0.05600
v -0.15263 -8.75961 0.03000
v -0.07537 -8.88818 0.03000
v -0.01228 -8.99319 0.10150
v -0.01228 -8.99319 0.21850
v -0.07537 -8.88818 0.29000
v -0.29622 -8.85070 0.28350
v -0.32925 -8.79574 0.25880
v -0.32925 -8.79574 0.06120
v -0.29622 -8.85070 0.03650
v -0.22283 -8.97285 0.03650
v -0.16186 -9.07431 0.10443
v -0.16186 -9.07431 0.21558
v -0.22283 -8.97285 0.28350
v -0.38846 -8.93018 0.25100
v -0.41279 -8.88968 0.23280
v -0.41279 -8.88968 0.08720
v -0.38846 -8.93018 0.06900
v -0.33438 -9.02019 0.06900
v -0.29433 -9.08683 0.11905
v -0.29433 -9.08683 0.20095
v -0.33438 -9.02019 0.25100
v -0.44877 -8.94630 0.16000
v 0.30675 -7.82212 0.57360
v 0.25862 -7.81536 0.55488
v 0.25862 -7.81536 0.40512
v 0.30675 -7.82212 0.38640
v 0.41369 -7.83715 0.38640
v 0.51213 -7.85099 0.43788
v 0.51213 -7.85099 0.52212
v 0.41369 -7.83715 0.57360
v 0.27134 -7.90803 0.61000
v 0.20450 -7.89864 0.58400
v 0.20450 -7.89864 0.37600
v 0.27134 -7.90803 0.35000
v 0.41988 -7.92891 0.35000
v 0.54119 -7.94596 0.42150
v 0.54119 -7.94596 0.53850
v 0.41988 -7.92891 0.61000
v 0.21198 -8.35411 0.60480
v 0.14781 -8.34509 0.57984
v 0.14781 -8.34509 0.38016
v 0.21198 -8.35411 0.35520
v 0.35458 -8.37415 0.35520
v 0.47262 -8.39074 0.42384
v 0.47262 -8.39074 0.53616
v 0.35458 -8.37415 0.60480
v 0.22348 -8.42642 0.57100
v 0.17669 -8.41984 0.55280
v 0.17669 -8.41984 0.40720
v 0.22348 -8.42642 0.38900
v 0.32746 -8.44103 0.38900
v 0.42426 -8.45463 0.43905
v 0.42426 -8.45463 0.52095
v 0.32746 -8.44103 0.57100
v 0.27189 -8.36338 0.57360
v 0.24001 -8.32670 0.55488
v 0.24001 -8.32670 0.40512
v 0.27189 -8.36338 0.38640
v 0.34274 -8.44489 0.38640
v 0.40796 -8.51991 0.43788
v 0.40796 -8.51991 0.52212
v 0.34274 -8.44489 0.57360
v 0.18881 -8.40499 0.61000
v 0.14453 -8.35405 0.58400
v 0.14453 -8.35405 0.37600
v 0.18881 -8.40499 0.35000
v 0.28722 -8.51820 0.35000
v 0.36759 -8.61065 0.42150
v 0.36759 -8.61065 0.53850
v 0.28722 -8.51820 0.61000
v -0.11091 -8.66991 0.60480
v -0.15342 -8.62100 0.57984
v -0.15342 -8.62100 0.38016
v -0.11091 -8.66991 0.35520
v -0.01644 -8.77858 0.35520
v 0.06177 -8.86855 0.42384
v 0.06177 -8.86855 0.53616
v -0.01644 -8.77858 0.60480
v -0.14967 -8.73202 0.57100
v -0.18066 -8.69636 0.55280
v -0.18066 -8.69636 0.40720
v -0.14967 -8.73202 0.38900
v -0.08078 -8.81126 0.38900
v -0.01665 -8.88504 0.43905
v -0.01665 -8.88504 0.52095
v -0.08078 -8.81126 0.57100
v -0.10187 -8.70468 0.57360
v -0.12317 -8.66100 0.55488
v -0.12317 -8.66100 0.40512
v -0.10187 -8.70468 0.38640
v -0.05452 -8.80175 0.38640
v -0.01095 -8.89109 0.43788
v -0.01095 -8.89109 0.52212
v -0.05452 -8.80175 0.57360
v -0.19288 -8.72337 0.61000
v -0.22247 -8.66270 0.58400
v -0.22247 -8.66270 0.37600
v -0.19288 -8.72337 0.35000
v -0.12713 -8.85819 0.35000
v -0.07343 -8.96829 0.42150
v -0.07343 -8.96829 0.53850
v -0.12713 -8.85819 0.61000
v -0.34387 -8.80160 0.60350
v -0.37198 -8.74397 0.57880
v -0.37198 -8.74397 0.38120
v -0.34387 -8.80160 0.35650
v -0.28140 -8.92968 0.35650
v -0.22951 -9.03608 0.42442
v -0.22951 -9.03608 0.53558
v -0.28140 -8.92968 0.60350
v -0.44268 -8.87274 0.57100
v -0.46340 -8.83028 0.55280
v -0.46340 -8.83028 0.40720
v -0.44268 -8.87274 0.38900
v -0.39665 -8.96712 0.38900
v -0.36257 -9.03700 0.43905
v -0.36257 -9.03700 0.52095
v -0.39665 -8.96712 0.57100
v -0.50417 -8.88354 0.48000
v 0.16193 -7.29495 -0.36598
v 0.12808 -7.28904 -0.32223
v -0.00898 -7.21499 -0.36393
v -0.00941 -7.20237 -0.41811
v 0.02772 -7.19492 -0.52690
v 0.10815 -7.21369 -0.61019
v 0.18525 -7.25535 -0.58673
v 0.19905 -7.28749 -0.47478
v 0.14978 -7.39428 -0.35084
v 0.10277 -7.38608 -0.29008
v -0.08760 -7.28322 -0.34800
v -0.08819 -7.26571 -0.42324
v -0.03663 -7.25536 -0.57435
v 0.07007 -7.28243 -0.67532
v 0.17715 -7.34029 -0.64274
v 0.20134 -7.38393 -0.50195
v 0.02941 -7.63955 -0.41244
v -0.01571 -7.63168 -0.35412
v -0.19847 -7.53294 -0.40972
v -0.19904 -7.51613 -0.48195
v -0.14954 -7.50619 -0.62701
v -0.04659 -7.53208 -0.72546
v 0.05621 -7.58762 -0.69418
v 0.07891 -7.62962 -0.55751
v -0.02334 -7.68338 -0.45767
v -0.05624 -7.67764 -0.41514
v -0.18950 -7.60564 -0.45568
v -0.18991 -7.59338 -0.50835
v -0.15382 -7.58613 -0.61413
v -0.07527 -7.60431 -0.69614
v -0.00031 -7.64481 -0.67334
v 0.01276 -7.67613 -0.56345
v 0.00328 -7.63207 -0.45366
v -0.02661 -7.61776 -0.40899
v -0.16745 -7.55172 -0.45157
v -0.17277 -7.54952 -0.50690
v -0.14549 -7.56298 -0.61801
v -0.07259 -7.59776 -0.70306
v 0.00663 -7.63491 -0.67910
v 0.03056 -7.64553 -0.56477
v -0.00665 -7.72668 -0.41909
v -0.04815 -7.70680 -0.35704
v -0.24377 -7.61508 -0.41619
v -0.25116 -7.61203 -0.49303
v -0.21327 -7.63072 -0.64735
v -0.11571 -7.67721 -0.75047
v -0.00568 -7.72880 -0.71720
v 0.03125 -7.74537 -0.57341
v -0.10438 -7.92385 -0.42286
v -0.14422 -7.90477 -0.36329
v -0.33201 -7.81672 -0.42007
v -0.33911 -7.81379 -0.49384
v -0.30273 -7.83173 -0.64198
v -0.20870 -7.87655 -0.74252
v -0.10307 -7.92608 -0.71058
v -0.06800 -7.94180 -0.57100
v -0.16055 -7.97496 -0.45418
v -0.18961 -7.96104 -0.41075
v -0.32654 -7.89684 -0.45215
v -0.33171 -7.89470 -0.50594
v -0.30519 -7.90779 -0.61396
v -0.23405 -7.94173 -0.69772
v -0.15703 -7.97785 -0.67443
v -0.13402 -7.98805 -0.56220
v -0.13299 -7.92164 -0.46433
v -0.15827 -7.89755 -0.42104
v -0.30350 -7.84083 -0.46231
v -0.31452 -7.85073 -0.51592
v -0.29867 -7.88850 -0.62359
v -0.23453 -7.94188 -0.70601
v -0.15284 -7.97379 -0.68280
v -0.11714 -7.95940 -0.57200
v -0.13822 -8.00626 -0.40906
v -0.17333 -7.97281 -0.34892
v -0.37504 -7.89402 -0.40625
v -0.39034 -7.90778 -0.48071
v -0.36833 -7.96023 -0.63025
v -0.28139 -8.02928 -0.73019
v -0.16793 -8.07359 -0.69794
v -0.11621 -8.05871 -0.55860
v -0.19137 -8.10608 -0.38658
v -0.22473 -8.07430 -0.32945
v -0.41634 -7.99945 -0.38391
v -0.43089 -8.01252 -0.45464
v -0.40998 -8.06235 -0.59671
v -0.32710 -8.12860 -0.69352
v -0.21932 -8.17070 -0.66289
v -0.17046 -8.15591 -0.52864
v -0.25699 -8.17989 -0.39388
v -0.28157 -8.15648 -0.35179
v -0.42276 -8.10133 -0.39191
v -0.43348 -8.11096 -0.44404
v -0.41807 -8.14767 -0.54872
v -0.35831 -8.19338 -0.61119
v -0.27889 -8.22440 -0.58862
v -0.24158 -8.21661 -0.49856
v -0.36634 -8.17885 -0.39065
vt -1.31875 -0.08000
vt -1.31875 0.08000
vt -1.35057 0.10250
vt -1.35057 -0.10250
vt -0.78601 1.02517
vt -0.76034 1.04398
vt -0.78317 1.07514
vt -0.80884 1.05633
vt 0.09750 1.36723
vt 0.06750 1.36723
vt 0.12000 1.39901
vt 0.04500 1.39901
vt 0.61954 1.06264
vt 0.64533 1.04400
vt 0.64212 1.09388
vt 0.66791 1.07525
vt 1.20208 0.08000
vt 1.20208 -0.08000
vt 1.23390 -0.10250
vt 1.23390 0.10250
vt 0.64533 -1.04400
vt 0.61954 -1.06264
vt 0.64212 -1.09388
vt 0.66791 -1.07525
vt -0.06750 1.36723
vt -0.09750 1.36723
vt -0.12000 1.39901
vt -0.04500 1.39901
vt -0.76034 -1.04398
vt -0.78601 -1.02517
vt -0.80884 -1.05633
vt -0.78317 -1.07514
vt 0.10250 1.77303
vt -0.10250 1.77303
vt -0.13250 1.80906
vt 0.13250 1.80906
vt -0.82594 1.10062
vt -0.80027 1.11943
vt 0.03500 1.44509
vt 0.13250 1.44509
vt 0.68259 1.11971
vt 0.65680 1.13834
vt 0.10250 1.75961
vt -0.10250 1.75961
vt -0.13250 1.79532
vt 0.13250 1.79532
vt 0.68259 -1.11971
vt 0.65680 -1.13834
vt -0.03500 1.44509
vt -0.13250 1.44509
vt -0.82594 -1.10062
vt -0.80027 -1.11943
vt -0.13750 1.94392
vt 0.13750 1.94392
vt -0.07869 1.80903
vt -0.11047 1.80736
vt -0.11753 1.94236
vt -0.08575 1.94403
vt 0.13250 1.80700
vt 0.03500 1.80700
vt 0.03000 1.94209
vt 0.13750 1.94209
vt 0.03991 1.80903
vt 0.00813 1.80736
vt 0.00107 1.94236
vt 0.03285 1.94403
vt -0.13750 1.93027
vt 0.13750 1.93027
vt -0.00813 1.80736
vt -0.03991 1.80903
vt -0.03285 1.94403
vt -0.00107 1.94236
vt -0.03500 1.80700
vt -0.13250 1.80700
vt -0.13750 1.94209
vt -0.03000 1.94209
vt 0.11047 1.80736
vt 0.07869 1.80903
vt 0.08575 1.94403
vt 0.11753 1.94236
vt 1.01370 0.13750
vt 1.01370 -0.13750
vt 1.02822 -0.12500
vt 1.02822 0.12500
vt 1.03187 -0.16000
vt 1.04639 -0.14750
vt -0.13750 1.09789
vt -0.03000 1.09789
vt -0.12500 1.11232
vt -0.04250 1.11232
vt -1.16713 -0.16000
vt -1.14896 -0.13750
vt -1.18164 -0.14750
vt -1.16348 -0.12500
vt -1.14896 0.13750
vt -1.16348 0.12500
vt -1.16713 0.16000
vt -1.18164 0.14750
vt -0.03000 -1.09789
vt -0.13750 -1.09789
vt -0.12500 -1.11232
vt -0.04250 -1.11232
vt 1.03187 0.16000
vt 1.04639 0.14750
vt 1.05966 -0.10250
vt 1.05966 0.10250
vt 1.07783 -0.12500
vt -0.06500 1.14397
vt -0.10250 1.14397
vt -1.19492 -0.10250
vt -1.21309 -0.12500
vt -1.19492 0.10250
vt -1.21309 0.12500
vt -0.10250 -1.14397
vt -0.06500 -1.14397
vt 1.07783 0.12500
vt -0.12000 0.08000
vt -0.06750 0.10250
vt -0.09750 0.10250
vt -0.04500 0.08000
vt -0.12000 -0.08000
vt -0.04500 -0.08000
vt -0.06750 -0.10250
vt -0.09750 -0.10250
vt -0.06500 0.12500
vt -0.10250 0.12500
vt -0.12500 0.10250
vt -0.04250 0.10250
vt -0.12500 -0.10250
vt -0.04250 -0.10250
vt -0.06500 -0.12500
vt -0.10250 -0.12500
vt -0.17418 1.77085
vt -0.21333 1.76859
vt -0.20645 1.80309
vt -0.16572 1.80574
vt 0.10115 1.77000
vt 0.03570 1.77000
vt 0.04200 1.80250
vt 0.11900 1.80250
vt -0.03570 1.77000
vt -0.04200 1.80250
vt -0.10115 1.77000
vt -0.11900 1.80250
vt 0.21333 1.76859
vt 0.17418 1.77085
vt 0.20645 1.80309
vt 0.16572 1.80574
vt 0.11900 1.77000
vt -0.11900 1.77000
vt -0.14000 1.80250
vt 0.14000 1.80250
vt -0.21412 1.92213
vt -0.17339 1.92478
vt 0.04200 1.92250
vt 0.11900 1.92250
vt -0.04200 1.92250
vt -0.11900 1.92250
vt 0.17339 1.92478
vt 0.21412 1.92213
vt -0.14000 1.92250
vt 0.14000 1.92250
vt 0.38963 1.43220
vt 0.35091 1.44509
vt 0.38913 1.46483
vt 0.35141 1.47578
vt 0.10115 1.94750
vt 0.03570 1.94750
vt -0.03570 1.94750
vt -0.10115 1.94750
vt -0.35091 1.44509
vt -0.38963 1.43220
vt -0.38913 1.46483
vt -0.35141 1.47578
vt -0.11900 1.94750
vt 0.11900 1.94750
vt -0.19000 0.03570
vt -0.14000 0.11900
vt -0.17500 0.10115
vt -0.14000 -0.11900
vt -0.19000 -0.03570
vt -0.17500 -0.10115
vt 0.07582 1.95747
vt 0.06370 1.95668
vt 0.06850 1.97941
vt 0.05166 1.97831
vt -0.10128 1.94715
vt -0.13872 1.94715
vt -0.14600 1.96962
vt -0.09400 1.96962
vt -0.06389 1.95391
vt -0.07602 1.95471
vt -0.06869 1.97664
vt -0.05186 1.97554
vt -0.10295 1.95659
vt -0.10610 1.97926
vt -0.40210 1.84978
vt -0.42985 1.84618
vt -0.40528 1.87429
vt -0.44034 1.86904
vt 0.13053 1.94544
vt 0.10947 1.94544
vt 0.13462 1.96790
vt 0.10537 1.96790
vt 0.53368 1.74935
vt 0.50593 1.75296
vt 0.50911 1.77747
vt 0.54417 1.77221
vt 0.10276 1.95936
vt 0.10591 1.98202
vt 0.04531 2.09064
vt 0.06148 2.09170
vt -0.14496 2.08212
vt -0.09504 2.08212
vt -0.04550 2.08787
vt -0.06167 2.08893
vt -0.09758 2.09144
vt -0.13664 1.98160
vt -0.12730 2.09372
vt 0.10596 2.08041
vt 0.13404 2.08041
vt 0.13645 1.98437
vt 0.12710 2.09649
vt 0.09739 2.09421
vt 0.39133 1.85858
vt 0.37410 1.86070
vt 0.38317 1.87979
vt 0.39574 1.87825
vt -0.13820 2.09966
vt -0.10180 2.09966
vt -0.44635 1.74145
vt -0.46358 1.73933
vt -0.45542 1.76054
vt -0.46798 1.75900
vt -0.06579 2.10686
vt -0.09198 2.10869
vt 0.39329 1.71027
vt 0.36061 1.72096
vt 0.37283 1.73727
vt 0.39910 1.72932
vt 0.10976 2.09794
vt 0.13024 2.09794
vt -0.27923 1.84562
vt -0.31191 1.83493
vt -0.29145 1.86193
vt -0.31772 1.85397
vt 0.06560 2.10963
vt 0.09178 2.11146
vt -0.23918 -0.14340
vt -0.26403 -0.10947
vt -0.26403 -0.13053
vt -0.23918 -0.09660
vt -0.21218 -0.14340
vt -0.21218 -0.09660
vt -0.20003 -0.10128
vt -0.20003 -0.13872
vt -0.23884 0.14275
vt -0.26328 0.13024
vt -0.26328 0.10976
vt -0.23884 0.09725
vt -0.21259 0.14275
vt -0.21259 0.09725
vt -0.20078 0.13820
vt -0.20078 0.10180
vt 0.07448 2.09331
vt 0.06513 2.08554
vt 0.05567 2.10674
vt 0.04269 2.09596
vt -0.10128 1.56023
vt -0.13872 1.56023
vt -0.14600 1.58269
vt -0.09400 1.58269
vt -0.06713 2.08315
vt -0.07648 2.09092
vt -0.05767 2.10435
vt -0.04469 2.09357
vt -0.09717 2.10827
vt -0.08640 2.12845
vt -0.00743 2.11137
vt -0.03051 2.12719
vt 0.00655 2.13175
vt -0.02308 2.15122
vt 0.13053 1.54874
vt 0.10947 1.54874
vt 0.13462 1.57120
vt 0.10537 1.57120
vt 0.17245 2.12431
vt 0.14937 2.10849
vt 0.13539 2.12887
vt 0.16502 2.14834
vt 0.09516 2.11066
vt 0.08440 2.13084
vt -0.02044 2.17353
vt -0.00798 2.18388
vt -0.14496 1.68269
vt -0.09504 1.68269
vt 0.01844 2.17114
vt 0.00598 2.18149
vt -0.02160 2.20463
vt -0.10971 2.14831
vt -0.04429 2.22396
vt 0.10596 1.67120
vt 0.13404 1.67120
vt 0.10771 2.15070
vt 0.04228 2.22635
vt 0.01960 2.20702
vt 0.19754 2.15381
vt 0.18263 2.14492
vt 0.17809 2.16557
vt 0.18896 2.17205
vt -0.13820 1.70023
vt -0.10180 1.70023
vt -0.31281 2.09498
vt -0.32772 2.10387
vt -0.30827 2.11563
vt -0.31914 2.12211
vt 0.01319 2.19843
vt -0.00692 2.21530
vt 0.04047 1.63829
vt 0.01760 1.66395
vt 0.03636 1.67191
vt 0.05507 1.65183
vt 0.10976 1.68874
vt 0.13024 1.68874
vt -0.00991 1.81262
vt -0.03279 1.78696
vt -0.02867 1.82058
vt -0.04738 1.80050
vt -0.01519 2.20082
vt 0.00492 2.21769
vt -1.42954 -0.14340
vt -1.45439 -0.10947
vt -1.45439 -0.13053
vt -1.42954 -0.09660
vt -1.40254 -0.09660
vt -1.40254 -0.14340
vt -1.39039 -0.10128
vt -1.39039 -0.13872
vt -1.42920 0.14275
vt -1.45364 0.13024
vt -1.45364 0.10976
vt -1.42920 0.09725
vt -1.40295 0.09725
vt -1.40295 0.14275
vt -1.39114 0.13820
vt -1.39114 0.10180
vt 0.16070 1.81745
vt 0.15315 1.80684
vt 0.13922 1.83014
vt 0.12874 1.81541
vt 1.41158 -0.10128
vt 1.41158 -0.13872
vt 1.43370 -0.14600
vt 1.43370 -0.09400
vt -0.12560 1.93233
vt -0.13315 1.94294
vt -0.11167 1.95563
vt -0.10118 1.94089
vt 0.00443 2.17567
vt -0.01219 2.19689
vt 0.00262 2.21378
vt 0.02571 2.18430
vt 0.25183 2.17107
vt 0.23356 2.19225
vt 0.27055 2.18721
vt 0.24688 2.21359
vt 1.25436 0.13053
vt 1.25436 0.10947
vt 1.27625 0.13462
vt 1.27625 0.10537
vt -0.09559 2.22571
vt -0.11386 2.20452
vt -0.13258 2.22066
vt -0.10890 2.24705
vt 0.01193 2.21393
vt -0.00470 2.19271
vt -0.00288 2.23082
vt -0.02597 2.20134
vt -0.03637 2.18854
vt -0.06871 2.21620
vt -0.05883 2.22837
vt 1.47624 -0.14470
vt 1.47624 -0.09530
vt 0.03611 2.17150
vt 0.06844 2.19916
vt 0.05856 2.21133
vt 0.03663 2.23933
vt -0.01622 2.23912
vt 0.01842 2.26380
vt 1.31879 0.10611
vt 1.31879 0.13389
vt 0.01595 2.25616
vt -0.01869 2.28084
vt -0.03689 2.25637
vt -0.08658 2.24246
vt -0.07930 2.25142
vt 1.50655 -0.13820
vt 1.50655 -0.10180
vt 0.08631 2.22542
vt 0.07904 2.23438
vt 0.06287 2.25501
vt 0.11684 1.75226
vt 0.09863 1.78110
vt 0.13113 1.78904
vt 0.14316 1.76931
vt 1.34953 0.10976
vt 1.34953 0.13024
vt -0.08768 1.92000
vt -0.10589 1.89116
vt -0.12018 1.92794
vt -0.13221 1.90821
vt -0.06314 2.27205
vt 0.14340 1.75090
vt 0.10947 1.77575
vt 0.13053 1.77575
vt 0.09660 1.75090
vt 0.14340 1.72390
vt 0.09660 1.72390
vt 0.10128 1.71175
vt 0.13872 1.71175
vt -0.83611 1.83203
vt -0.80869 1.83512
vt -0.81300 1.82334
vt 1.52180 -0.12000
vt 0.63695 1.83203
vt 0.61384 1.82334
vt 0.60953 1.83512
vt 0.60836 1.86128
vt -1.30461 0.12000
vt -1.33794 0.14275
vt -1.35677 0.13024
vt -1.35677 0.10976
vt -1.33794 0.09725
vt -0.80752 1.86128
vt 0.07608 1.95631
vt 0.06398 1.95530
vt 0.06838 1.97811
vt 0.05156 1.97671
vt -0.02128 1.94302
vt -0.05872 1.94302
vt -0.06600 1.96548
vt -0.01400 1.96548
vt -0.06406 1.95438
vt -0.07616 1.95538
vt -0.06846 1.97719
vt -0.05164 1.97579
vt -0.10306 1.95774
vt -0.10582 1.98046
vt -0.43349 1.82399
vt -0.46130 1.82088
vt -0.43623 1.84855
vt -0.47138 1.84393
vt 0.05053 1.94105
vt 0.02947 1.94105
vt 0.05462 1.96352
vt 0.02538 1.96352
vt 0.49649 1.78925
vt 0.46868 1.79235
vt 0.47142 1.81691
vt 0.50657 1.81229
vt 0.10298 1.95866
vt 0.10574 1.98138
vt 0.04325 2.08892
vt 0.05940 2.09026
vt -0.06496 2.07799
vt -0.01504 2.07799
vt -0.04333 2.08800
vt -0.05948 2.08934
vt -0.09534 2.09248
vt -0.13631 1.98333
vt -0.12501 2.09527
vt 0.02596 2.07602
vt 0.05404 2.07602
vt 0.13623 1.98425
vt 0.12493 2.09619
vt 0.09526 2.09340
vt 0.41779 1.82421
vt 0.40053 1.82605
vt 0.40928 1.84529
vt 0.42187 1.84395
vt -0.05820 2.09552
vt -0.02180 2.09552
vt -0.42525 1.78670
vt -0.44251 1.78486
vt -0.43401 1.80594
vt -0.44659 1.80460
vt -0.06329 2.10734
vt -0.08944 2.10963
vt 0.36256 1.74459
vt 0.33006 1.75580
vt 0.34253 1.77192
vt 0.36867 1.76354
vt 0.02976 2.09356
vt 0.05024 2.09356
vt -0.30360 1.79779
vt -0.33610 1.78657
vt -0.31608 1.81390
vt -0.34222 1.80552
vt 0.06320 2.10826
vt 0.08935 2.11055
vt -0.27329 -0.06340
vt -0.29814 -0.02947
vt -0.29814 -0.05053
vt -0.27329 -0.01660
vt -0.24629 -0.06340
vt -0.24629 -0.01660
vt -0.23414 -0.02128
vt -0.23414 -0.05872
vt -0.27295 0.06275
vt -0.29739 0.05024
vt -0.29739 0.02976
vt -0.27295 0.01725
vt -0.24670 0.06275
vt -0.24670 0.01725
vt -0.23489 0.02180
vt -0.23489 0.05820
vt 0.07326 2.09215
vt 0.06419 2.08407
vt 0.05400 2.10492
vt 0.04140 2.09369
vt -0.02128 1.51153
vt -0.05872 1.51153
vt -0.06600 1.53399
vt -0.01400 1.53399
vt -0.06489 2.08330
vt -0.07396 2.09138
vt -0.05469 2.10415
vt -0.04210 2.09292
vt -0.09403 2.10945
vt -0.08256 2.12924
vt -0.02078 2.10910
vt -0.04315 2.12590
vt -0.00593 2.12886
vt -0.03469 2.14959
vt 0.05053 1.49963
vt 0.02947 1.49963
vt 0.02538 1.52208
vt 0.05462 1.52208
vt 0.09046 2.12699
vt 0.06809 2.11019
vt 0.05324 2.12994
vt 0.08200 2.15068
vt 0.09333 2.11022
vt 0.08187 2.13001
vt -0.02440 2.16902
vt -0.01230 2.17980
vt -0.06496 1.63399
vt -0.01504 1.63399
vt 0.02370 2.16824
vt 0.01161 2.17902
vt -0.01515 2.20311
vt -0.10517 2.14990
vt -0.03714 2.22322
vt 0.02596 1.62209
vt 0.05404 1.62209
vt 0.10447 2.15068
vt 0.03645 2.22399
vt 0.01445 2.20388
vt 0.21145 2.14360
vt 0.19692 2.13411
vt 0.19153 2.15455
vt 0.20213 2.16147
vt -0.05820 1.65153
vt -0.02180 1.65153
vt -0.24096 2.11926
vt -0.25550 2.12876
vt -0.23557 2.13971
vt -0.24617 2.14663
vt 0.01940 2.19570
vt -0.00010 2.21326
vt 0.01294 1.68483
vt -0.00922 1.71112
vt 0.00975 1.71856
vt 0.02791 1.69797
vt 0.02976 1.63963
vt 0.05024 1.63963
vt 0.01042 1.76073
vt -0.01174 1.73444
vt -0.00855 1.76817
vt -0.02670 1.74758
vt -0.02010 2.19647
vt -0.00059 2.21403
vt -1.48131 -0.06340
vt -1.50616 -0.02947
vt -1.50616 -0.05053
vt -1.48131 -0.01660
vt -1.45431 -0.06340
vt -1.45431 -0.01660
vt -1.44216 -0.02128
vt -1.44216 -0.05872
vt -1.48097 0.06275
vt -1.50541 0.05024
vt -1.50541 0.02976
vt -1.48097 0.01725
vt -1.45472 0.06275
vt -1.45472 0.01725
vt -1.44291 0.02180
vt -1.44291 0.05820
vt 0.17559 1.86426
vt 0.16852 1.85333
vt 0.15355 1.87597
vt 0.14375 1.86077
vt 1.32398 -0.02128
vt 1.32398 -0.05872
vt 1.34610 -0.06600
vt 1.34610 -0.01400
vt -0.15746 1.89470
vt -0.16452 1.90564
vt -0.14249 1.91734
vt -0.13268 1.90215
vt 0.00868 2.17818
vt -0.00681 2.20024
vt 0.00886 2.21633
vt 0.03038 2.18569
vt 0.25366 2.16486
vt 0.23677 2.18716
vt 0.27337 2.17978
vt 0.25141 2.20761
vt 1.16122 0.05053
vt 1.16122 0.02947
vt 1.18311 0.02538
vt 1.18311 0.05462
vt -0.19158 2.20120
vt -0.20847 2.17890
vt -0.22818 2.19382
vt -0.20622 2.22165
vt 0.00643 2.20591
vt -0.00906 2.18384
vt -0.00924 2.22200
vt -0.03076 2.19135
vt -0.04048 2.17803
vt -0.07421 2.20397
vt -0.06498 2.21663
vt 1.38864 -0.06470
vt 1.38864 -0.01530
vt 0.04009 2.17236
vt 0.07383 2.19830
vt 0.06460 2.21096
vt 0.04415 2.24007
vt -0.00863 2.24262
vt 0.02725 2.26545
vt 1.22565 0.02611
vt 1.22565 0.05389
vt 0.00825 2.24829
vt -0.02764 2.27112
vt -0.04454 2.24574
vt -0.09343 2.22925
vt -0.08663 2.23858
vt 1.41894 -0.05820
vt 1.41894 -0.02180
vt 0.09305 2.22358
vt 0.08625 2.23291
vt 0.07118 2.25436
vt 0.08020 1.79212
vt 0.06324 1.82171
vt 0.09605 1.82826
vt 0.10722 1.80803
vt 1.25639 0.02976
vt 1.25639 0.05024
vt -0.06157 1.86813
vt -0.07853 1.83853
vt -0.09438 1.87467
vt -0.10555 1.85444
vt -0.07157 2.26003
vt 0.06340 1.81386
vt 0.02947 1.83871
vt 0.05053 1.83871
vt 0.01660 1.81386
vt 0.06340 1.78686
vt 0.01660 1.78686
vt 0.02128 1.77471
vt 0.05872 1.77471
vt -0.71692 1.88756
vt -0.68951 1.89065
vt -0.69381 1.87888
vt 1.43420 -0.04000
vt 0.65054 1.88756
vt 0.62743 1.87888
vt 0.62312 1.89065
vt 0.62194 1.91682
vt -1.38785 0.04000
vt -1.42117 0.06275
vt -1.44000 0.05024
vt -1.44000 0.02976
vt -1.42117 0.01725
vt -0.68833 1.91682
vt 0.07638 1.95514
vt 0.06429 1.95393
vt 0.06830 1.97681
vt 0.05151 1.97512
vt 0.05872 1.93829
vt 0.02128 1.93829
vt 0.01400 1.96075
vt 0.06600 1.96075
vt -0.06419 1.95485
vt -0.07628 1.95606
vt -0.06820 1.97773
vt -0.05141 1.97604
vt -0.10314 1.95889
vt -0.10549 1.98165
vt -0.46556 1.79946
vt -0.49341 1.79687
vt -0.46784 1.82407
vt -0.50307 1.82010
vt -0.02947 1.93607
vt -0.05053 1.93607
vt -0.05462 1.95853
vt -0.02538 1.95853
vt 0.45765 1.82786
vt 0.42979 1.83045
vt 0.43207 1.85506
vt 0.46730 1.85109
vt 0.10323 1.95797
vt 0.10559 1.98073
vt 0.04124 2.08717
vt 0.05736 2.08879
vt 0.01504 2.07326
vt 0.06496 2.07326
vt -0.04114 2.08809
vt -0.05726 2.08971
vt -0.09306 2.09347
vt -0.13593 1.98506
vt -0.12268 2.09678
vt -0.05404 2.07104
vt -0.02596 2.07104
vt 0.13603 1.98414
vt 0.12278 2.09586
vt 0.09316 2.09255
vt 0.44513 1.79072
vt 0.42784 1.79228
vt 0.43628 1.81167
vt 0.44889 1.81053
vt 0.02180 2.09079
vt 0.05820 2.09079
vt -0.40248 1.83123
vt -0.41977 1.82967
vt -0.41092 1.85061
vt -0.42353 1.84948
vt -0.06075 2.10777
vt -0.08686 2.11051
vt 0.33272 1.77987
vt 0.30041 1.79160
vt 0.31314 1.80751
vt 0.33914 1.79871
vt -0.05024 2.08858
vt -0.02976 2.08858
vt -0.32618 1.74920
vt -0.35850 1.73746
vt -0.33892 1.76511
vt -0.36491 1.75631
vt 0.06085 2.10685
vt 0.08696 2.10959
vt -0.30732 0.01660
vt -0.33217 0.05053
vt -0.33217 0.02947
vt -0.30732 0.06340
vt -0.28032 0.01660
vt -0.28032 0.06340
vt -0.26817 0.02128
vt -0.26817 0.05872
vt -0.30698 -0.01725
vt -0.33142 -0.02976
vt -0.33142 -0.05024
vt -0.30698 -0.06275
vt -0.28073 -0.06275
vt -0.28073 -0.01725
vt -0.26892 -0.05820
vt -0.26892 -0.02180
vt 0.07243 2.09098
vt 0.06380 2.08243
vt 0.05252 2.10272
vt 0.04053 2.09085
vt 0.05872 1.43445
vt 0.02128 1.43445
vt 0.01400 1.45691
vt 0.06600 1.45691
vt -0.06306 2.08316
vt -0.07170 2.09171
vt -0.05179 2.10345
vt -0.03980 2.09158
vt -0.09079 2.11080
vt -0.07831 2.12997
vt -0.01844 2.10876
vt -0.03967 2.12697
vt -0.00234 2.12751
vt -0.02969 2.15006
vt 1.42194 -0.02947
vt 1.42194 -0.05053
vt 1.44440 -0.05462
vt 1.44440 -0.02538
vt -0.00747 2.12282
vt -0.02870 2.10461
vt -0.04480 2.12336
vt -0.01745 2.14591
vt 0.09152 2.11007
vt 0.07904 2.12923
vt -0.02912 2.16262
vt -0.01761 2.17402
vt 0.01504 1.55691
vt 0.06496 1.55691
vt 0.02985 2.16336
vt 0.01834 2.17476
vt -0.00712 2.20021
vt -0.09980 2.15179
vt -0.02803 2.22144
vt 1.54440 -0.05404
vt 1.54440 -0.02596
vt 0.10053 2.15105
vt 0.02877 2.22071
vt 0.00785 2.19948
vt 0.21086 2.13917
vt 0.19695 2.12879
vt 0.19029 2.14885
vt 0.20044 2.15642
vt 0.02180 1.57445
vt 0.05820 1.57445
vt -0.15206 2.14085
vt -0.16598 2.15123
vt -0.14541 2.16092
vt -0.15555 2.16849
vt 0.02700 2.19100
vt 0.00844 2.20956
vt -0.02506 1.73139
vt -0.04612 1.75857
vt -0.02686 1.76522
vt -0.00957 1.74391
vt 1.56194 -0.05024
vt 1.56194 -0.02976
vt 0.04696 1.70895
vt 0.02589 1.68178
vt 0.02770 1.71561
vt 0.01041 1.69429
vt -0.02627 2.19027
vt -0.00770 2.20883
vt -1.55670 0.01660
vt -1.58155 0.05053
vt -1.58155 0.02947
vt -1.55670 0.06340
vt -1.52970 0.01660
vt -1.52970 0.06340
vt -1.51755 0.05872
vt -1.51755 0.02128
vt -1.55636 -0.01725
vt -1.58080 -0.02976
vt -1.58080 -0.05024
vt -1.55636 -0.06275
vt -1.53011 -0.01725
vt -1.53011 -0.06275
vt -1.51830 -0.02180
vt -1.51830 -0.05820
vt 0.19187 1.91307
vt 0.18548 1.90172
vt 0.16916 1.92341
vt 0.16030 1.90765
vt 1.20174 0.05872
vt 1.20174 0.02128
vt 1.22386 0.01400
vt 1.22386 0.06600
vt -0.19905 1.86110
vt -0.20543 1.87245
vt -0.18273 1.88279
vt -0.17386 1.86703
vt 0.01456 2.17902
vt 0.00064 2.20211
vt 0.01739 2.21707
vt 0.03672 2.18501
vt 0.26776 2.15514
vt 0.25277 2.17876
vt 0.28863 2.16837
vt 0.26906 2.19793
vt 1.03228 -0.02947
vt 1.03228 -0.05053
vt 1.05418 -0.05462
vt 1.05418 -0.02538
vt -0.29664 2.16102
vt -0.31163 2.13739
vt -0.33250 2.15062
vt -0.31293 2.18018
vt 0.00014 2.19648
vt -0.01378 2.17340
vt -0.01661 2.21144
vt -0.03595 2.17938
vt -0.04471 2.16541
vt -0.08017 2.18894
vt -0.07184 2.20221
vt 1.26640 0.01530
vt 1.26640 0.06470
vt 0.04549 2.17103
vt 0.08095 2.19456
vt 0.07262 2.20784
vt 0.05425 2.23830
vt 0.00177 2.24451
vt 0.03916 2.26480
vt 1.09672 -0.05389
vt 1.09672 -0.02611
vt -0.00099 2.23889
vt -0.03838 2.25917
vt -0.05347 2.23267
vt -0.10110 2.21282
vt -0.09497 2.22260
vt 1.29671 0.05820
vt 1.29671 0.02180
vt 0.10188 2.21845
vt 0.09575 2.22823
vt 0.08221 2.25068
vt 0.03643 1.83200
vt 0.02117 1.86251
vt 0.05431 1.86718
vt 0.06431 1.84635
vt 1.12746 -0.05024
vt 1.12746 -0.02976
vt -0.02021 1.81608
vt -0.03546 1.78557
vt -0.05334 1.82075
vt -0.06334 1.79992
vt -0.08143 2.24505
vt -0.02947 1.91509
vt -0.06340 1.89024
vt -0.05053 1.91509
vt -0.01660 1.89024
vt -0.01660 1.86324
vt -0.06340 1.86324
vt -0.02128 1.85109
vt -0.05872 1.85109
vt -0.57760 1.95365
vt -0.55019 1.95674
vt -0.55449 1.94496
vt 1.31196 0.04000
vt 0.64399 1.95365
vt 0.62088 1.94496
vt 0.61658 1.95674
vt 0.61540 1.98290
vt -1.49277 -0.04000
vt -1.52609 -0.01725
vt -1.54492 -0.02976
vt -1.54492 -0.05024
vt -1.52609 -0.06275
vt -0.54901 1.98290
vt 0.07695 1.95376
vt 0.06491 1.95212
vt 0.06812 1.97513
vt 0.05140 1.97286
vt 0.13872 1.92705
vt 0.10128 1.92705
vt 0.14600 1.94952
vt 0.09400 1.94952
vt -0.06453 1.95487
vt -0.07657 1.95651
vt -0.06773 1.97788
vt -0.05101 1.97561
vt -0.10330 1.96027
vt -0.10487 1.98310
vt -0.49473 1.78404
vt -0.52266 1.78248
vt -0.49609 1.80871
vt -0.53145 1.80605
vt -0.10947 1.92434
vt -0.13053 1.92434
vt -0.13462 1.94680
vt -0.10537 1.94680
vt 0.41199 1.87141
vt 0.38406 1.87296
vt 0.38543 1.89764
vt 0.42078 1.89498
vt 0.10369 1.95752
vt 0.10525 1.98035
vt 0.03723 2.08448
vt 0.05328 2.08666
vt 0.09504 2.06202
vt 0.14496 2.06202
vt -0.03684 2.08722
vt -0.05289 2.08941
vt -0.08854 2.09442
vt -0.13517 1.98756
vt -0.11802 2.09876
vt -0.13404 2.05930
vt -0.10596 2.05930
vt 0.13555 1.98482
vt 0.11841 2.09601
vt 0.08893 2.09167
vt 0.47580 1.76461
vt 0.45847 1.76560
vt 0.46627 1.78525
vt 0.47890 1.78453
vt 0.13820 2.07956
vt 0.10180 2.07956
vt -0.37858 1.87987
vt -0.39591 1.87888
vt -0.38638 1.89952
vt -0.39901 1.89880
vt -0.05575 2.10758
vt -0.08175 2.11123
vt 0.30023 1.80997
vt 0.26831 1.82273
vt 0.28154 1.83823
vt 0.30725 1.82861
vt -0.10976 2.07684
vt -0.13024 2.07684
vt -0.34155 1.69312
vt -0.37348 1.68036
vt -0.35479 1.70862
vt -0.38049 1.69900
vt 0.05614 2.10483
vt 0.08213 2.10849
vt -0.39995 0.10947
vt -0.37510 0.14340
vt -0.39995 0.13053
vt -0.37510 0.09660
vt -0.34810 0.09660
vt -0.34810 0.14340
vt -0.33595 0.10128
vt -0.33595 0.13872
vt -0.37476 -0.09725
vt -0.39920 -0.10976
vt -0.39920 -0.13024
vt -0.37476 -0.14275
vt -0.34851 -0.14275
vt -0.34851 -0.09725
vt -0.33670 -0.10180
vt -0.33670 -0.13820
vt 0.06955 2.08955
vt 0.06153 2.08042
vt 0.04887 2.09987
vt 0.03774 2.08719
vt 1.32691 0.13872
vt 1.32691 0.10128
vt 1.34937 0.14600
vt 1.34937 0.09400
vt -0.05918 2.08246
vt -0.06720 2.09159
vt -0.04652 2.10192
vt -0.03538 2.08924
vt -0.08491 2.11197
vt -0.07112 2.13022
vt 0.00082 2.11002
vt -0.01877 2.13000
vt 0.01847 2.12732
vt -0.00685 2.15214
vt 1.31365 -0.10947
vt 1.31365 -0.13053
vt 1.33610 -0.13462
vt 1.33610 -0.10537
vt -0.12105 2.10543
vt -0.14064 2.08546
vt -0.15829 2.10276
vt -0.13298 2.12758
vt 0.08727 2.10992
vt 0.07348 2.12817
vt -0.03675 2.15394
vt -0.02606 2.16611
vt 1.44937 0.09504
vt 1.44937 0.14496
vt 0.03911 2.15598
vt 0.02842 2.16816
vt 0.00480 2.19532
vt -0.09104 2.15348
vt -0.01459 2.21796
vt 1.43611 -0.13404
vt 1.43611 -0.10596
vt 0.09339 2.15144
vt 0.01694 2.21591
vt -0.00244 2.19328
vt 0.19204 2.14039
vt 0.17905 2.12887
vt 0.17073 2.14830
vt 0.18020 2.15670
vt 1.46691 0.13820
vt 1.46691 0.10180
vt -0.04183 2.15358
vt -0.05482 2.16510
vt -0.03351 2.17302
vt -0.04298 2.18142
vt 0.03819 2.18375
vt 0.02096 2.20357
vt -0.06870 1.77911
vt -0.08825 1.80739
vt -0.06865 1.81298
vt -0.05255 1.79075
vt 1.45365 -0.10976
vt 1.45365 -0.13024
vt 0.09890 1.65890
vt 0.07936 1.63062
vt 0.07931 1.66449
vt 0.06321 1.64226
vt -0.03583 2.18171
vt -0.01861 2.20152
vt -0.10947 1.67442
vt -0.14340 1.64957
vt -0.13053 1.67442
vt -0.09660 1.64957
vt -0.14340 1.62257
vt -0.09660 1.62257
vt -0.10128 1.61042
vt -0.13872 1.61042
vt 0.10976 1.67367
vt 0.13024 1.67367
vt 0.14275 1.64924
vt 0.09725 1.64924
vt 0.09725 1.62299
vt 0.14275 1.62299
vt 0.13820 1.61117
vt 0.10180 1.61117
vt 0.20238 1.96389
vt 0.19690 1.95208
vt 0.17895 1.97244
vt 0.17133 1.95604
vt 1.04344 0.13872
vt 1.04344 0.10128
vt 1.06556 0.14600
vt 1.06556 0.09400
vt -0.24690 1.83373
vt -0.25238 1.84554
vt -0.22895 1.85409
vt -0.22133 1.83769
vt 0.02460 2.17764
vt 0.01274 2.20185
vt 0.03073 2.21529
vt 0.04721 2.18167
vt 0.29169 2.14152
vt 0.27918 2.16654
vt 0.31380 2.15257
vt 0.29733 2.18396
vt 0.86686 -0.10947
vt 0.86686 -0.13053
vt 0.88876 -0.13462
vt 0.88876 -0.10537
vt -0.40472 2.10025
vt -0.41723 2.07523
vt -0.43934 2.08628
vt -0.42287 2.11767
vt -0.00895 2.18523
vt -0.02081 2.16102
vt -0.02694 2.19868
vt -0.04341 2.16506
vt -0.05093 2.15037
vt -0.08830 2.17073
vt -0.08116 2.18468
vt 1.10810 0.09530
vt 1.10810 0.14470
vt 0.05472 2.16699
vt 0.09209 2.18735
vt 0.08495 2.20129
vt 0.06930 2.23323
vt 0.01756 2.24399
vt 0.05657 2.26094
vt 0.93129 -0.10611
vt 0.93129 -0.13389
vt -0.01377 2.22738
vt -0.05277 2.24433
vt -0.06551 2.21662
vt -0.11123 2.19271
vt -0.10597 2.20298
vt 1.13841 0.10180
vt 1.13841 0.13820
vt 0.11502 2.20932
vt 0.10976 2.21960
vt 0.09823 2.24313
vt -0.00946 1.87313
vt -0.02250 1.90466
vt 0.01088 1.90696
vt 0.01937 1.88547
vt 0.96203 -0.13024
vt 0.96203 -0.10976
vt 0.03531 1.76592
vt 0.02227 1.73440
vt 0.00193 1.76822
vt -0.00656 1.74673
vt -0.09443 2.22652
vt -0.10947 1.99662
vt -0.14340 1.97177
vt -0.13053 1.99662
vt -0.09660 1.97177
vt -0.09660 1.94477
vt -0.14340 1.94477
vt -0.10128 1.93262
vt -0.13872 1.93262
vt -0.41788 2.02195
vt -0.39047 2.02504
vt -0.39477 2.01327
vt 1.15366 0.12000
vt 0.61704 2.02195
vt 0.59393 2.01327
vt 0.58963 2.02504
vt 0.58845 2.05121
vt 0.12000 1.61165
vt 0.09725 1.64497
vt 0.10976 1.66380
vt 0.13024 1.66380
vt 0.14275 1.64497
vt -0.38929 2.05121
vt 0.10196 1.82354
vt 0.08813 1.82210
vt 0.09717 1.84839
vt 0.07796 1.84639
vt 0.04774 1.82325
vt 0.01151 1.80555
vt 0.04493 1.84685
vt -0.00538 1.82227
vt 1.10831 0.33120
vt 1.10845 0.31730
vt 1.13364 0.31973
vt 1.13345 0.33904
vt -0.24417 1.60898
vt -0.27225 1.60314
vt -0.28261 1.62388
vt -0.24360 1.63199
vt 0.46074 1.60829
vt 0.43543 1.62306
vt 0.47259 1.62735
vt 0.44035 1.64619
vt -0.01331 1.80945
vt -0.03366 1.81948
vt 0.00056 1.82763
vt -0.02770 1.84155
vt -0.04661 1.65974
vt -0.07526 1.66586
vt -0.07119 1.68793
vt -0.03467 1.68015
vt 0.43710 1.55136
vt 0.40911 1.55762
vt 0.44777 1.57193
vt 0.40890 1.58063
vt 0.39080 1.58475
vt 0.40761 1.65273
vt 0.42498 1.64877
vt 0.01320 1.90926
vt -0.03510 1.88567
vt -0.22545 1.63583
vt -0.24123 1.70406
vt -0.25865 1.70037
vt -0.29610 1.69258
vt 0.47657 1.70611
vt 0.50782 1.68785
vt 0.00381 1.90408
vt 0.03093 1.89071
vt -0.02110 1.74883
vt -0.05650 1.75638
vt 0.46230 1.64042
vt 0.60521 0.90231
vt 0.61732 0.88827
vt 0.62819 0.90695
vt 0.61936 0.91719
vt -0.00105 1.92184
vt -0.03627 1.90464
vt -0.09774 1.86604
vt -0.11580 1.86184
vt -0.10923 1.88435
vt -0.12240 1.88129
vt -0.26703 1.71659
vt -0.29433 1.71091
vt 0.49137 1.71778
vt 0.51618 1.70330
vt 0.03502 1.90827
vt 0.01524 1.91802
vt -0.02418 1.76743
vt -0.05227 1.77343
vt 0.43360 1.66487
vt 0.46081 1.65877
vt -0.77170 0.25402
vt -0.79670 0.29114
vt -0.79290 0.26206
vt -0.74958 0.27327
vt -0.78649 0.31807
vt -0.73936 0.30020
vt -0.77718 0.32840
vt -0.73948 0.31410
vt -0.77171 -0.25488
vt -0.79233 -0.26270
vt -0.79592 -0.29123
vt -0.75010 -0.27385
vt -0.78599 -0.31741
vt -0.74018 -0.30003
vt -0.77694 -0.32745
vt -0.74029 -0.31355
vt -0.02854 1.89341
vt -0.04171 1.88893
vt -0.03873 1.91657
vt -0.05702 1.91035
vt -0.08296 1.88027
vt -0.11923 1.86265
vt -0.08571 1.90387
vt -0.13608 1.87939
vt 1.18720 0.10268
vt 1.18888 0.08888
vt 1.21364 0.09410
vt 1.21130 0.11328
vt -0.25996 1.73546
vt -0.28866 1.73570
vt -0.29434 1.75813
vt -0.25448 1.75781
vt 0.38649 1.81143
vt 0.36196 1.82745
vt 0.39927 1.82988
vt 0.36800 1.85030
vt 0.11458 1.86207
vt 0.09421 1.87204
vt 0.10010 1.89412
vt 0.12840 1.88028
vt -0.05138 1.71990
vt -0.08068 1.71971
vt -0.08145 1.74213
vt -0.04411 1.74239
vt 0.42099 1.71779
vt 0.39230 1.71773
vt 0.42681 1.74019
vt 0.38695 1.74011
vt 0.36843 1.74015
vt 0.36986 1.79516
vt 0.38764 1.79512
vt -0.15911 1.92936
vt -0.11075 1.95286
vt -0.23596 1.75773
vt -0.23706 1.81275
vt -0.25484 1.81282
vt -0.29311 1.81314
vt 0.39896 1.89578
vt 0.42927 1.87599
vt 0.12485 1.94326
vt 0.15201 1.92997
vt -0.04555 1.79739
vt -0.08174 1.79714
vt 0.42591 1.79521
vt 0.66207 1.19759
vt 0.67295 1.18258
vt 0.68535 1.20029
vt 0.67742 1.21124
vt -0.12498 1.96548
vt -0.16024 1.94835
vt -0.13076 1.93476
vt -0.14928 1.93384
vt -0.13882 1.95482
vt -0.15232 1.95416
vt -0.25965 1.83047
vt -0.28755 1.83069
vt 0.41434 1.90671
vt 0.43839 1.89101
vt 0.13625 1.95724
vt 0.15605 1.94754
vt -0.05257 1.81490
vt -0.08129 1.81471
vt 0.39256 1.81273
vt 0.42046 1.81280
vt -0.77177 -0.16505
vt -0.81380 -0.18042
vt -0.79191 -0.18636
vt -0.82042 -0.15185
vt -0.76423 -0.13725
vt -0.81288 -0.12406
vt -0.76571 -0.12342
vt -0.80462 -0.11287
vt -0.77236 0.16452
vt -0.79201 0.18550
vt -0.81329 0.17973
vt -0.81965 0.15169
vt -0.76503 0.13749
vt -0.81232 0.12467
vt -0.76646 0.12405
vt -0.80429 0.11379
vt -0.08952 1.92052
vt -0.10135 1.91322
vt -0.10463 1.94082
vt -0.12106 1.93067
vt 0.04734 1.36538
vt 0.01097 1.34798
vt -0.00695 1.36727
vt 0.04357 1.39143
vt 1.24877 -0.16931
vt 1.25223 -0.18278
vt 1.27610 -0.17437
vt 1.27128 -0.15567
vt -0.21407 1.87944
vt -0.24171 1.88705
vt -0.24176 1.90971
vt -0.20336 1.89914
vt -0.28645 1.95750
vt -0.31379 1.96802
vt -0.27779 1.97806
vt -0.31263 1.99150
vt 0.04742 1.99311
vt 0.02596 2.00046
vt 0.05973 2.01547
vt 0.02992 2.02566
vt -0.08053 1.74314
vt -0.10883 1.73554
vt -0.11528 1.75690
vt -0.07922 1.76661
vt 0.40835 1.83513
vt 0.38056 1.82806
vt 0.40885 1.85778
vt 0.37025 1.84797
vt 0.35214 1.84382
vt 0.34702 1.87222
vt 0.36422 1.87616
vt -0.11054 1.97393
vt -0.16243 1.95288
vt -0.17179 1.97967
vt -0.12249 1.99967
vt -0.18534 1.89463
vt -0.17966 1.92292
vt -0.19678 1.92720
vt -0.23325 1.93724
vt -0.30104 2.01787
vt -0.26754 2.00495
vt 0.08361 1.54358
vt 0.05524 1.55727
vt 0.09511 1.56919
vt 0.06816 1.58221
vt -0.08797 1.79405
vt -0.12265 1.78472
vt 0.40089 1.88548
vt 0.35052 1.89673
vt 0.36320 1.89964
vt -0.17443 2.00480
vt -0.13811 2.01954
vt -0.18267 1.94750
vt -0.19529 1.95065
vt -0.22217 1.95806
vt -0.28273 2.03513
vt -0.25995 2.02632
vt 0.10283 1.59424
vt 0.08297 1.60383
vt -0.10437 1.81314
vt -0.12795 1.80677
vt 0.39022 1.90651
vt -0.69786 -0.68443
vt -0.73788 -0.70446
vt -0.71546 -0.70788
vt -0.74768 -0.67682
vt -0.69351 -0.65596
vt -0.74333 -0.64835
vt -0.69653 -0.64239
vt -0.73639 -0.63630
vt 0.10219 1.08481
vt 0.07485 1.08564
vt 0.08100 1.07360
vt -0.16111 2.02411
vt -0.43115 1.60383
vt -0.43148 1.57986
vt -0.44499 1.58024
vt -0.70481 0.38394
vt -0.68204 0.39477
vt -0.68770 0.42197
vt -0.70502 0.43904
vt -0.72661 0.43455
vt -0.73567 0.41198
vt -0.73001 0.38478
vn 0.7071 0.7071 0.0000
vn 0.8191 0.5736 0.0000
vn 0.8952 0.4457 0.0000
vn 0.4082 0.8165 0.4082
vn 0.4814 0.7325 0.4814
vn 0.0000 0.7071 0.7071
vn 0.0000 0.6679 0.7443
vn 0.0000 0.6743 0.7385
vn -0.4082 0.8165 0.4082
vn -0.4888 0.7226 0.4888
vn -0.7071 0.7071 0.0000
vn -0.8319 0.5549 0.0000
vn -0.9146 0.4044 0.0000
vn -0.4082 0.8165 -0.4082
vn -0.4888 0.7226 -0.4888
vn 0.0000 0.7071 -0.7071
vn 0.0000 0.6679 -0.7443
vn 0.0000 0.6743 -0.7385
vn 0.4082 0.8165 -0.4082
vn 0.4592 0.7605 -0.4592
vn 0.5016 0.7049 -0.5016
vn 0.9906 0.1366 0.0000
vn 0.9973 0.0730 0.0000
vn 0.5365 0.6514 0.5365
vn 0.0000 0.6508 0.7593
vn -0.5500 0.6285 0.5500
vn -0.9934 0.1146 0.0000
vn -0.9979 0.0650 0.0000
vn -0.5500 0.6285 -0.5500
vn 0.0000 0.6508 -0.7593
vn 0.5365 0.6514 -0.5365
vn 0.9993 0.0370 0.0000
vn 0.7061 0.0523 0.7061
vn 0.0000 0.0370 0.9993
vn -0.7061 0.0523 0.7061
vn -0.9993 0.0370 0.0000
vn -0.7061 0.0523 -0.7061
vn 0.0000 0.0370 -0.9993
vn 0.7061 0.0523 -0.7061
vn 0.4992 -0.8662 -0.0205
vn 0.4646 -0.8831 0.0653
vn 0.5869 -0.8071 0.0645
vn 0.6408 -0.7666 -0.0417
vn 0.0786 -0.8876 0.4540
vn 0.1648 -0.8812 0.4431
vn 0.4852 -0.8672 0.1120
vn -0.0504 -0.8778 0.4763
vn 0.0959 -0.8197 0.5647
vn -0.1856 -0.8301 0.5259
vn -0.4856 -0.8733 0.0383
vn -0.2804 -0.8684 0.4089
vn -0.4731 -0.8720 0.1252
vn -0.4646 -0.8831 -0.0653
vn -0.5964 -0.8017 -0.0393
vn -0.6499 -0.7592 0.0343
vn -0.0504 -0.8778 -0.4763
vn -0.2804 -0.8684 -0.4089
vn -0.4918 -0.8677 -0.0720
vn 0.1231 -0.9005 -0.4172
vn 0.1435 -0.8281 -0.5419
vn -0.1602 -0.8168 -0.5542
vn 0.4544 -0.8796 -0.1410
vn 0.2062 -0.8663 -0.4550
vn 0.6716 -0.7409 0.0000
vn 0.6173 -0.7867 0.0000
vn 0.7071 -0.7071 0.0000
vn 0.4082 -0.8165 0.4082
vn 0.0000 -0.7760 0.6307
vn 0.0000 -0.7593 0.6508
vn 0.0000 -0.7071 0.7071
vn -0.4082 -0.8165 0.4082
vn -0.6716 -0.7409 0.0000
vn -0.6173 -0.7867 0.0000
vn -0.7071 -0.7071 0.0000
vn -0.4082 -0.8165 -0.4082
vn 0.0000 -0.7472 -0.6646
vn 0.0000 -0.7902 -0.6128
vn 0.0000 -0.7071 -0.7071
vn 0.4082 -0.8165 -0.4082
vn 0.0000 1.0000 0.0000
vn 0.0000 -1.0000 0.0000
vn 0.4301 0.4632 -0.7749
vn 0.4081 0.4395 -0.8002
vn 0.4963 0.1784 -0.8496
vn 0.5134 0.0659 -0.8556
vn 0.9757 0.0763 -0.2055
vn 0.9976 0.0131 -0.0678
vn 0.9971 0.0098 -0.0753
vn 0.9815 0.0125 -0.1912
vn 0.9938 0.0211 0.1089
vn 0.9929 0.0094 0.1188
vn 0.9757 0.0763 0.2055
vn 0.9813 0.0224 0.1912
vn 0.4081 0.4395 0.8002
vn 0.4301 0.4632 0.7749
vn 0.5054 0.1090 0.8560
vn 0.5109 0.1173 0.8516
vn -1.0000 0.0000 0.0000
vn 0.5145 0.0000 -0.8575
vn 0.9927 -0.0100 -0.1199
vn 0.9813 -0.0235 -0.1912
vn 0.9973 -0.0103 0.0725
vn 0.9815 -0.0129 0.1912
vn 0.5145 0.0000 0.8575
vn 0.4175 -0.5845 -0.6958
vn 0.4014 -0.5620 -0.7232
vn 0.3834 -0.5367 -0.7517
vn 0.9737 -0.0990 -0.2051
vn 0.9937 -0.0274 -0.1089
vn 0.9976 -0.0171 0.0678
vn 0.9737 -0.0990 0.2051
vn 0.4014 -0.5620 0.7232
vn 0.4175 -0.5845 0.6958
vn 0.3834 -0.5367 0.7517
vn -0.0291 0.3897 0.9205
vn -0.2949 0.4468 0.8446
vn -0.2968 0.1328 0.9457
vn -0.3531 0.0918 0.9311
vn -0.8745 0.4851 0.0000
vn -0.9840 0.1779 0.0000
vn -0.9949 0.1007 0.0000
vn -0.2949 0.4468 -0.8446
vn -0.0291 0.3897 -0.9205
vn -0.2968 0.1328 -0.9457
vn -0.3531 0.0918 -0.9311
vn 0.2480 0.3888 -0.8873
vn 0.0694 0.0942 -0.9931
vn -0.0361 0.1107 -0.9932
vn 0.4728 0.3555 -0.8063
vn 0.4422 0.0721 -0.8940
vn 0.5060 0.0207 -0.8623
vn 0.9335 0.3586 0.0000
vn 0.9999 -0.0115 0.0000
vn 1.0000 -0.0032 0.0000
vn 0.4728 0.3555 0.8063
vn 0.2480 0.3888 0.8873
vn 0.4422 0.0721 0.8940
vn 0.5060 0.0207 0.8623
vn 0.0694 0.0942 0.9931
vn -0.0361 0.1107 0.9932
vn -0.1901 0.0392 0.9810
vn -0.3617 -0.0269 0.9319
vn -0.0864 -0.0332 0.9957
vn -0.9998 0.0180 0.0000
vn -0.9983 -0.0581 0.0000
vn -0.1901 0.0392 -0.9810
vn -0.3617 -0.0269 -0.9319
vn -0.0864 -0.0332 -0.9957
vn -0.1587 0.0380 -0.9866
vn 0.1480 0.0231 -0.9887
vn -0.0679 -0.0350 -0.9971
vn 0.2156 -0.0866 -0.9726
vn 0.5009 0.0194 -0.8653
vn 0.4966 -0.0792 -0.8644
vn 0.2741 0.0050 -0.9617
vn 0.2749 -0.0926 -0.9570
vn 0.9926 -0.1213 0.0000
vn 0.9805 -0.1964 0.0000
vn 0.5009 0.0194 0.8653
vn 0.4966 -0.0792 0.8644
vn 0.2741 0.0050 0.9617
vn 0.2749 -0.0926 0.9570
vn 0.1480 0.0231 0.9887
vn -0.1587 0.0380 0.9866
vn -0.0679 -0.0350 0.9971
vn 0.2156 -0.0866 0.9726
vn -0.2971 -0.1789 0.9379
vn -0.3469 -0.4660 0.8139
vn -0.0859 -0.4428 0.8925
vn -0.9054 -0.4246 0.0000
vn -0.2971 -0.1789 -0.9379
vn -0.3469 -0.4660 -0.8139
vn -0.0859 -0.4428 -0.8925
vn -0.0251 -0.0722 -0.9971
vn 0.0709 -0.1849 -0.9802
vn 0.1787 -0.4812 -0.8582
vn 0.3926 -0.2135 -0.8946
vn 0.3968 -0.4768 -0.7844
vn 0.8375 -0.5465 0.0000
vn 0.3926 -0.2135 0.8946
vn 0.3968 -0.4768 0.7844
vn 0.1787 -0.4812 0.8582
vn 0.0709 -0.1849 0.9802
vn -0.0251 -0.0722 0.9971
vn 0.0698 0.9976 0.0000
vn -0.0698 -0.9976 0.0000
vn 0.2055 0.3324 0.9205
vn 0.0240 0.5348 0.8446
vn -0.1521 0.2861 0.9461
vn -0.2272 0.2869 0.9306
vn -0.4224 0.9064 0.0000
vn -0.6844 0.7291 0.0000
vn -0.7434 0.6689 0.0000
vn 0.0240 0.5348 -0.8446
vn 0.2055 0.3324 -0.9205
vn -0.1521 0.2861 -0.9461
vn -0.2272 0.2869 -0.9306
vn 0.4291 0.1688 -0.8873
vn 0.1215 0.0386 -0.9918
vn 0.0391 0.1205 -0.9919
vn 0.5915 0.0097 -0.8063
vn 0.4013 -0.1906 -0.8959
vn 0.4251 -0.2762 -0.8620
vn 0.9660 -0.2585 0.0000
vn 0.8058 -0.5922 0.0000
vn 0.8111 -0.5849 0.0000
vn 0.5915 0.0097 0.8063
vn 0.4291 0.1688 0.8873
vn 0.4013 -0.1906 0.8959
vn 0.4251 -0.2762 0.8620
vn 0.1215 0.0386 0.9918
vn 0.0391 0.1205 0.9919
vn -0.1301 0.1468 0.9806
vn -0.3122 0.1862 0.9316
vn -0.0937 0.0214 0.9954
vn -0.8019 0.5975 0.0000
vn -0.8483 0.5296 0.0000
vn -0.1301 0.1468 -0.9806
vn -0.3122 0.1862 -0.9316
vn -0.0937 0.0214 -0.9954
vn -0.1027 0.1251 -0.9868
vn 0.1341 -0.0642 -0.9889
vn -0.0781 0.0078 -0.9969
vn 0.1159 -0.2005 -0.9728
vn 0.4199 -0.2741 -0.8652
vn 0.3518 -0.3598 -0.8642
vn 0.2282 -0.1564 -0.9610
vn 0.1652 -0.2445 -0.9555
vn 0.7277 -0.6859 0.0000
vn 0.6688 -0.7434 0.0000
vn 0.4199 -0.2741 0.8652
vn 0.3518 -0.3598 0.8642
vn 0.2282 -0.1564 0.9610
vn 0.1652 -0.2445 0.9555
vn 0.1341 -0.0642 0.9889
vn -0.1027 0.1251 0.9868
vn -0.0781 0.0078 0.9969
vn 0.1159 -0.2005 0.9728
vn -0.3501 0.0149 0.9366
vn -0.5545 -0.1731 0.8139
vn -0.3298 -0.3077 0.8925
vn -0.9820 0.1887 0.0000
vn -0.3501 0.0149 -0.9366
vn -0.5545 -0.1731 -0.8139
vn -0.3298 -0.3077 -0.8925
vn -0.0695 -0.0483 -0.9964
vn -0.0552 -0.2058 -0.9770
vn -0.1382 -0.4943 -0.8582
vn 0.1772 -0.4091 -0.8951
vn 0.0408 -0.6190 -0.7844
vn 0.3563 -0.9344 0.0000
vn 0.1772 -0.4091 0.8951
vn 0.0408 -0.6190 0.7844
vn -0.1382 -0.4943 0.8582
vn -0.0552 -0.2058 0.9770
vn -0.0695 -0.0483 0.9964
vn 0.6428 0.7660 0.0000
vn -0.6428 -0.7660 0.0000
vn 0.2701 0.2824 0.9205
vn 0.1347 0.5181 0.8446
vn -0.0036 0.3248 0.9458
vn -0.1150 0.3622 0.9250
vn -0.2247 0.9744 0.0000
vn -0.4497 0.8932 0.0000
vn -0.5633 0.8263 0.0000
vn 0.1347 0.5181 -0.8446
vn 0.2701 0.2824 -0.9205
vn -0.0036 0.3248 -0.9458
vn -0.1150 0.3622 -0.9250
vn 0.4548 0.0759 -0.8873
vn 0.2132 0.0189 -0.9768
vn 0.1029 0.1814 -0.9780
vn 0.5805 -0.1135 -0.8063
vn 0.3765 -0.1821 -0.9083
vn 0.3958 -0.3265 -0.8583
vn 0.8911 -0.4537 0.0000
vn 0.7041 -0.7101 0.0000
vn 0.7140 -0.7002 0.0000
vn 0.5805 -0.1135 0.8063
vn 0.4548 0.0759 0.8873
vn 0.3765 -0.1821 0.9083
vn 0.3958 -0.3265 0.8583
vn 0.2132 0.0189 0.9768
vn 0.1029 0.1814 0.9780
vn -0.0878 0.1999 0.9759
vn -0.3088 0.2120 0.9272
vn -0.1610 0.0027 0.9869
vn -0.7001 0.7140 0.0000
vn -0.7532 0.6578 0.0000
vn -0.0878 0.1999 -0.9759
vn -0.3088 0.2120 -0.9272
vn -0.1610 0.0027 -0.9869
vn -0.0421 0.1433 -0.9888
vn 0.1300 -0.0543 -0.9900
vn -0.0099 -0.2015 -0.9794
vn 0.3894 -0.3210 -0.8633
vn 0.2133 -0.4637 -0.8600
vn 0.2237 -0.2052 -0.9528
vn 0.0982 -0.3676 -0.9248
vn 0.4873 -0.8732 0.0000
vn 0.3772 -0.9261 0.0000
vn 0.3894 -0.3210 0.8633
vn 0.2133 -0.4637 0.8600
vn 0.2237 -0.2052 0.9528
vn 0.0982 -0.3676 0.9248
vn 0.1300 -0.0543 0.9900
vn -0.0421 0.1433 0.9888
vn -0.0099 -0.2015 0.9794
vn -0.4475 0.0855 0.8902
vn -0.2496 -0.1197 0.9609
vn -0.8391 0.5439 0.0000
vn -0.8532 0.5217 0.0000
vn -0.4475 0.0855 -0.8902
vn -0.2496 -0.1197 -0.9609
vn -0.0925 -0.2197 -0.9712
vn -0.2060 -0.1609 -0.9652
vn 0.0201 -0.3931 -0.9193
vn 0.0560 -0.5778 -0.8142
vn 0.1537 -0.5115 -0.8454
vn 0.0898 -0.5871 -0.8045
vn 0.2147 -0.9767 0.0000
vn 0.0201 -0.3931 0.9193
vn 0.0560 -0.5778 0.8142
vn 0.1537 -0.5115 0.8454
vn 0.0898 -0.5871 0.8045
vn -0.0925 -0.2197 0.9712
vn -0.2060 -0.1609 0.9652
vn 0.7880 0.6157 0.0000
vn -0.6598 -0.5959 0.4578
vn -0.6929 -0.4567 0.5580
vn -0.7609 -0.3179 0.5657
vn -0.9031 0.4295 0.0000
vn -0.6598 -0.5959 -0.4578
vn -0.7609 -0.3179 -0.5657
vn -0.6929 -0.4567 -0.5580
vn -0.6322 -0.6438 -0.4312
vn -0.6503 -0.6973 -0.3014
vn -0.5951 -0.7894 -0.1506
vn -0.6112 -0.7915 0.0000
vn -0.5951 -0.7894 0.1506
vn -0.6503 -0.6973 0.3014
vn -0.6322 -0.6438 0.4312
vn -0.0223 0.3901 0.9205
vn -0.2871 0.4519 0.8446
vn -0.2945 0.1379 0.9457
vn -0.3514 0.0979 0.9311
vn -0.8659 0.5003 0.0000
vn -0.9808 0.1951 0.0000
vn -0.9930 0.1181 0.0000
vn -0.2871 0.4519 -0.8446
vn -0.0223 0.3901 -0.9205
vn -0.2945 0.1379 -0.9457
vn -0.3514 0.0979 -0.9311
vn 0.2547 0.3844 -0.8873
vn 0.0710 0.0930 -0.9931
vn -0.0341 0.1113 -0.9932
vn 0.4789 0.3472 -0.8063
vn 0.4434 0.0644 -0.8940
vn 0.5063 0.0119 -0.8623
vn 0.9396 0.3423 0.0000
vn 0.9996 -0.0290 0.0000
vn 0.9998 -0.0207 0.0000
vn 0.4789 0.3472 0.8063
vn 0.2547 0.3844 0.8873
vn 0.4434 0.0644 0.8940
vn 0.5063 0.0119 0.8623
vn 0.0710 0.0930 0.9931
vn -0.0341 0.1113 0.9932
vn -0.1894 0.0425 0.9810
vn -0.3621 -0.0206 0.9319
vn -0.0869 -0.0317 0.9957
vn -0.9994 0.0355 0.0000
vn -0.9992 -0.0406 0.0000
vn -0.1894 0.0425 -0.9810
vn -0.3621 -0.0206 -0.9319
vn -0.0869 -0.0317 -0.9957
vn -0.1580 0.0408 -0.9866
vn 0.1484 0.0205 -0.9887
vn -0.0685 -0.0338 -0.9971
vn 0.2141 -0.0904 -0.9726
vn 0.5011 0.0107 -0.8653
vn 0.4951 -0.0879 -0.8644
vn 0.2742 0.0002 -0.9617
vn 0.2733 -0.0974 -0.9570
vn 0.9903 -0.1386 0.0000
vn 0.9769 -0.2135 0.0000
vn 0.5011 0.0107 0.8653
vn 0.4951 -0.0879 0.8644
vn 0.2742 0.0002 0.9617
vn 0.2733 -0.0974 0.9570
vn 0.1484 0.0205 0.9887
vn -0.1580 0.0408 0.9866
vn -0.0685 -0.0338 0.9971
vn 0.2141 -0.0904 0.9726
vn -0.3002 -0.1737 0.9379
vn -0.3550 -0.4599 0.8139
vn -0.0936 -0.4413 0.8925
vn -0.9127 -0.4087 0.0000
vn -0.3002 -0.1737 -0.9379
vn -0.3550 -0.4599 -0.8139
vn -0.0936 -0.4413 -0.8925
vn -0.0264 -0.0717 -0.9971
vn 0.0676 -0.1861 -0.9802
vn 0.1703 -0.4842 -0.8582
vn 0.3888 -0.2203 -0.8946
vn 0.3884 -0.4836 -0.7844
vn 0.8278 -0.5610 0.0000
vn 0.3888 -0.2203 0.8946
vn 0.3884 -0.4836 0.7844
vn 0.1703 -0.4842 0.8582
vn 0.0676 -0.1861 0.9802
vn -0.0264 -0.0717 0.9971
vn 0.0872 0.9962 0.0000
vn -0.0872 -0.9962 0.0000
vn 0.2170 0.3250 0.9205
vn 0.0427 0.5336 0.8446
vn -0.1420 0.2912 0.9461
vn -0.2170 0.2947 0.9306
vn -0.3905 0.9206 0.0000
vn -0.6586 0.7525 0.0000
vn -0.7196 0.6944 0.0000
vn 0.0427 0.5336 -0.8446
vn 0.2170 0.3250 -0.9205
vn -0.1420 0.2912 -0.9461
vn -0.2170 0.2947 -0.9306
vn 0.4348 0.1537 -0.8873
vn 0.1228 0.0344 -0.9918
vn 0.0432 0.1191 -0.9919
vn 0.5914 -0.0110 -0.8063
vn 0.3944 -0.2045 -0.8959
vn 0.4152 -0.2908 -0.8620
vn 0.9564 -0.2921 0.0000
vn 0.8172 -0.5763 0.0000
vn 0.7658 -0.6430 0.0000
vn 0.5914 -0.0110 0.8063
vn 0.4348 0.1537 0.8873
vn 0.3944 -0.2045 0.8959
vn 0.4152 -0.2908 0.8620
vn 0.1228 0.0344 0.9918
vn 0.0432 0.1191 0.9919
vn -0.1249 0.1512 0.9806
vn -0.3055 0.1969 0.9316
vn -0.0929 0.0247 0.9954
vn -0.7805 0.6251 0.0000
vn -0.8293 0.5589 0.0000
vn -0.1249 0.1512 -0.9806
vn -0.3055 0.1969 -0.9316
vn -0.0929 0.0247 -0.9954
vn -0.0983 0.1286 -0.9868
vn 0.1318 -0.0689 -0.9889
vn -0.0778 0.0105 -0.9969
vn 0.1089 -0.2044 -0.9728
vn 0.4101 -0.2886 -0.8652
vn 0.3391 -0.3718 -0.8642
vn 0.2226 -0.1643 -0.9610
vn 0.1565 -0.2501 -0.9555
vn 0.7033 -0.7109 0.0000
vn 0.6425 -0.7663 0.0000
vn 0.4101 -0.2886 0.8652
vn 0.3391 -0.3718 0.8642
vn 0.2226 -0.1643 0.9610
vn 0.1565 -0.2501 0.9555
vn 0.1318 -0.0689 0.9889
vn -0.0983 0.1286 0.9868
vn -0.0778 0.0105 0.9969
vn 0.1089 -0.2044 0.9728
vn -0.3494 0.0272 0.9366
vn -0.5603 -0.1537 0.8139
vn -0.3403 -0.2960 0.8925
vn -0.9749 0.2228 0.0000
vn -0.3494 0.0272 -0.9366
vn -0.5603 -0.1537 -0.8139
vn -0.3403 -0.2960 -0.8925
vn -0.0712 -0.0458 -0.9964
vn -0.0624 -0.2038 -0.9770
vn -0.1554 -0.4892 -0.8582
vn 0.1628 -0.4150 -0.8951
vn 0.0192 -0.6200 -0.7844
vn 0.3235 -0.9462 0.0000
vn 0.1628 -0.4150 0.8951
vn 0.0192 -0.6200 0.7844
vn -0.1554 -0.4892 0.8582
vn -0.0624 -0.2038 0.9770
vn -0.0712 -0.0458 0.9964
vn 0.6691 0.7431 0.0000
vn -0.6691 -0.7431 0.0000
vn 0.2845 0.2678 0.9205
vn 0.1616 0.5103 0.8446
vn 0.0134 0.3245 0.9458
vn -0.0959 0.3678 0.9250
vn -0.1734 0.9849 0.0000
vn -0.4024 0.9155 0.0000
vn -0.5193 0.8546 0.0000
vn 0.1616 0.5103 -0.8446
vn 0.2845 0.2678 -0.9205
vn 0.0134 0.3245 -0.9458
vn -0.0959 0.3678 -0.9250
vn 0.4582 0.0520 -0.8873
vn 0.2139 0.0077 -0.9768
vn 0.1122 0.1757 -0.9780
vn 0.5738 -0.1437 -0.8063
vn 0.3665 -0.2016 -0.9083
vn 0.3782 -0.3468 -0.8583
vn 0.8662 -0.4997 0.0000
vn 0.7226 -0.6912 0.0000
vn 0.6255 -0.7803 0.0000
vn 0.5738 -0.1437 0.8063
vn 0.4582 0.0520 0.8873
vn 0.3665 -0.2016 0.9083
vn 0.3782 -0.3468 0.8583
vn 0.2139 0.0077 0.9768
vn 0.1122 0.1757 0.9780
vn -0.0772 0.2042 0.9759
vn -0.2972 0.2279 0.9272
vn -0.1606 0.0111 0.9869
vn -0.6618 0.7497 0.0000
vn -0.7177 0.6964 0.0000
vn -0.0772 0.2042 -0.9759
vn -0.2972 0.2279 -0.9272
vn -0.1606 0.0111 -0.9869
vn -0.0345 0.1453 -0.9888
vn 0.1270 -0.0610 -0.9900
vn -0.0204 -0.2007 -0.9794
vn 0.3721 -0.3410 -0.8633
vn 0.1887 -0.4742 -0.8600
vn 0.2127 -0.2166 -0.9528
vn 0.0788 -0.3723 -0.9248
vn 0.4409 -0.8975 0.0000
vn 0.3282 -0.9446 0.0000
vn 0.3721 -0.3410 0.8633
vn 0.1887 -0.4742 0.8600
vn 0.2127 -0.2166 0.9528
vn 0.0788 -0.3723 0.9248
vn 0.1270 -0.0610 0.9900
vn -0.0345 0.1453 0.9888
vn -0.0204 -0.2007 0.9794
vn -0.4424 0.1088 0.8902
vn -0.2556 -0.1065 0.9609
vn -0.8095 0.5871 0.0000
vn -0.8247 0.5656 0.0000
vn -0.4424 0.1088 -0.8902
vn -0.2556 -0.1065 -0.9609
vn -0.1039 -0.2146 -0.9712
vn -0.2141 -0.1499 -0.9652
vn -0.0005 -0.3936 -0.9193
vn 0.0256 -0.5800 -0.8142
vn 0.1268 -0.5189 -0.8454
vn 0.0589 -0.5910 -0.8045
vn 0.1633 -0.9866 0.0000
vn -0.0005 -0.3936 0.9193
vn 0.0256 -0.5800 0.8142
vn 0.1268 -0.5189 0.8454
vn 0.0589 -0.5910 0.8045
vn -0.1039 -0.2146 0.9712
vn -0.2141 -0.1499 0.9652
vn 0.8192 0.5736 0.0000
vn -0.6901 -0.5606 0.4578
vn -0.7158 -0.4198 0.5580
vn -0.7765 -0.2777 0.5657
vn -0.8794 0.4762 0.0000
vn -0.6901 -0.5606 -0.4578
vn -0.7765 -0.2777 -0.5657
vn -0.7158 -0.4198 -0.5580
vn -0.6650 -0.6098 -0.4312
vn -0.6859 -0.6623 -0.3014
vn -0.6356 -0.7572 -0.1506
vn -0.6518 -0.7584 -0.0000
vn -0.6356 -0.7572 0.1506
vn -0.6859 -0.6623 0.3014
vn -0.6650 -0.6098 0.4312
vn -0.0155 0.3905 0.9205
vn -0.2791 0.4568 0.8446
vn -0.2920 0.1430 0.9457
vn -0.3497 0.1041 0.9311
vn -0.8570 0.5153 0.0000
vn -0.9772 0.2122 0.0000
vn -0.9908 0.1354 0.0000
vn -0.2791 0.4568 -0.8446
vn -0.0155 0.3905 -0.9205
vn -0.2920 0.1430 -0.9457
vn -0.3497 0.1041 -0.9311
vn 0.2614 0.3799 -0.8873
vn 0.0726 0.0917 -0.9931
vn -0.0322 0.1119 -0.9932
vn 0.4849 0.3388 -0.8063
vn 0.4445 0.0566 -0.8940
vn 0.5064 0.0031 -0.8623
vn 0.9454 0.3258 0.0000
vn 1.0000 0.0044 0.0000
vn 0.9973 -0.0736 0.0000
vn 0.4849 0.3388 0.8063
vn 0.2614 0.3799 0.8873
vn 0.4445 0.0566 0.8940
vn 0.5064 0.0031 0.8623
vn 0.0726 0.0917 0.9931
vn -0.0322 0.1119 0.9932
vn -0.1886 0.0458 0.9810
vn -0.3624 -0.0143 0.9319
vn -0.0875 -0.0302 0.9957
vn -0.9986 0.0529 0.0000
vn -0.9997 -0.0232 0.0000
vn -0.1886 0.0458 -0.9810
vn -0.3624 -0.0143 -0.9319
vn -0.0875 -0.0302 -0.9957
vn -0.1573 0.0435 -0.9866
vn 0.1487 0.0179 -0.9887
vn -0.0691 -0.0326 -0.9971
vn 0.2124 -0.0941 -0.9726
vn 0.5012 0.0019 -0.8653
vn 0.4935 -0.0965 -0.8644
vn 0.2741 -0.0045 -0.9617
vn 0.2715 -0.1022 -0.9570
vn 0.9878 -0.1559 0.0000
vn 0.9731 -0.2305 0.0000
vn 0.5012 0.0019 0.8653
vn 0.4935 -0.0965 0.8644
vn 0.2741 -0.0045 0.9617
vn 0.2715 -0.1022 0.9570
vn 0.1487 0.0179 0.9887
vn -0.1573 0.0435 0.9866
vn -0.0691 -0.0326 0.9971
vn 0.2124 -0.0941 0.9726
vn -0.3032 -0.1684 0.9379
vn -0.3629 -0.4536 0.8139
vn -0.1013 -0.4396 0.8925
vn -0.9197 -0.3927 0.0000
vn -0.3032 -0.1684 -0.9379
vn -0.3629 -0.4536 -0.8139
vn -0.1013 -0.4396 -0.8925
vn -0.0277 -0.0712 -0.9971
vn 0.0644 -0.1872 -0.9802
vn 0.1618 -0.4871 -0.8582
vn 0.3849 -0.2271 -0.8946
vn 0.3799 -0.4903 -0.7844
vn 0.8179 -0.5753 0.0000
vn 0.3849 -0.2271 0.8946
vn 0.3799 -0.4903 0.7844
vn 0.1618 -0.4871 0.8582
vn 0.0644 -0.1872 0.9802
vn -0.0277 -0.0712 0.9971
vn 0.1045 0.9945 0.0000
vn -0.1045 -0.9945 0.0000
vn 0.2337 0.3132 0.9205
vn 0.0705 0.5307 0.8446
vn -0.1266 0.2983 0.9461
vn -0.2013 0.3056 0.9306
vn -0.3417 0.9398 0.0000
vn -0.6183 0.7859 0.0000
vn -0.6822 0.7311 0.0000
vn 0.0705 0.5307 -0.8446
vn 0.2337 0.3132 -0.9205
vn -0.1266 0.2983 -0.9461
vn -0.2013 0.3056 -0.9306
vn 0.4422 0.1307 -0.8873
vn 0.1244 0.0279 -0.9918
vn 0.0494 0.1167 -0.9919
vn 0.5900 -0.0419 -0.8063
vn 0.3831 -0.2249 -0.8959
vn 0.3994 -0.3122 -0.8620
vn 0.9398 -0.3417 0.0000
vn 0.7859 -0.6183 0.0000
vn 0.7311 -0.6822 0.0000
vn 0.5900 -0.0419 0.8063
vn 0.4422 0.1307 0.8873
vn 0.3831 -0.2249 0.8959
vn 0.3994 -0.3122 0.8620
vn 0.1244 0.0279 0.9918
vn 0.0494 0.1167 0.9919
vn -0.1168 0.1575 0.9806
vn -0.2948 0.2127 0.9316
vn -0.0914 0.0295 0.9954
vn -0.7467 0.6651 0.0000
vn -0.7989 0.6015 0.0000
vn -0.1168 0.1575 -0.9806
vn -0.2948 0.2127 -0.9316
vn -0.0914 0.0295 -0.9954
vn -0.0914 0.1336 -0.9868
vn 0.1280 -0.0757 -0.9889
vn -0.0771 0.0145 -0.9969
vn 0.0980 -0.2098 -0.9728
vn 0.3944 -0.3097 -0.8652
vn 0.3191 -0.3891 -0.8642
vn 0.2137 -0.1757 -0.9610
vn 0.1432 -0.2579 -0.9555
vn 0.6651 -0.7467 0.0000
vn 0.6015 -0.7989 0.0000
vn 0.3944 -0.3097 0.8652
vn 0.3191 -0.3891 0.8642
vn 0.2137 -0.1757 0.9610
vn 0.1432 -0.2579 0.9555
vn 0.1280 -0.0757 0.9889
vn -0.0914 0.1336 0.9868
vn -0.0771 0.0145 0.9969
vn 0.0980 -0.2098 0.9728
vn -0.3475 0.0454 0.9366
vn -0.5675 -0.1241 0.8139
vn -0.3554 -0.2778 0.8925
vn -0.9619 0.2736 0.0000
vn -0.3475 0.0454 -0.9366
vn -0.5675 -0.1241 -0.8139
vn -0.3554 -0.2778 -0.8925
vn -0.0735 -0.0420 -0.9964
vn -0.0730 -0.2002 -0.9770
vn -0.1808 -0.4804 -0.8582
vn 0.1409 -0.4230 -0.8951
vn -0.0133 -0.6202 -0.7844
vn 0.2736 -0.9619 0.0000
vn 0.1409 -0.4230 0.8951
vn -0.0133 -0.6202 0.7844
vn -0.1808 -0.4804 0.8582
vn -0.0730 -0.2002 0.9770
vn -0.0735 -0.0420 0.9964
vn 0.3025 0.2473 0.9205
vn 0.1968 0.4978 0.8446
vn 0.0360 0.3228 0.9458
vn -0.0700 0.3736 0.9250
vn -0.1042 0.9946 0.0000
vn -0.3375 0.9413 0.0000
vn -0.4584 0.8887 0.0000
vn 0.1968 0.4978 -0.8446
vn 0.3025 0.2473 -0.9205
vn 0.0360 0.3228 -0.9458
vn -0.0700 0.3736 -0.9250
vn 0.4607 0.0199 -0.8873
vn 0.2139 -0.0072 -0.9768
vn 0.1242 0.1675 -0.9780
vn 0.5624 -0.1834 -0.8063
vn 0.3515 -0.2267 -0.9083
vn 0.3531 -0.3723 -0.8583
vn 0.8292 -0.5589 0.0000
vn 0.6727 -0.7400 0.0000
vn 0.5695 -0.8220 0.0000
vn 0.5624 -0.1834 0.8063
vn 0.4607 0.0199 0.8873
vn 0.3515 -0.2267 0.9083
vn 0.3531 -0.3723 0.8583
vn 0.2139 -0.0072 0.9768
vn 0.1242 0.1675 0.9780
vn -0.0628 0.2091 0.9759
vn -0.2806 0.2480 0.9272
vn -0.1595 0.0223 0.9869
vn -0.6323 0.7747 0.0000
vn -0.6404 0.7681 0.0000
vn -0.0628 0.2091 -0.9759
vn -0.2806 0.2480 -0.9272
vn -0.1595 0.0223 -0.9869
vn -0.0243 0.1474 -0.9888
vn 0.1225 -0.0697 -0.9900
vn -0.0344 -0.1988 -0.9794
vn 0.3474 -0.3661 -0.8633
vn 0.1552 -0.4862 -0.8600
vn 0.1971 -0.2309 -0.9528
vn 0.0527 -0.3769 -0.9248
vn 0.3773 -0.9261 0.0000
vn 0.2615 -0.9652 0.0000
vn 0.3474 -0.3661 0.8633
vn 0.1552 -0.4862 0.8600
vn 0.1971 -0.2309 0.9528
vn 0.0527 -0.3769 0.9248
vn 0.1225 -0.0697 0.9900
vn -0.0243 0.1474 0.9888
vn -0.0344 -0.1988 0.9794
vn -0.4338 0.1394 0.8902
vn -0.2624 -0.0884 0.9609
vn -0.7666 0.6421 0.0000
vn -0.7832 0.6217 0.0000
vn -0.4338 0.1394 -0.8902
vn -0.2624 -0.0884 -0.9609
vn -0.1186 -0.2068 -0.9712
vn -0.2241 -0.1346 -0.9652
vn -0.0280 -0.3926 -0.9193
vn -0.0149 -0.5803 -0.8142
vn 0.0903 -0.5264 -0.8454
vn 0.0175 -0.5937 -0.8045
vn 0.0941 -0.9956 0.0000
vn -0.0280 -0.3926 0.9193
vn -0.0149 -0.5803 0.8142
vn 0.0903 -0.5264 0.8454
vn 0.0175 -0.5937 0.8045
vn -0.1186 -0.2068 0.9712
vn -0.2241 -0.1346 0.9652
vn 0.8572 0.5150 0.0000
vn -0.7275 -0.5111 0.4578
vn -0.7434 -0.3688 0.5580
vn -0.7939 -0.2228 0.5657
vn -0.8440 0.5363 0.0000
vn -0.7275 -0.5111 -0.4578
vn -0.7939 -0.2228 -0.5657
vn -0.7434 -0.3688 -0.5580
vn -0.7059 -0.5619 -0.4312
vn -0.7305 -0.6128 -0.3014
vn -0.6869 -0.7110 -0.1506
vn -0.7031 -0.7111 0.0000
vn -0.6869 -0.7110 0.1506
vn -0.7305 -0.6128 0.3014
vn -0.7059 -0.5619 0.4312
vn -0.0018 0.3908 0.9205
vn -0.2630 0.4663 0.8446
vn -0.2868 0.1531 0.9457
vn -0.3458 0.1162 0.9311
vn -0.8385 0.5449 0.0000
vn -0.9805 0.1966 0.0000
vn -0.9788 0.2047 0.0000
vn -0.2630 0.4663 -0.8446
vn -0.0018 0.3908 -0.9205
vn -0.2868 0.1531 -0.9457
vn -0.3458 0.1162 -0.9311
vn 0.2745 0.3705 -0.8873
vn 0.0758 0.0891 -0.9931
vn -0.0283 0.1130 -0.9932
vn 0.4964 0.3216 -0.8063
vn 0.4462 0.0411 -0.8940
vn 0.5062 -0.0146 -0.8623
vn 0.9562 0.2927 0.0000
vn 0.9995 -0.0305 0.0000
vn 0.9941 -0.1083 0.0000
vn 0.4964 0.3216 0.8063
vn 0.2745 0.3705 0.8873
vn 0.4462 0.0411 0.8940
vn 0.5062 -0.0146 0.8623
vn 0.0758 0.0891 0.9931
vn -0.0283 0.1130 0.9932
vn -0.1869 0.0524 0.9810
vn -0.3627 -0.0016 0.9319
vn -0.0885 -0.0271 0.9957
vn -0.9980 0.0631 0.0000
vn -0.9986 0.0533 0.0000
vn -0.1869 0.0524 -0.9810
vn -0.3627 -0.0016 -0.9319
vn -0.0885 -0.0271 -0.9957
vn -0.1557 0.0490 -0.9866
vn 0.1492 0.0127 -0.9887
vn -0.0702 -0.0301 -0.9971
vn 0.2090 -0.1015 -0.9726
vn 0.5010 -0.0156 -0.8653
vn 0.4899 -0.1136 -0.8644
vn 0.2738 -0.0141 -0.9617
vn 0.2678 -0.1116 -0.9570
vn 0.9767 -0.2144 0.0000
vn 0.9746 -0.2240 0.0000
vn 0.5010 -0.0156 0.8653
vn 0.4899 -0.1136 0.8644
vn 0.2738 -0.0141 0.9617
vn 0.2678 -0.1116 0.9570
vn 0.1492 0.0127 0.9887
vn -0.1557 0.0490 0.9866
vn -0.0702 -0.0301 0.9971
vn 0.2090 -0.1015 0.9726
vn -0.3089 -0.1577 0.9379
vn -0.3785 -0.4407 0.8139
vn -0.1166 -0.4358 0.8925
vn -0.9328 -0.3604 0.0000
vn -0.3089 -0.1577 -0.9379
vn -0.3785 -0.4407 -0.8139
vn -0.1166 -0.4358 -0.8925
vn -0.0301 -0.0702 -0.9971
vn 0.0578 -0.1894 -0.9802
vn 0.1447 -0.4924 -0.8582
vn 0.3767 -0.2404 -0.8946
vn 0.3626 -0.5033 -0.7844
vn 0.7973 -0.6035 0.0000
vn 0.3767 -0.2404 0.8946
vn 0.3626 -0.5033 0.7844
vn 0.1447 -0.4924 0.8582
vn 0.0578 -0.1894 0.9802
vn -0.0301 -0.0702 0.9971
vn 0.1392 0.9903 0.0000
vn -0.1392 -0.9903 0.0000
vn 0.2550 0.2961 0.9205
vn 0.1074 0.5244 0.8446
vn -0.1055 0.3064 0.9461
vn -0.1795 0.3189 0.9306
vn -0.2754 0.9613 0.0000
vn -0.6062 0.7953 0.0000
vn -0.5990 0.8008 0.0000
vn 0.1074 0.5244 -0.8446
vn 0.2550 0.2961 -0.9205
vn -0.1055 0.3064 -0.9461
vn -0.1795 0.3189 -0.9306
vn 0.4503 0.0996 -0.8873
vn 0.1261 0.0191 -0.9918
vn 0.0574 0.1129 -0.9919
vn 0.5857 -0.0830 -0.8063
vn 0.3665 -0.2511 -0.8959
vn 0.3766 -0.3393 -0.8620
vn 0.9137 -0.4065 0.0000
vn 0.7409 -0.6716 0.0000
vn 0.6818 -0.7316 0.0000
vn 0.5857 -0.0830 0.8063
vn 0.4503 0.0996 0.8873
vn 0.3665 -0.2511 0.8959
vn 0.3766 -0.3393 0.8620
vn 0.1261 0.0191 0.9918
vn 0.0574 0.1129 0.9919
vn -0.1055 0.1653 0.9806
vn -0.2792 0.2327 0.9316
vn -0.0892 0.0358 0.9954
vn -0.7176 0.6964 0.0000
vn -0.7250 0.6887 0.0000
vn -0.1055 0.1653 -0.9806
vn -0.2792 0.2327 -0.9316
vn -0.0892 0.0358 -0.9954
vn -0.0819 0.1397 -0.9868
vn 0.1224 -0.0844 -0.9889
vn -0.0759 0.0199 -0.9969
vn 0.0831 -0.2161 -0.9728
vn 0.3718 -0.3364 -0.8652
vn 0.2912 -0.4104 -0.8642
vn 0.2009 -0.1902 -0.9610
vn 0.1249 -0.2673 -0.9555
vn 0.5898 -0.8076 0.0000
vn 0.5811 -0.8138 0.0000
vn 0.3718 -0.3364 0.8652
vn 0.2912 -0.4104 0.8642
vn 0.2009 -0.1902 0.9610
vn 0.1249 -0.2673 0.9555
vn 0.1224 -0.0844 0.9889
vn -0.0819 0.1397 0.9868
vn -0.0759 0.0199 0.9969
vn 0.0831 -0.2161 0.9728
vn -0.3435 0.0695 0.9366
vn -0.5748 -0.0843 0.8139
vn -0.3739 -0.2524 0.8925
vn -0.9404 0.3400 0.0000
vn -0.3435 0.0695 -0.9366
vn -0.5748 -0.0843 -0.8139
vn -0.3739 -0.2524 -0.8925
vn -0.0762 -0.0368 -0.9964
vn -0.0868 -0.1946 -0.9770
vn -0.2138 -0.4666 -0.8582
vn 0.1110 -0.4318 -0.8951
vn -0.0565 -0.6177 -0.7844
vn 0.2058 -0.9786 0.0000
vn 0.1110 -0.4318 0.8951
vn -0.0565 -0.6177 0.7844
vn -0.2138 -0.4666 0.8582
vn -0.0868 -0.1946 0.9770
vn -0.0762 -0.0368 0.9964
vn 0.7547 0.6561 0.0000
vn -0.7547 -0.6561 0.0000
vn 0.3229 0.2200 0.9205
vn 0.2395 0.4788 0.8446
vn 0.0640 0.3184 0.9458
vn -0.0372 0.3782 0.9250
vn -0.0172 0.9999 0.0000
vn -0.3296 0.9441 0.0000
vn -0.3163 0.9486 0.0000
vn 0.2395 0.4788 -0.8446
vn 0.3229 0.2200 -0.9205
vn 0.0640 0.3184 -0.9458
vn -0.0372 0.3782 -0.9250
vn 0.4607 -0.0204 -0.8873
vn 0.2125 -0.0258 -0.9768
vn 0.1383 0.1560 -0.9780
vn 0.5443 -0.2317 -0.8063
vn 0.3304 -0.2565 -0.9083
vn 0.3193 -0.4017 -0.8583
vn 0.7773 -0.6291 0.0000
vn 0.5411 -0.8410 0.0000
vn 0.5528 -0.8333 0.0000
vn 0.5443 -0.2317 0.8063
vn 0.4607 -0.0204 0.8873
vn 0.3304 -0.2565 0.9083
vn 0.3193 -0.4017 0.8583
vn 0.2125 -0.0258 0.9768
vn 0.1383 0.1560 0.9780
vn -0.0443 0.2138 0.9759
vn -0.2579 0.2716 0.9272
vn -0.1569 0.0361 0.9869
vn -0.5363 0.8440 0.0000
vn -0.5999 0.8001 0.0000
vn -0.0443 0.2138 -0.9759
vn -0.2579 0.2716 -0.9272
vn -0.1569 0.0361 -0.9869
vn -0.0113 0.1490 -0.9888
vn 0.1159 -0.0801 -0.9900
vn -0.0516 -0.1951 -0.9794
vn 0.3142 -0.3950 -0.8633
vn 0.1122 -0.4979 -0.8600
vn 0.1762 -0.2472 -0.9528
vn 0.0196 -0.3800 -0.9248
vn 0.2473 -0.9689 0.0000
vn 0.2312 -0.9729 0.0000
vn 0.3142 -0.3950 0.8633
vn 0.1122 -0.4979 0.8600
vn 0.1762 -0.2472 0.9528
vn 0.0196 -0.3800 0.9248
vn 0.1159 -0.0801 0.9900
vn -0.0113 0.1490 0.9888
vn -0.0516 -0.1951 0.9794
vn -0.4200 0.1767 0.8902
vn -0.2691 -0.0652 0.9609
vn -0.7077 0.7065 0.0000
vn -0.7260 0.6876 0.0000
vn -0.4200 0.1767 -0.8902
vn -0.2691 -0.0652 -0.9609
vn -0.1362 -0.1957 -0.9712
vn -0.2350 -0.1146 -0.9652
vn -0.0621 -0.3887 -0.9193
vn -0.0654 -0.5768 -0.8142
vn 0.0440 -0.5323 -0.8454
vn -0.0343 -0.5929 -0.8045
vn 0.0069 -1.0000 0.0000
vn -0.0621 -0.3887 0.9193
vn -0.0654 -0.5768 0.8142
vn 0.0440 -0.5323 0.8454
vn -0.0343 -0.5929 0.8045
vn -0.1362 -0.1957 0.9712
vn -0.2350 -0.1146 0.9652
vn 0.8988 0.4384 0.0000
vn -0.7693 -0.4457 0.4578
vn -0.7727 -0.3026 0.5580
vn -0.8103 -0.1528 0.5657
vn -0.7940 0.6079 0.0000
vn -0.7693 -0.4457 -0.4578
vn -0.8103 -0.1528 -0.5657
vn -0.7727 -0.3026 -0.5580
vn -0.7522 -0.4983 -0.4312
vn -0.7811 -0.5468 -0.3014
vn -0.7462 -0.6484 -0.1506
vn -0.7624 -0.6471 -0.0000
vn -0.7462 -0.6484 0.1506
vn -0.7811 -0.5468 0.3014
vn -0.7522 -0.4983 0.4312
vn 0.9266 -0.0567 0.3717
vn 0.7907 -0.0034 0.6122
vn 0.7787 -0.3063 0.5475
vn 0.7152 -0.3561 0.6013
vn -0.1027 0.3369 0.9359
vn -0.2512 0.0783 0.9648
vn -0.3009 -0.0199 0.9535
vn -0.6233 0.7605 0.1820
vn -0.6196 0.7787 -0.0987
vn -0.8259 0.5607 0.0593
vn -0.8602 0.4951 0.1220
vn -0.4924 0.7976 -0.3483
vn -0.7476 0.5884 -0.3080
vn -0.7902 0.5902 -0.1650
vn -0.3538 0.7580 -0.5479
vn -0.5627 0.5744 -0.5945
vn -0.5232 0.5033 -0.6877
vn 0.4743 0.4527 -0.7550
vn 0.3590 0.1453 -0.9220
vn 0.3636 0.1558 -0.9184
vn 0.9898 0.0321 -0.1391
vn 0.9946 -0.0057 0.1040
vn 0.9598 -0.2482 -0.1313
vn 0.9277 -0.2806 -0.2463
vn 0.9270 -0.3164 0.2014
vn 0.8845 -0.3147 0.3445
vn 0.7843 -0.4246 0.4524
vn 0.6369 -0.5260 0.5636
vn 0.7871 -0.5205 0.3311
vn -0.3565 -0.1397 0.9238
vn -0.3962 -0.2333 0.8880
vn -0.8789 0.4740 -0.0536
vn -0.9414 0.3267 0.0835
vn -0.9017 0.3919 -0.1827
vn -0.8702 0.4823 -0.1012
vn -0.8138 0.5286 -0.2415
vn -0.8943 0.3946 -0.2109
vn -0.9080 0.3034 -0.2891
vn -0.5293 0.5025 -0.6836
vn -0.5936 0.3609 -0.7193
vn -0.6365 0.2627 -0.7251
vn 0.2691 -0.0437 -0.9621
vn 0.2626 -0.0563 -0.9632
vn 0.9280 -0.2849 -0.2403
vn 0.8617 -0.4254 -0.2766
vn 0.8068 -0.5171 -0.2860
vn 0.8805 -0.3869 0.2740
vn 0.8077 -0.4243 0.4093
vn 0.7982 -0.5199 0.3041
vn 0.7675 -0.6019 0.2207
vn 0.5877 -0.6865 0.4281
vn 0.3629 -0.8441 0.3947
vn 0.5312 -0.8274 0.1823
vn -0.4901 -0.5082 0.7082
vn -0.9853 0.1634 -0.0505
vn -0.9936 -0.1112 -0.0181
vn -0.9621 -0.0207 -0.2720
vn -0.9026 0.3488 -0.2521
vn -0.8864 0.2247 -0.4047
vn -0.8539 -0.0379 -0.5191
vn -0.7407 0.2005 -0.6412
vn -0.7095 -0.0414 -0.7035
vn 0.0641 -0.3970 -0.9156
vn 0.7676 -0.6144 -0.1822
vn 0.5923 -0.7448 -0.3074
vn 0.5782 -0.8116 -0.0834
vn 0.7474 -0.6580 0.0924
vn 0.7844 -0.5626 0.2611
vn 0.4169 0.8860 0.2030
vn -0.4169 -0.8860 -0.2030
vn 0.9563 0.0064 0.2922
vn 0.8418 0.1051 0.5294
vn 0.8393 -0.1834 0.5118
vn 0.7755 -0.2238 0.5904
vn -0.0223 0.5078 0.8612
vn -0.1888 0.2152 0.9581
vn -0.1827 0.2272 0.9566
vn -0.6111 0.7864 0.0901
vn -0.6324 0.7514 -0.1882
vn -0.8080 0.5890 0.0137
vn -0.8396 0.5335 0.1020
vn -0.5280 0.7220 -0.4472
vn -0.7592 0.5435 -0.3580
vn -0.7943 0.5763 -0.1923
vn -0.4073 0.6444 -0.6472
vn -0.6144 0.4815 -0.6250
vn -0.5780 0.3841 -0.7200
vn 0.4018 0.2986 -0.8657
vn 0.3116 0.0528 -0.9487
vn 0.2627 -0.0607 -0.9630
vn 0.9732 -0.0029 -0.2298
vn 0.9999 0.0056 0.0148
vn 0.9553 -0.2546 -0.1503
vn 0.9103 -0.3138 -0.2699
vn 0.9526 -0.2592 0.1596
vn 0.9180 -0.2265 0.3254
vn 0.8264 -0.3283 0.4575
vn 0.6787 -0.4335 0.5928
vn 0.8079 -0.4688 0.3570
vn -0.2970 -0.0178 0.9547
vn -0.3032 -0.0325 0.9524
vn -0.8798 0.4718 -0.0585
vn -0.9399 0.3254 0.1034
vn -0.9243 0.3434 -0.1667
vn -0.8745 0.4703 -0.1184
vn -0.8284 0.4943 -0.2633
vn -0.9182 0.3403 -0.2025
vn -0.9400 0.2232 -0.2579
vn -0.5843 0.3844 -0.7147
vn -0.6644 0.2081 -0.7178
vn -0.7101 0.0985 -0.6972
vn 0.1910 -0.2110 -0.9587
vn 0.1355 -0.3164 -0.9389
vn 0.9114 -0.3169 -0.2624
vn 0.8288 -0.4921 -0.2663
vn 0.7649 -0.5932 -0.2511
vn 0.9101 -0.3208 0.2624
vn 0.8503 -0.3384 0.4031
vn 0.8190 -0.4743 0.3228
vn 0.7723 -0.5797 0.2599
vn 0.6136 -0.6261 0.4811
vn 0.4035 -0.7578 0.5127
vn 0.5522 -0.7828 0.2869
vn -0.4211 -0.3618 0.8317
vn -0.9919 0.1268 -0.0044
vn -0.9904 -0.1042 0.0912
vn -0.9822 -0.0634 -0.1770
vn -0.9333 0.2796 -0.2252
vn -0.9215 0.1181 -0.3699
vn -0.8961 -0.1277 -0.4250
vn -0.8122 0.0559 -0.5807
vn -0.7686 -0.1670 -0.6175
vn -0.0139 -0.5627 -0.8265
vn 0.7344 -0.6692 -0.1131
vn 0.5690 -0.7943 -0.2130
vn 0.5753 -0.8177 0.0199
vn 0.7391 -0.6605 0.1322
vn 0.7940 -0.5303 0.2971
vn 0.4258 0.9048 -0.0050
vn -0.4258 -0.9048 0.0050
vn 0.9812 0.0593 0.1836
vn 0.8906 0.2088 0.4040
vn 0.9582 0.1127 0.2631
vn 0.0607 0.6842 0.7267
vn -0.6075 0.7940 -0.0218
vn -0.6570 0.6992 -0.2819
vn -0.6455 0.7391 -0.1926
vn -0.5794 0.6126 -0.5376
vn -0.7526 0.4944 -0.4349
vn -0.7803 0.5859 -0.2186
vn -0.4791 0.4917 -0.7271
vn -0.6403 0.4848 -0.5958
vn -0.6302 0.2636 -0.7304
vn -0.6681 0.4097 -0.6211
vn 0.3070 0.0972 -0.9467
vn 0.9444 -0.0643 -0.3226
vn 0.9960 -0.0027 -0.0899
vn 0.9797 -0.1480 -0.1354
vn 0.9611 -0.2266 -0.1581
vn 0.8953 -0.3323 -0.2969
vn 0.9814 -0.1830 0.0579
vn 0.9569 -0.0927 0.2751
vn 0.8320 -0.3452 0.4344
vn 0.7583 -0.2702 0.5932
vn 0.7061 -0.3575 0.6113
vn 0.7864 -0.4763 0.3935
vn -0.1659 0.2662 0.9495
vn -0.2059 0.1735 0.9631
vn -0.2456 0.0745 0.9665
vn -0.9159 0.3838 0.1174
vn -0.9360 0.3454 -0.0680
vn -0.9471 0.2882 0.1415
vn -0.9718 0.2105 -0.1062
vn -0.8750 0.4589 -0.1541
vn -0.8336 0.4714 -0.2880
vn -0.9736 0.1287 -0.1884
vn -0.6374 0.2671 -0.7228
vn -0.7658 -0.0247 -0.6426
vn -0.6691 0.1992 -0.7160
vn -0.7865 -0.1232 -0.6052
vn 0.1086 -0.3879 -0.9153
vn 0.0398 -0.5193 -0.8537
vn -0.0306 -0.6381 -0.7694
vn 0.8985 -0.3328 -0.2863
vn 0.7566 -0.6193 -0.2099
vn 0.8721 -0.4028 -0.2780
vn 0.6898 -0.6998 -0.1856
vn 0.9495 -0.2251 0.2187
vn 0.9056 -0.2366 0.3520
vn 0.7736 -0.5538 0.3081
vn 0.5499 -0.5510 0.6277
vn 0.6712 -0.6346 0.3831
vn -0.3054 -0.0923 0.9478
vn -0.3156 -0.1234 0.9409
vn -0.9801 0.0466 0.1929
vn -0.9958 0.0165 -0.0906
vn -0.9598 0.0302 -0.2791
vn -0.9888 0.0100 -0.1490
vn -0.8942 -0.0736 -0.4415
vn -0.8027 -0.2570 -0.5381
vn -0.7840 -0.2461 -0.5699
vn -0.1144 -0.7592 -0.6408
vn 0.7127 -0.7013 0.0152
vn 0.5842 -0.7987 -0.1440
vn 0.5941 -0.7844 -0.1782
vn 0.7444 -0.6355 0.2052
vn 0.6897 -0.6456 0.3280
vn 0.4126 0.8768 -0.2468
vn -0.0774 -0.9586 0.2741
vn 0.0024 -0.9251 0.3797
vn 0.0061 -0.8723 0.4889
vn -0.3512 -0.2410 0.9047
vn -0.6853 -0.7211 0.1013
vn -0.7816 -0.5647 0.2650
vn -0.7624 -0.6264 0.1623
vn -0.5801 -0.8103 0.0827
vn -0.6626 -0.7457 0.0698
vn -0.4911 -0.8652 0.1009
vn -0.4734 -0.8799 0.0408
vn -0.3924 -0.9107 0.1292
vn -0.2818 -0.9547 0.0952
vn -0.2893 -0.9441 0.1583
vn -0.0926 -0.9684 0.2318
vn -0.1908 -0.9624 0.1934
s off
f 1/1/1 2/2/1 10/3/2
f 1/1/1 10/3/2 9/4/3
f 2/5/4 3/6/4 11/7/5
f 2/5/4 11/7/5 10/8/5
f 3/9/6 4/10/6 11/11/7
f 4/10/6 12/12/8 11/11/7
f 4/13/9 5/14/9 12/15/10
f 5/14/9 13/16/10 12/15/10
f 5/17/11 6/18/11 14/19/12
f 5/17/11 14/19/12 13/20/13
f 6/21/14 7/22/14 15/23/15
f 6/21/14 15/23/15 14/24/15
f 7/25/16 8/26/16 16/27/17
f 7/25/16 16/27/17 15/28/18
f 8/29/19 1/30/19 9/31/20
f 8/29/19 9/31/20 16/32/21
f 9/33/3 10/34/2 18/35/22
f 9/33/3 18/35/22 17/36/23
f 10/8/5 11/7/5 18/37/24
f 11/7/5 19/38/24 18/37/24
f 11/11/7 12/12/8 20/39/25
f 11/11/7 20/39/25 19/40/25
f 12/15/10 13/16/10 21/41/26
f 12/15/10 21/41/26 20/42/26
f 13/43/13 14/44/12 22/45/27
f 13/43/13 22/45/27 21/46/28
f 14/24/15 15/23/15 22/47/29
f 15/23/15 23/48/29 22/47/29
f 15/28/18 16/27/17 23/49/30
f 16/27/17 24/50/30 23/49/30
f 16/32/21 9/31/20 17/51/31
f 16/32/21 17/51/31 24/52/31
f 17/36/23 18/35/22 26/53/32
f 17/36/23 26/53/32 25/54/32
f 18/55/33 19/56/33 27/57/33
f 18/55/33 27/57/33 26/58/33
f 19/59/34 20/60/34 28/61/34
f 19/59/34 28/61/34 27/62/34
f 20/63/35 21/64/35 29/65/35
f 20/63/35 29/65/35 28/66/35
f 21/46/28 22/45/27 30/67/36
f 21/46/28 30/67/36 29/68/36
f 22/69/37 23/70/37 31/71/37
f 22/69/37 31/71/37 30/72/37
f 23/73/38 24/74/38 32/75/38
f 23/73/38 32/75/38 31/76/38
f 24/77/39 17/78/39 25/79/39
f 24/77/39 25/79/39 32/80/39
f 25/81/40 26/82/41 34/83/42
f 25/81/40 34/83/42 33/84/43
f 26/82/41 27/85/44 35/86/45
f 26/82/41 35/86/45 34/83/46
f 27/87/44 28/88/47 35/89/48
f 28/88/47 36/90/49 35/89/48
f 28/91/47 29/92/50 36/93/51
f 29/92/50 37/94/52 36/93/51
f 29/92/50 30/95/53 38/96/54
f 29/92/50 38/96/54 37/94/55
f 30/95/53 31/97/56 39/98/57
f 30/95/53 39/98/57 38/96/58
f 31/99/56 32/100/59 40/101/60
f 31/99/56 40/101/60 39/102/61
f 32/103/59 25/81/40 33/84/62
f 32/103/59 33/84/62 40/104/63
f 33/84/64 34/83/65 42/105/66
f 33/84/64 42/105/66 41/106/66
f 34/83/46 35/86/45 43/107/67
f 34/83/46 43/107/67 42/105/67
f 35/89/68 36/90/69 44/108/70
f 35/89/68 44/108/70 43/109/70
f 36/93/51 37/94/52 45/110/71
f 36/93/51 45/110/71 44/111/71
f 37/94/72 38/96/73 46/112/74
f 37/94/72 46/112/74 45/110/74
f 38/96/58 39/98/57 46/112/75
f 39/98/57 47/113/75 46/112/75
f 39/102/76 40/101/77 48/114/78
f 39/102/76 48/114/78 47/115/78
f 40/104/63 33/84/62 41/106/79
f 40/104/63 41/106/79 48/116/79
f 2/117/80 4/118/80 3/119/80
f 2/117/80 5/120/80 4/118/80
f 1/121/80 5/120/80 2/117/80
f 1/121/80 6/122/80 5/120/80
f 1/121/80 7/123/80 6/122/80
f 1/121/80 8/124/80 7/123/80
f 47/125/81 48/126/81 41/127/81
f 46/128/81 47/125/81 41/127/81
f 46/128/81 41/127/81 42/129/81
f 45/130/81 46/128/81 42/129/81
f 44/131/81 45/130/81 42/129/81
f 42/129/81 43/132/81 44/131/81
f 49/133/82 50/134/83 56/135/84
f 49/133/82 56/135/84 55/136/85
f 50/137/86 51/138/87 57/139/88
f 50/137/86 57/139/88 56/140/89
f 51/138/87 52/141/90 58/142/91
f 51/138/87 58/142/91 57/139/88
f 52/141/90 53/143/92 58/142/91
f 53/143/92 59/144/93 58/142/91
f 53/145/94 54/146/95 59/147/96
f 54/146/95 60/148/97 59/147/96
f 54/149/98 49/150/98 55/151/98
f 54/149/98 55/151/98 60/152/98
f 55/136/85 56/135/84 62/153/99
f 55/136/85 62/153/99 61/154/99
f 56/140/89 57/139/88 63/155/100
f 56/140/89 63/155/100 62/156/101
f 57/139/88 58/142/91 64/157/102
f 57/139/88 64/157/102 63/155/100
f 58/142/91 59/144/93 65/158/103
f 58/142/91 65/158/103 64/157/102
f 59/147/96 60/148/97 66/159/104
f 59/147/96 66/159/104 65/160/104
f 60/152/98 55/151/98 61/161/98
f 60/152/98 61/161/98 66/162/98
f 61/163/105 62/164/106 67/165/106
f 62/164/106 68/166/107 67/165/106
f 62/156/101 63/155/100 68/167/108
f 63/155/100 69/168/109 68/167/108
f 63/155/100 64/157/102 70/169/110
f 63/155/100 70/169/110 69/168/109
f 64/157/102 65/158/103 71/170/111
f 64/157/102 71/170/111 70/169/110
f 65/171/112 66/172/113 72/173/112
f 65/171/112 72/173/112 71/174/114
f 66/162/98 61/161/98 67/175/98
f 66/162/98 67/175/98 72/176/98
f 52/177/80 54/178/80 53/179/80
f 52/177/80 49/180/80 54/178/80
f 51/181/80 49/180/80 52/177/80
f 49/180/80 51/181/80 50/182/80
f 70/181/81 71/182/81 72/180/81
f 70/181/81 72/180/81 67/178/81
f 69/177/81 70/181/81 67/178/81
f 67/178/81 68/179/81 69/177/81
f 73/183/115 74/184/116 81/185/117
f 74/184/116 82/186/118 81/185/117
f 74/187/119 75/188/119 83/189/120
f 74/187/119 83/189/120 82/190/121
f 75/191/122 76/192/123 84/193/124
f 75/191/122 84/193/124 83/194/125
f 76/192/123 77/195/126 85/196/127
f 76/192/123 85/196/127 84/193/128
f 77/197/126 78/198/129 85/199/130
f 78/198/129 86/200/131 85/199/130
f 78/201/132 79/202/132 86/203/133
f 79/202/132 87/204/134 86/203/133
f 79/205/135 80/206/136 88/207/137
f 79/205/135 88/207/137 87/208/138
f 80/209/136 73/183/115 88/210/139
f 73/183/115 81/185/140 88/210/139
f 81/185/141 82/186/118 90/211/142
f 81/185/141 90/211/142 89/212/143
f 82/190/121 83/189/120 91/213/144
f 82/190/121 91/213/144 90/214/145
f 83/194/125 84/193/146 91/215/147
f 84/193/146 92/216/148 91/215/147
f 84/193/149 85/196/150 92/216/151
f 85/196/150 93/217/152 92/216/151
f 85/196/153 86/218/131 94/219/154
f 85/196/155 94/219/154 93/217/156
f 86/203/133 87/204/134 95/220/157
f 86/203/133 95/220/157 94/221/158
f 87/222/138 88/210/159 95/223/160
f 88/210/161 96/224/162 95/223/160
f 88/210/163 81/185/164 89/212/165
f 88/210/163 89/212/165 96/224/166
f 89/225/167 90/226/142 98/227/168
f 89/225/167 98/227/168 97/228/169
f 90/214/145 91/213/144 99/229/170
f 90/214/145 99/229/170 98/230/170
f 91/231/147 92/232/171 99/233/172
f 92/232/171 100/234/173 99/233/172
f 92/216/174 93/217/175 100/235/173
f 93/217/175 101/236/176 100/235/173
f 93/237/177 94/238/154 102/239/178
f 93/237/177 102/239/178 101/240/176
f 94/221/158 95/220/157 103/241/179
f 94/221/158 103/241/179 102/242/179
f 95/243/160 96/244/180 103/245/181
f 96/244/180 104/246/182 103/245/181
f 96/224/183 89/212/184 97/247/169
f 96/224/183 97/247/169 104/248/182
f 77/249/185 79/250/185 78/251/185
f 77/249/185 80/252/185 79/250/185
f 76/253/185 80/252/185 77/249/185
f 76/253/185 73/254/185 80/252/185
f 76/253/185 74/255/185 73/254/185
f 74/255/185 76/253/185 75/256/185
f 101/257/186 102/258/186 103/259/186
f 101/257/186 103/259/186 104/260/186
f 100/261/186 101/257/186 104/260/186
f 100/261/186 104/260/186 97/262/186
f 99/263/186 100/261/186 97/262/186
f 97/262/186 98/264/186 99/263/186
f 105/265/187 106/266/188 113/267/189
f 106/266/188 114/268/190 113/267/189
f 106/269/191 107/270/191 115/271/192
f 106/269/191 115/271/192 114/272/193
f 107/273/194 108/274/195 116/275/196
f 107/273/194 116/275/196 115/276/197
f 108/274/195 109/277/198 117/278/199
f 108/274/195 117/278/199 116/275/200
f 109/279/198 110/280/201 117/281/202
f 110/280/201 118/282/203 117/281/202
f 110/283/204 111/284/204 118/285/205
f 111/284/204 119/286/206 118/285/205
f 111/287/207 112/288/208 120/289/209
f 111/287/207 120/289/209 119/290/210
f 112/291/208 105/265/187 120/292/211
f 105/265/187 113/267/212 120/292/211
f 113/267/213 114/268/190 122/293/214
f 113/267/213 122/293/214 121/294/215
f 114/272/193 115/271/192 123/295/216
f 114/272/193 123/295/216 122/296/217
f 115/276/197 116/275/218 123/297/219
f 116/275/218 124/298/220 123/297/219
f 116/275/221 117/278/222 124/298/223
f 117/278/222 125/299/224 124/298/223
f 117/278/225 118/300/203 126/301/226
f 117/278/227 126/301/226 125/299/228
f 118/285/205 119/286/206 127/302/229
f 118/285/205 127/302/229 126/303/230
f 119/304/210 120/292/231 127/305/232
f 120/292/233 128/306/234 127/305/232
f 120/292/235 113/267/236 121/294/237
f 120/292/235 121/294/237 128/306/238
f 121/307/239 122/308/214 130/309/240
f 121/307/239 130/309/240 129/310/241
f 122/296/217 123/295/216 131/311/242
f 122/296/217 131/311/242 130/312/242
f 123/313/219 124/314/243 131/315/244
f 124/314/243 132/316/245 131/315/244
f 124/298/246 125/299/247 132/317/245
f 125/299/247 133/318/248 132/317/245
f 125/319/249 126/320/226 134/321/250
f 125/319/249 134/321/250 133/322/248
f 126/303/230 127/302/229 135/323/251
f 126/303/230 135/323/251 134/324/251
f 127/325/232 128/326/252 135/327/253
f 128/326/252 136/328/254 135/327/253
f 128/306/255 121/294/256 129/329/241
f 128/306/255 129/329/241 136/330/254
f 109/331/257 111/332/257 110/333/257
f 109/331/257 112/334/257 111/332/257
f 109/331/257 105/335/257 112/334/257
f 108/336/257 105/335/257 109/331/257
f 108/336/257 106/337/257 105/335/257
f 106/337/257 108/336/257 107/338/257
f 133/339/258 134/340/258 135/341/258
f 133/339/258 135/341/258 136/342/258
f 133/339/258 136/342/258 129/343/258
f 132/344/258 133/339/258 129/343/258
f 131/345/258 132/344/258 129/343/258
f 129/343/258 130/346/258 131/345/258
f 137/347/259 138/348/260 145/349/261
f 138/348/260 146/350/262 145/349/261
f 138/351/263 139/352/263 147/353/264
f 138/351/263 147/353/264 146/354/265
f 139/355/266 140/356/267 148/357/268
f 139/355/266 148/357/268 147/358/269
f 140/359/267 141/360/270 149/361/271
f 140/359/267 149/361/271 148/362/272
f 141/363/270 142/364/273 149/365/274
f 142/364/273 150/366/275 149/365/274
f 142/367/276 143/368/276 150/369/277
f 143/368/276 151/370/278 150/369/277
f 143/371/279 144/372/280 152/373/281
f 143/371/279 152/373/281 151/374/282
f 144/375/280 137/376/259 152/377/283
f 137/376/259 145/378/284 152/377/283
f 145/378/285 146/379/262 154/380/286
f 145/378/285 154/380/286 153/381/287
f 146/354/265 147/353/264 155/382/288
f 146/354/265 155/382/288 154/383/289
f 147/384/269 148/362/290 155/385/291
f 148/362/290 156/386/292 155/385/291
f 148/362/293 149/361/294 156/386/292
f 149/361/294 157/387/295 156/386/292
f 149/361/296 150/388/275 158/389/297
f 149/361/298 158/389/297 157/387/299
f 150/369/277 151/370/278 159/390/300
f 150/369/277 159/390/300 158/391/301
f 151/392/282 152/377/302 159/393/303
f 152/377/304 160/394/305 159/393/303
f 152/377/306 145/378/307 153/381/287
f 152/377/306 153/381/287 160/394/308
f 153/381/287 154/380/286 162/395/309
f 153/381/287 162/395/309 161/396/310
f 154/383/289 155/382/288 163/397/311
f 154/383/289 163/397/311 162/398/312
f 155/385/291 156/386/292 163/399/313
f 156/386/292 164/400/314 163/399/313
f 156/386/292 157/387/315 164/400/314
f 157/387/315 165/401/316 164/400/314
f 157/402/317 158/403/297 166/404/318
f 157/402/319 166/404/318 165/405/320
f 158/391/301 159/390/300 167/406/321
f 158/391/301 167/406/321 166/407/321
f 159/408/303 160/409/322 167/410/323
f 160/409/324 168/411/325 167/410/323
f 160/394/326 153/381/287 161/396/310
f 160/394/326 161/396/310 168/412/327
f 141/413/328 143/414/328 142/415/328
f 141/413/328 144/416/328 143/414/328
f 140/417/328 144/416/328 141/413/328
f 140/417/328 137/418/328 144/416/328
f 140/417/328 138/419/328 137/418/328
f 138/419/328 140/417/328 139/420/328
f 169/421/329 161/422/330 162/423/331
f 169/424/332 162/398/312 163/397/311
f 169/425/333 163/426/334 164/427/335
f 169/425/333 164/427/335 165/428/336
f 169/429/337 165/430/336 166/431/338
f 169/429/339 166/431/338 167/432/340
f 169/429/341 167/432/340 168/433/342
f 169/421/329 168/434/342 161/422/330
f 170/435/343 171/436/344 178/437/345
f 171/436/344 179/438/346 178/437/345
f 171/439/347 172/440/347 180/441/348
f 171/439/347 180/441/348 179/442/349
f 172/443/350 173/444/351 181/445/352
f 172/443/350 181/445/352 180/446/353
f 173/444/351 174/447/354 182/448/355
f 173/444/351 182/448/355 181/445/356
f 174/449/354 175/450/357 182/451/358
f 175/450/357 183/452/359 182/451/358
f 175/453/360 176/454/360 183/455/361
f 176/454/360 184/456/362 183/455/361
f 176/457/363 177/458/364 185/459/365
f 176/457/363 185/459/365 184/460/366
f 177/461/364 170/435/343 185/462/367
f 170/435/343 178/437/368 185/462/367
f 178/437/369 179/438/346 187/463/370
f 178/437/369 187/463/370 186/464/371
f 179/442/349 180/441/348 188/465/372
f 179/442/349 188/465/372 187/466/373
f 180/446/353 181/445/374 188/467/375
f 181/445/374 189/468/376 188/467/375
f 181/445/377 182/448/378 189/468/379
f 182/448/378 190/469/380 189/468/379
f 182/448/381 183/470/359 191/471/382
f 182/448/383 191/471/382 190/469/384
f 183/455/361 184/456/362 192/472/385
f 183/455/361 192/472/385 191/473/386
f 184/474/366 185/462/387 192/475/388
f 185/462/389 193/476/390 192/475/388
f 185/462/391 178/437/392 186/464/393
f 185/462/391 186/464/393 193/476/394
f 186/477/395 187/478/370 195/479/396
f 186/477/395 195/479/396 194/480/397
f 187/466/373 188/465/372 196/481/398
f 187/466/373 196/481/398 195/482/398
f 188/483/375 189/484/399 196/485/400
f 189/484/399 197/486/401 196/485/400
f 189/468/402 190/469/403 197/487/401
f 190/469/403 198/488/404 197/487/401
f 190/489/405 191/490/382 199/491/406
f 190/489/405 199/491/406 198/492/404
f 191/473/386 192/472/385 200/493/407
f 191/473/386 200/493/407 199/494/407
f 192/495/388 193/496/408 200/497/409
f 193/496/408 201/498/410 200/497/409
f 193/476/411 186/464/412 194/499/397
f 193/476/411 194/499/397 201/500/410
f 174/501/413 176/502/413 175/503/413
f 174/501/413 177/504/413 176/502/413
f 173/505/413 177/504/413 174/501/413
f 173/505/413 170/506/413 177/504/413
f 173/505/413 171/507/413 170/506/413
f 171/507/413 173/505/413 172/508/413
f 198/509/414 199/510/414 200/511/414
f 198/509/414 200/511/414 201/512/414
f 197/513/414 198/509/414 201/512/414
f 197/513/414 201/512/414 194/514/414
f 197/513/414 194/514/414 195/515/414
f 195/515/414 196/516/414 197/513/414
f 202/517/415 203/518/416 210/519/417
f 203/518/416 211/520/418 210/519/417
f 203/521/419 204/522/419 212/523/420
f 203/521/419 212/523/420 211/524/421
f 204/525/422 205/526/423 213/527/424
f 204/525/422 213/527/424 212/528/425
f 205/526/423 206/529/426 214/530/427
f 205/526/423 214/530/427 213/527/428
f 206/531/426 207/532/429 214/533/430
f 207/532/429 215/534/431 214/533/430
f 207/535/432 208/536/432 216/537/433
f 207/535/432 216/537/433 215/538/434
f 208/539/435 209/540/436 217/541/437
f 208/539/435 217/541/437 216/542/438
f 209/543/436 202/517/415 217/544/439
f 202/517/415 210/519/440 217/544/439
f 210/519/441 211/520/418 219/545/442
f 210/519/441 219/545/442 218/546/443
f 211/524/421 212/523/420 220/547/444
f 211/524/421 220/547/444 219/548/445
f 212/528/425 213/527/446 220/549/447
f 213/527/446 221/550/448 220/549/447
f 213/527/449 214/530/450 221/550/451
f 214/530/450 222/551/452 221/550/451
f 214/530/453 215/552/431 223/553/454
f 214/530/455 223/553/454 222/551/456
f 215/538/434 216/537/433 224/554/457
f 215/538/434 224/554/457 223/555/458
f 216/556/438 217/544/459 224/557/460
f 217/544/461 225/558/462 224/557/460
f 217/544/463 210/519/464 218/546/465
f 217/544/463 218/546/465 225/558/466
f 218/559/467 219/560/442 227/561/468
f 218/559/467 227/561/468 226/562/469
f 219/548/445 220/547/444 228/563/470
f 219/548/445 228/563/470 227/564/470
f 220/565/447 221/566/471 228/567/472
f 221/566/471 229/568/473 228/567/472
f 221/550/474 222/551/475 229/569/473
f 222/551/475 230/570/476 229/569/473
f 222/571/477 223/572/454 231/573/478
f 222/571/477 231/573/478 230/574/476
f 223/555/458 224/554/457 232/575/479
f 223/555/458 232/575/479 231/576/479
f 224/577/460 225/578/480 232/579/481
f 225/578/480 233/580/482 232/579/481
f 225/558/483 218/546/484 226/581/469
f 225/558/483 226/581/469 233/582/482
f 206/583/485 208/584/485 207/585/485
f 206/583/485 209/586/485 208/584/485
f 205/587/485 209/586/485 206/583/485
f 205/587/485 202/588/485 209/586/485
f 205/587/485 203/589/485 202/588/485
f 203/589/485 205/587/485 204/590/485
f 230/591/486 231/592/486 232/593/486
f 230/591/486 232/593/486 233/594/486
f 229/595/486 230/591/486 233/594/486
f 229/595/486 233/594/486 226/596/486
f 229/595/486 226/596/486 227/597/486
f 227/597/486 228/598/486 229/595/486
f 234/599/487 235/600/488 242/601/489
f 235/600/488 243/602/490 242/601/489
f 235/603/491 236/604/491 244/605/492
f 235/603/491 244/605/492 243/606/493
f 236/607/494 237/608/495 245/609/496
f 236/607/494 245/609/496 244/610/497
f 237/611/495 238/612/498 246/613/499
f 237/611/495 246/613/499 245/614/500
f 238/615/498 239/616/501 246/617/502
f 239/616/501 247/618/503 246/617/502
f 239/619/504 240/620/504 248/621/505
f 239/619/504 248/621/505 247/622/506
f 240/623/507 241/624/508 249/625/509
f 240/623/507 249/625/509 248/626/510
f 241/627/508 234/628/487 249/629/511
f 234/628/487 242/630/512 249/629/511
f 242/630/513 243/631/490 251/632/514
f 242/630/513 251/632/514 250/633/515
f 243/606/493 244/605/492 252/634/516
f 243/606/493 252/634/516 251/635/517
f 244/636/497 245/614/518 252/637/519
f 245/614/518 253/638/520 252/637/519
f 245/614/521 246/613/522 253/638/520
f 246/613/522 254/639/523 253/638/520
f 246/613/524 247/640/503 255/641/525
f 246/613/526 255/641/525 254/639/527
f 247/622/506 248/621/505 256/642/528
f 247/622/506 256/642/528 255/643/529
f 248/644/510 249/629/530 256/645/531
f 249/629/532 257/646/533 256/645/531
f 249/629/534 242/630/535 250/633/515
f 249/629/534 250/633/515 257/646/536
f 250/633/515 251/632/514 259/647/537
f 250/633/515 259/647/537 258/648/538
f 251/635/517 252/634/516 260/649/539
f 251/635/517 260/649/539 259/650/540
f 252/637/519 253/638/520 260/651/541
f 253/638/520 261/652/542 260/651/541
f 253/638/520 254/639/543 261/652/542
f 254/639/543 262/653/544 261/652/542
f 254/654/545 255/655/525 263/656/546
f 254/654/547 263/656/546 262/657/548
f 255/643/529 256/642/528 264/658/549
f 255/643/529 264/658/549 263/659/549
f 256/660/531 257/661/550 264/662/551
f 257/661/552 265/663/553 264/662/551
f 257/646/554 250/633/515 258/648/538
f 257/646/554 258/648/538 265/664/555
f 238/665/556 240/666/556 239/667/556
f 238/665/556 241/668/556 240/666/556
f 237/669/556 241/668/556 238/665/556
f 237/669/556 234/670/556 241/668/556
f 237/669/556 235/671/556 234/670/556
f 235/671/556 237/669/556 236/672/556
f 266/673/557 258/674/558 259/675/559
f 266/676/560 259/650/540 260/649/539
f 266/677/561 260/678/562 261/679/563
f 266/677/561 261/679/563 262/680/564
f 266/681/565 262/682/564 263/683/566
f 266/681/567 263/683/566 264/684/568
f 266/681/569 264/684/568 265/685/570
f 266/673/557 265/686/570 258/674/558
f 267/687/571 268/688/572 275/689/573
f 268/688/572 276/690/574 275/689/573
f 268/691/575 269/692/575 277/693/576
f 268/691/575 277/693/576 276/694/577
f 269/695/578 270/696/579 278/697/580
f 269/695/578 278/697/580 277/698/581
f 270/696/579 271/699/582 279/700/583
f 270/696/579 279/700/583 278/697/584
f 271/701/582 272/702/585 279/703/586
f 272/702/585 280/704/587 279/703/586
f 272/705/588 273/706/588 281/707/589
f 272/705/588 281/707/589 280/708/590
f 273/709/591 274/710/592 282/711/593
f 273/709/591 282/711/593 281/712/594
f 274/713/592 267/687/571 282/714/595
f 267/687/571 275/689/596 282/714/595
f 275/689/597 276/690/574 284/715/598
f 275/689/597 284/715/598 283/716/599
f 276/694/577 277/693/576 285/717/600
f 276/694/577 285/717/600 284/718/601
f 277/698/581 278/697/602 285/719/603
f 278/697/602 286/720/604 285/719/603
f 278/697/605 279/700/606 286/720/607
f 279/700/606 287/721/608 286/720/607
f 279/700/609 280/722/587 288/723/610
f 279/700/611 288/723/610 287/721/612
f 280/708/590 281/707/589 289/724/613
f 280/708/590 289/724/613 288/725/614
f 281/726/594 282/714/615 289/727/616
f 282/714/617 290/728/618 289/727/616
f 282/714/619 275/689/620 283/716/621
f 282/714/619 283/716/621 290/728/622
f 283/729/623 284/730/598 292/731/624
f 283/729/623 292/731/624 291/732/625
f 284/718/601 285/717/600 293/733/626
f 284/718/601 293/733/626 292/734/626
f 285/735/603 286/736/627 293/737/628
f 286/736/627 294/738/629 293/737/628
f 286/720/630 287/721/631 294/739/629
f 287/721/631 295/740/632 294/739/629
f 287/741/633 288/742/610 296/743/634
f 287/741/633 296/743/634 295/744/632
f 288/725/614 289/724/613 297/745/635
f 288/725/614 297/745/635 296/746/635
f 289/747/616 290/748/636 297/749/637
f 290/748/636 298/750/638 297/749/637
f 290/728/639 283/716/640 291/751/625
f 290/728/639 291/751/625 298/752/638
f 271/753/641 273/754/641 272/755/641
f 271/753/641 274/756/641 273/754/641
f 270/757/641 274/756/641 271/753/641
f 270/757/641 267/758/641 274/756/641
f 269/759/641 267/758/641 270/757/641
f 267/758/641 269/759/641 268/760/641
f 295/761/642 296/762/642 297/763/642
f 295/761/642 297/763/642 298/764/642
f 295/761/642 298/764/642 291/765/642
f 294/766/642 295/761/642 291/765/642
f 294/766/642 291/765/642 292/767/642
f 292/767/642 293/768/642 294/766/642
f 299/769/643 300/770/644 307/771/645
f 300/770/644 308/772/646 307/771/645
f 300/773/647 301/774/647 309/775/648
f 300/773/647 309/775/648 308/776/649
f 301/777/650 302/778/651 310/779/652
f 301/777/650 310/779/652 309/780/653
f 302/778/651 303/781/654 311/782/655
f 302/778/651 311/782/655 310/779/656
f 303/783/654 304/784/657 311/785/658
f 304/784/657 312/786/659 311/785/658
f 304/787/660 305/788/660 313/789/661
f 304/787/660 313/789/661 312/790/662
f 305/791/663 306/792/664 314/793/665
f 305/791/663 314/793/665 313/794/666
f 306/795/664 299/769/643 314/796/667
f 299/769/643 307/771/668 314/796/667
f 307/771/669 308/772/646 316/797/670
f 307/771/669 316/797/670 315/798/671
f 308/776/649 309/775/648 317/799/672
f 308/776/649 317/799/672 316/800/673
f 309/780/653 310/779/674 317/801/675
f 310/779/674 318/802/676 317/801/675
f 310/779/677 311/782/678 318/802/679
f 311/782/678 319/803/680 318/802/679
f 311/782/681 312/804/659 320/805/682
f 311/782/683 320/805/682 319/803/684
f 312/790/662 313/789/661 321/806/685
f 312/790/662 321/806/685 320/807/686
f 313/808/666 314/796/687 321/809/688
f 314/796/689 322/810/690 321/809/688
f 314/796/691 307/771/692 315/798/693
f 314/796/691 315/798/693 322/810/694
f 315/811/695 316/812/670 324/813/696
f 315/811/695 324/813/696 323/814/697
f 316/800/673 317/799/672 325/815/698
f 316/800/673 325/815/698 324/816/698
f 317/817/675 318/818/699 325/819/700
f 318/818/699 326/820/701 325/819/700
f 318/802/702 319/803/703 326/821/701
f 319/803/703 327/822/704 326/821/701
f 319/823/705 320/824/682 328/825/706
f 319/823/705 328/825/706 327/826/704
f 320/807/686 321/806/685 329/827/707
f 320/807/686 329/827/707 328/828/707
f 321/829/688 322/830/708 329/831/709
f 322/830/708 330/832/710 329/831/709
f 322/810/711 315/798/712 323/833/697
f 322/810/711 323/833/697 330/834/710
f 303/835/1 305/836/1 304/837/1
f 303/835/1 306/838/1 305/836/1
f 302/839/1 306/838/1 303/835/1
f 302/839/1 299/840/1 306/838/1
f 302/839/1 300/841/1 299/840/1
f 300/841/1 302/839/1 301/842/1
f 327/843/74 328/844/74 329/845/74
f 327/843/74 329/845/74 330/846/74
f 326/847/74 327/843/74 330/846/74
f 326/847/74 330/846/74 323/848/74
f 325/849/74 326/847/74 323/848/74
f 323/848/74 324/850/74 325/849/74
f 331/851/713 332/852/714 339/853/715
f 332/852/714 340/854/716 339/853/715
f 332/855/717 333/856/717 341/857/718
f 332/855/717 341/857/718 340/858/719
f 333/859/720 334/860/721 342/861/722
f 333/859/720 342/861/722 341/862/723
f 334/863/721 335/864/724 343/865/725
f 334/863/721 343/865/725 342/866/726
f 335/867/724 336/868/727 343/869/728
f 336/868/727 344/870/729 343/869/728
f 336/871/730 337/872/730 345/873/731
f 336/871/730 345/873/731 344/874/732
f 337/875/733 338/876/734 346/877/735
f 337/875/733 346/877/735 345/878/736
f 338/879/734 331/880/713 346/881/737
f 331/880/713 339/882/738 346/881/737
f 339/882/739 340/883/716 348/884/740
f 339/882/739 348/884/740 347/885/741
f 340/858/719 341/857/718 349/886/742
f 340/858/719 349/886/742 348/887/743
f 341/888/723 342/866/744 349/889/745
f 342/866/744 350/890/746 349/889/745
f 342/866/747 343/865/748 350/890/746
f 343/865/748 351/891/749 350/890/746
f 343/865/750 344/892/729 352/893/751
f 343/865/752 352/893/751 351/891/753
f 344/874/732 345/873/731 353/894/754
f 344/874/732 353/894/754 352/895/755
f 345/896/736 346/881/756 353/897/757
f 346/881/758 354/898/759 353/897/757
f 346/881/760 339/882/761 347/885/741
f 346/881/760 347/885/741 354/898/762
f 347/885/741 348/884/740 356/899/763
f 347/885/741 356/899/763 355/900/764
f 348/887/743 349/886/742 356/901/765
f 349/886/742 357/902/766 356/901/765
f 349/889/745 350/890/746 357/903/767
f 350/890/746 358/904/768 357/903/767
f 350/890/746 351/891/769 358/904/768
f 351/891/769 359/905/770 358/904/768
f 351/906/771 352/907/751 360/908/772
f 351/906/773 360/908/772 359/909/774
f 352/895/755 353/894/754 361/910/775
f 352/895/755 361/910/775 360/911/775
f 353/912/757 354/913/776 361/914/777
f 354/913/778 362/915/779 361/914/777
f 354/898/780 347/885/741 355/900/764
f 354/898/780 355/900/764 362/916/781
f 336/917/782 338/918/782 337/919/782
f 335/920/782 338/918/782 336/917/782
f 334/921/782 338/918/782 335/920/782
f 334/921/782 331/922/782 338/918/782
f 333/923/782 331/922/782 334/921/782
f 331/922/782 333/923/782 332/924/782
f 363/925/783 355/926/784 356/927/785
f 363/928/786 356/901/765 357/902/766
f 363/929/787 357/930/788 358/931/789
f 363/929/787 358/931/789 359/932/790
f 363/933/791 359/934/790 360/935/792
f 363/933/793 360/935/792 361/936/794
f 363/933/795 361/936/794 362/937/796
f 363/925/783 362/938/796 355/926/784
f 364/939/797 365/940/798 372/941/799
f 365/940/798 373/942/800 372/941/799
f 365/943/801 366/944/801 373/945/802
f 366/944/801 374/946/803 373/945/802
f 366/947/804 367/948/805 375/949/806
f 366/947/804 375/949/806 374/950/807
f 367/948/805 368/951/808 376/952/809
f 367/948/805 376/952/809 375/949/810
f 368/953/808 369/954/811 376/955/812
f 369/954/811 377/956/813 376/955/812
f 369/957/814 370/958/814 378/959/815
f 369/957/814 378/959/815 377/960/816
f 370/961/817 371/962/818 379/963/819
f 370/961/817 379/963/819 378/964/820
f 371/965/818 364/939/797 379/966/821
f 364/939/797 372/941/822 379/966/821
f 372/941/823 373/942/800 381/967/824
f 372/941/823 381/967/824 380/968/825
f 373/945/802 374/946/803 382/969/826
f 373/945/802 382/969/826 381/970/827
f 374/950/807 375/949/828 382/971/829
f 375/949/828 383/972/830 382/971/829
f 375/949/831 376/952/832 383/972/833
f 376/952/832 384/973/834 383/972/833
f 376/952/835 377/974/813 385/975/836
f 376/952/837 385/975/836 384/973/838
f 377/960/816 378/959/815 386/976/839
f 377/960/816 386/976/839 385/977/840
f 378/978/820 379/966/841 386/979/842
f 379/966/843 387/980/844 386/979/842
f 379/966/845 372/941/846 380/968/847
f 379/966/845 380/968/847 387/980/848
f 380/981/849 381/982/824 389/983/850
f 380/981/849 389/983/850 388/984/851
f 381/970/827 382/969/826 389/985/852
f 382/969/826 390/986/852 389/985/852
f 382/987/829 383/988/853 390/989/854
f 383/988/853 391/990/855 390/989/854
f 383/972/856 384/973/857 391/991/855
f 384/973/857 392/992/858 391/991/855
f 384/993/859 385/994/836 393/995/860
f 384/993/859 393/995/860 392/996/858
f 385/977/840 386/976/839 393/997/861
f 386/976/839 394/998/861 393/997/861
f 386/999/842 387/1000/862 394/1001/863
f 387/1000/862 395/1002/864 394/1001/863
f 387/980/865 380/968/866 388/1003/851
f 387/980/865 388/1003/851 395/1004/864
f 369/1005/867 371/1006/867 370/1007/867
f 368/1008/867 371/1006/867 369/1005/867
f 367/1009/867 371/1006/867 368/1008/867
f 367/1009/867 364/1010/867 371/1006/867
f 366/1011/867 364/1010/867 367/1009/867
f 364/1010/867 366/1011/867 365/1012/867
f 392/1013/868 393/1014/868 394/1015/868
f 392/1013/868 394/1015/868 395/1016/868
f 392/1013/868 395/1016/868 388/1017/868
f 391/1018/868 392/1013/868 388/1017/868
f 390/1019/868 391/1018/868 388/1017/868
f 388/1017/868 389/1020/868 390/1019/868
f 396/1021/869 397/1022/870 404/1023/871
f 397/1022/870 405/1024/872 404/1023/871
f 397/1025/873 398/1026/873 405/1027/874
f 398/1026/873 406/1028/875 405/1027/874
f 398/1029/876 399/1030/877 407/1031/878
f 398/1029/876 407/1031/878 406/1032/879
f 399/1030/877 400/1033/880 408/1034/881
f 399/1030/877 408/1034/881 407/1031/882
f 400/1035/880 401/1036/883 408/1037/884
f 401/1036/883 409/1038/885 408/1037/884
f 401/1039/886 402/1040/886 410/1041/887
f 401/1039/886 410/1041/887 409/1042/888
f 402/1043/889 403/1044/890 411/1045/891
f 402/1043/889 411/1045/891 410/1046/892
f 403/1047/890 396/1021/869 411/1048/893
f 396/1021/869 404/1023/894 411/1048/893
f 404/1023/895 405/1024/872 413/1049/896
f 404/1023/895 413/1049/896 412/1050/897
f 405/1027/874 406/1028/875 414/1051/898
f 405/1027/874 414/1051/898 413/1052/899
f 406/1032/879 407/1031/900 414/1053/901
f 407/1031/900 415/1054/902 414/1053/901
f 407/1031/903 408/1034/904 415/1054/905
f 408/1034/904 416/1055/906 415/1054/905
f 408/1034/907 409/1056/885 417/1057/908
f 408/1034/909 417/1057/908 416/1055/910
f 409/1042/888 410/1041/887 418/1058/911
f 409/1042/888 418/1058/911 417/1059/912
f 410/1060/892 411/1048/913 418/1061/914
f 411/1048/915 419/1062/916 418/1061/914
f 411/1048/917 404/1023/918 412/1050/919
f 411/1048/917 412/1050/919 419/1062/920
f 412/1063/921 413/1064/896 421/1065/922
f 412/1063/921 421/1065/922 420/1066/923
f 413/1052/899 414/1051/898 421/1067/924
f 414/1051/898 422/1068/924 421/1067/924
f 414/1069/901 415/1070/925 422/1071/926
f 415/1070/925 423/1072/927 422/1071/926
f 415/1054/928 416/1055/929 423/1073/927
f 416/1055/929 424/1074/930 423/1073/927
f 416/1075/931 417/1076/908 425/1077/932
f 416/1075/931 425/1077/932 424/1078/930
f 417/1059/912 418/1058/911 425/1079/933
f 418/1058/911 426/1080/933 425/1079/933
f 418/1081/914 419/1082/934 426/1083/935
f 419/1082/934 427/1084/936 426/1083/935
f 419/1062/937 412/1050/938 420/1085/923
f 419/1062/937 420/1085/923 427/1086/936
f 401/1087/939 403/1088/939 402/1089/939
f 400/1090/939 403/1088/939 401/1087/939
f 400/1090/939 396/1091/939 403/1088/939
f 399/1092/939 396/1091/939 400/1090/939
f 398/1093/939 396/1091/939 399/1092/939
f 396/1091/939 398/1093/939 397/1094/939
f 425/1095/940 426/1096/940 427/1097/940
f 424/1098/940 425/1095/940 427/1097/940
f 423/1099/940 424/1098/940 427/1097/940
f 423/1099/940 427/1097/940 420/1100/940
f 423/1099/940 420/1100/940 421/1101/940
f 421/1101/940 422/1102/940 423/1099/940
f 428/1103/941 429/1104/942 436/1105/943
f 429/1104/942 437/1106/944 436/1105/943
f 429/1107/945 430/1108/945 437/1109/946
f 430/1108/945 438/1110/947 437/1109/946
f 430/1111/948 431/1112/949 439/1113/950
f 430/1111/948 439/1113/950 438/1114/951
f 431/1115/949 432/1116/952 440/1117/953
f 431/1115/949 440/1117/953 439/1118/954
f 432/1119/952 433/1120/955 440/1121/956
f 433/1120/955 441/1122/957 440/1121/956
f 433/1123/958 434/1124/958 442/1125/959
f 433/1123/958 442/1125/959 441/1126/960
f 434/1127/961 435/1128/962 443/1129/963
f 434/1127/961 443/1129/963 442/1130/964
f 435/1131/962 428/1132/941 443/1133/965
f 428/1132/941 436/1134/966 443/1133/965
f 436/1134/967 437/1135/944 445/1136/968
f 436/1134/967 445/1136/968 444/1137/969
f 437/1109/946 438/1110/947 446/1138/970
f 437/1109/946 446/1138/970 445/1139/971
f 438/1140/951 439/1118/972 446/1141/973
f 439/1118/972 447/1142/974 446/1141/973
f 439/1118/975 440/1117/976 447/1142/974
f 440/1117/976 448/1143/977 447/1142/974
f 440/1117/978 441/1144/957 449/1145/979
f 440/1117/980 449/1145/979 448/1143/981
f 441/1126/960 442/1125/959 449/1146/982
f 442/1125/959 450/1147/983 449/1146/982
f 442/1148/964 443/1133/984 450/1149/985
f 443/1133/986 451/1150/987 450/1149/985
f 443/1133/988 436/1134/989 444/1137/969
f 443/1133/988 444/1137/969 451/1150/990
f 444/1137/969 445/1136/968 453/1151/991
f 444/1137/969 453/1151/991 452/1152/992
f 445/1139/971 446/1138/970 454/1153/993
f 445/1139/971 454/1153/993 453/1154/994
f 446/1141/973 447/1142/974 454/1155/995
f 447/1142/974 455/1156/996 454/1155/995
f 447/1142/974 448/1143/997 455/1156/996
f 448/1143/997 456/1157/998 455/1156/996
f 448/1158/999 449/1159/979 457/1160/1000
f 448/1158/1001 457/1160/1000 456/1161/1002
f 449/1146/982 450/1147/983 458/1162/1003
f 449/1146/982 458/1162/1003 457/1163/1003
f 450/1164/985 451/1165/1004 458/1166/1005
f 451/1165/1006 459/1167/1007 458/1166/1005
f 451/1150/1008 444/1137/969 452/1152/992
f 451/1150/1008 452/1152/992 459/1168/1009
f 433/1169/1010 435/1170/1010 434/1171/1010
f 432/1172/1010 435/1170/1010 433/1169/1010
f 431/1173/1010 435/1170/1010 432/1172/1010
f 431/1173/1010 428/1174/1010 435/1170/1010
f 430/1175/1010 428/1174/1010 431/1173/1010
f 428/1174/1010 430/1175/1010 429/1176/1010
f 460/1177/1011 452/1178/1012 453/1179/1013
f 460/1180/1014 453/1154/994 454/1153/993
f 460/1181/1015 454/1182/1016 455/1183/1017
f 460/1181/1015 455/1183/1017 456/1184/1018
f 460/1185/1019 456/1186/1018 457/1187/1020
f 460/1185/1021 457/1187/1020 458/1188/1022
f 460/1185/1023 458/1188/1022 459/1189/1024
f 460/1177/1011 459/1190/1024 452/1178/1012
f 461/1191/1025 462/1192/1026 469/1193/1027
f 462/1192/1026 470/1194/1028 469/1193/1027
f 462/1195/1029 463/1196/1029 470/1197/1030
f 463/1196/1029 471/1198/1031 470/1197/1030
f 463/1199/1032 464/1200/1033 472/1201/1034
f 463/1199/1032 472/1201/1034 471/1202/1035
f 464/1203/1033 465/1204/1036 473/1205/1037
f 464/1203/1033 473/1205/1037 472/1206/1038
f 465/1207/1036 466/1208/1039 473/1209/1040
f 466/1208/1039 474/1210/1041 473/1209/1040
f 466/1211/1042 467/1212/1042 474/1213/1043
f 467/1212/1042 475/1214/1044 474/1213/1043
f 467/1215/1045 468/1216/1046 476/1217/1047
f 467/1215/1045 476/1217/1047 475/1218/1048
f 468/1219/1046 461/1220/1025 476/1221/1049
f 461/1220/1025 469/1222/1050 476/1221/1049
f 469/1222/1051 470/1223/1028 478/1224/1052
f 469/1222/1051 478/1224/1052 477/1225/1053
f 470/1197/1030 471/1198/1031 478/1226/1054
f 471/1198/1031 479/1227/1055 478/1226/1054
f 471/1228/1035 472/1206/1056 479/1229/1057
f 472/1206/1056 480/1230/1058 479/1229/1057
f 472/1206/1059 473/1205/1060 480/1230/1061
f 473/1205/1060 481/1231/1062 480/1230/1061
f 473/1209/1063 474/1210/1041 482/1232/1064
f 473/1209/1063 482/1232/1064 481/1233/1065
f 474/1213/1043 475/1214/1044 483/1234/1066
f 474/1213/1043 483/1234/1066 482/1235/1067
f 475/1218/1048 476/1217/1068 483/1236/1069
f 476/1217/1068 484/1237/1070 483/1236/1069
f 476/1221/1071 469/1222/1072 477/1225/1073
f 476/1221/1071 477/1225/1073 484/1238/1074
f 477/1239/1075 478/1240/1052 486/1241/1076
f 477/1239/1075 486/1241/1076 485/1242/1077
f 478/1226/1054 479/1227/1055 486/1243/1078
f 479/1227/1055 487/1244/1078 486/1243/1078
f 479/1245/1057 480/1246/1079 487/1247/1080
f 480/1246/1079 488/1248/1081 487/1247/1080
f 480/1230/1082 481/1231/1083 488/1249/1081
f 481/1231/1083 489/1250/1084 488/1249/1081
f 481/1233/1085 482/1232/1064 490/1251/1086
f 481/1233/1085 490/1251/1086 489/1252/1084
f 482/1235/1067 483/1234/1066 490/1253/1087
f 483/1234/1066 491/1254/1087 490/1253/1087
f 483/1236/1069 484/1237/1088 491/1255/1089
f 484/1237/1088 492/1256/1090 491/1255/1089
f 484/1238/1091 477/1225/1092 485/1257/1077
f 484/1238/1091 485/1257/1077 492/1258/1090
f 466/1259/1093 468/1260/1093 467/1261/1093
f 465/1262/1093 468/1260/1093 466/1259/1093
f 465/1262/1093 461/1263/1093 468/1260/1093
f 464/1264/1093 461/1263/1093 465/1262/1093
f 464/1264/1093 462/1265/1093 461/1263/1093
f 462/1265/1093 464/1264/1093 463/1266/1093
f 490/1267/1094 491/1268/1094 492/1269/1094
f 489/1270/1094 490/1267/1094 492/1269/1094
f 489/1270/1094 492/1269/1094 485/1271/1094
f 488/1272/1094 489/1270/1094 485/1271/1094
f 488/1272/1094 485/1271/1094 486/1273/1094
f 486/1273/1094 487/1274/1094 488/1272/1094
f 493/1275/1095 494/1276/1096 501/1277/1097
f 494/1276/1096 502/1278/1098 501/1277/1097
f 494/1279/1099 495/1280/1099 502/1281/1100
f 495/1280/1099 503/1282/1101 502/1281/1100
f 495/1283/1102 496/1284/1103 504/1285/1104
f 495/1283/1102 504/1285/1104 503/1286/1105
f 496/1287/1103 497/1288/1106 505/1289/1107
f 496/1287/1103 505/1289/1107 504/1290/1108
f 497/1291/1106 498/1292/1109 505/1293/1110
f 498/1292/1109 506/1294/1111 505/1293/1110
f 498/1295/1112 499/1296/1112 507/1297/1113
f 498/1295/1112 507/1297/1113 506/1298/1114
f 499/1299/1115 500/1300/1116 508/1301/1117
f 499/1299/1115 508/1301/1117 507/1302/1118
f 500/1303/1116 493/1304/1095 508/1305/1119
f 493/1304/1095 501/1306/1120 508/1305/1119
f 501/1306/1121 502/1307/1098 510/1308/1122
f 501/1306/1121 510/1308/1122 509/1309/1123
f 502/1281/1100 503/1282/1101 511/1310/1124
f 502/1281/1100 511/1310/1124 510/1311/1125
f 503/1312/1105 504/1290/1126 511/1313/1127
f 504/1290/1126 512/1314/1128 511/1313/1127
f 504/1290/1129 505/1289/1130 512/1314/1131
f 505/1289/1130 513/1315/1132 512/1314/1131
f 505/1293/1133 506/1294/1111 514/1316/1134
f 505/1293/1133 514/1316/1134 513/1317/1135
f 506/1298/1114 507/1297/1113 515/1318/1136
f 506/1298/1114 515/1318/1136 514/1319/1137
f 507/1302/1118 508/1301/1138 515/1320/1139
f 508/1301/1138 516/1321/1140 515/1320/1139
f 508/1305/1141 501/1306/1142 509/1309/1143
f 508/1305/1141 509/1309/1143 516/1322/1144
f 509/1323/1145 510/1324/1122 518/1325/1146
f 509/1323/1145 518/1325/1146 517/1326/1147
f 510/1311/1125 511/1310/1124 518/1327/1148
f 511/1310/1124 519/1328/1148 518/1327/1148
f 511/1329/1127 512/1330/1149 519/1331/1150
f 512/1330/1149 520/1332/1151 519/1331/1150
f 512/1314/1152 513/1315/1153 520/1333/1151
f 513/1315/1153 521/1334/1154 520/1333/1151
f 513/1317/1155 514/1316/1134 522/1335/1156
f 513/1317/1155 522/1335/1156 521/1336/1154
f 514/1319/1137 515/1318/1136 523/1337/1157
f 514/1319/1137 523/1337/1157 522/1338/1157
f 515/1320/1139 516/1321/1158 523/1339/1159
f 516/1321/1158 524/1340/1160 523/1339/1159
f 516/1322/1161 509/1309/1162 517/1341/1147
f 516/1322/1161 517/1341/1147 524/1342/1160
f 497/1343/1163 499/1344/1163 498/1345/1163
f 497/1343/1163 500/1346/1163 499/1344/1163
f 496/1347/1163 500/1346/1163 497/1343/1163
f 496/1347/1163 493/1348/1163 500/1346/1163
f 495/1349/1163 493/1348/1163 496/1347/1163
f 493/1348/1163 495/1349/1163 494/1350/1163
f 521/1351/1164 522/1352/1164 523/1353/1164
f 521/1351/1164 523/1353/1164 524/1354/1164
f 520/1355/1164 521/1351/1164 524/1354/1164
f 520/1355/1164 524/1354/1164 517/1356/1164
f 519/1357/1164 520/1355/1164 517/1356/1164
f 517/1356/1164 518/1358/1164 519/1357/1164
f 525/1359/1165 526/1360/1166 533/1361/1167
f 526/1360/1166 534/1362/1166 533/1361/1167
f 526/1363/1168 527/1364/1168 535/1365/1168
f 526/1363/1168 535/1365/1168 534/1366/1168
f 527/1367/1169 528/1368/1170 536/1369/1171
f 527/1367/1169 536/1369/1171 535/1370/1169
f 528/1371/1170 529/1372/1172 537/1373/1173
f 528/1371/1170 537/1373/1173 536/1374/1174
f 529/1375/1172 530/1376/1175 537/1377/1176
f 530/1376/1175 538/1378/1177 537/1377/1178
f 530/1379/1179 531/1380/1179 538/1381/1179
f 531/1380/1179 539/1382/1179 538/1381/1179
f 531/1383/1180 532/1384/1181 540/1385/1182
f 531/1383/1180 540/1385/1183 539/1386/1184
f 532/1387/1181 525/1388/1165 540/1389/1185
f 525/1388/1165 533/1390/1186 540/1389/1185
f 533/1390/1187 534/1391/1188 542/1392/1189
f 533/1390/1187 542/1392/1189 541/1393/1190
f 534/1394/1191 535/1395/1191 543/1396/1192
f 534/1394/1191 543/1396/1192 542/1397/1193
f 535/1398/1194 536/1374/1195 543/1399/1196
f 536/1374/1195 544/1400/1197 543/1399/1196
f 536/1374/1198 537/1373/1199 544/1400/1197
f 537/1373/1199 545/1401/1200 544/1400/1197
f 537/1377/1201 538/1378/1177 546/1402/1202
f 537/1377/1203 546/1402/1202 545/1403/1204
f 538/1404/1205 539/1405/1205 546/1406/1206
f 539/1405/1205 547/1407/1207 546/1406/1206
f 539/1386/1184 540/1385/1208 547/1408/1209
f 540/1385/1210 548/1409/1211 547/1408/1209
f 540/1389/1212 533/1390/1213 541/1393/1190
f 540/1389/1212 541/1393/1190 548/1410/1214
f 541/1393/1190 542/1392/1189 550/1411/1215
f 541/1393/1190 550/1411/1215 549/1412/1216
f 542/1397/1193 543/1396/1192 551/1413/1217
f 542/1397/1193 551/1413/1217 550/1414/1218
f 543/1399/1196 544/1400/1197 551/1415/1219
f 544/1400/1197 552/1416/1220 551/1415/1219
f 544/1400/1197 545/1401/1221 552/1416/1220
f 545/1401/1221 553/1417/1222 552/1416/1220
f 545/1403/1223 546/1402/1202 554/1418/1224
f 545/1403/1204 554/1418/1224 553/1419/1225
f 546/1406/1206 547/1407/1207 554/1420/1226
f 547/1407/1207 555/1421/1226 554/1420/1226
f 547/1408/1209 548/1409/1227 555/1422/1228
f 548/1409/1211 556/1423/1229 555/1422/1228
f 548/1410/1230 541/1393/1190 549/1412/1216
f 548/1410/1230 549/1412/1216 556/1424/1231
f 529/1425/1232 531/1426/1232 530/1427/1232
f 529/1425/1232 532/1428/1232 531/1426/1232
f 528/1429/1232 532/1428/1232 529/1425/1232
f 528/1429/1232 525/1430/1232 532/1428/1232
f 527/1431/1232 525/1430/1232 528/1429/1232
f 525/1430/1232 527/1431/1232 526/1432/1232
f 557/1433/1233 549/1434/1234 550/1435/1235
f 557/1436/1236 550/1414/1218 551/1413/1217
f 557/1437/1237 551/1438/1238 552/1439/1239
f 557/1440/1240 552/1441/1239 553/1442/1241
f 557/1440/1242 553/1442/1241 554/1443/1243
f 557/1440/1244 554/1443/1243 555/1444/1245
f 557/1440/1246 555/1444/1245 556/1445/1247
f 557/1440/1248 556/1445/1247 549/1446/1234
