# mech2 arm R, segment Lower, colour White #F2F2F2
# arm space (origin = shoulder centre, studs); segment pivot [0.0, -3.13, 0.0]
# bbox centre [0.3982, -5.1975, 0.2161] (Roblox recentres on import: place at armCF * CFrame.new(centre))
o Mech2Arm_R_Lower_White
v 0.67000 -3.68000 -0.54000
v 0.67000 -3.68000 0.54000
v 0.55000 -3.68000 0.66000
v -0.55000 -3.68000 0.66000
v -0.67000 -3.68000 0.54000
v -0.67000 -3.68000 -0.54000
v -0.55000 -3.68000 -0.66000
v 0.55000 -3.68000 -0.66000
v 0.79000 -3.80000 -0.66000
v 0.79000 -3.80000 0.66000
v 0.67000 -3.80000 0.78000
v -0.67000 -3.80000 0.78000
v -0.79000 -3.80000 0.66000
v -0.79000 -3.80000 -0.66000
v -0.67000 -3.80000 -0.78000
v 0.67000 -3.80000 -0.78000
v 0.82000 -4.13000 -0.71000
v 0.82000 -4.13000 0.69000
v 0.70000 -4.13000 0.81000
v -0.70000 -4.13000 0.81000
v -0.82000 -4.13000 0.69000
v -0.82000 -4.13000 -0.71000
v -0.70000 -4.13000 -0.83000
v 0.70000 -4.13000 -0.83000
v 0.73000 -5.01000 -0.64000
v 0.73000 -5.01000 0.62000
v 0.61000 -5.01000 0.74000
v -0.61000 -5.01000 0.74000
v -0.73000 -5.01000 0.62000
v -0.73000 -5.01000 -0.64000
v -0.61000 -5.01000 -0.76000
v 0.61000 -5.01000 -0.76000
v 0.61000 -5.13000 -0.52000
v 0.61000 -5.13000 0.50000
v 0.49000 -5.13000 0.62000
v -0.49000 -5.13000 0.62000
v -0.61000 -5.13000 0.50000
v -0.61000 -5.13000 -0.52000
v -0.49000 -5.13000 -0.64000
v 0.49000 -5.13000 -0.64000
v 1.19992 -6.79497 -0.44235
v 1.27907 -6.80995 -0.45578
v 1.38972 -6.87268 -0.30955
v 1.47299 -6.93542 -0.14477
v 1.52581 -6.99816 0.03345
v 1.54603 -7.06089 0.21948
v 1.54291 -7.09500 0.32178
v 1.52719 -7.12363 0.40629
v 1.46913 -7.18637 0.58458
v 1.38057 -7.24911 0.74882
v 1.26465 -7.31184 0.89388
v 1.12535 -7.37458 1.01530
v 0.96736 -7.43732 1.10939
v 0.79595 -7.50005 1.17341
v 0.73715 -7.51503 1.11992
v 0.75743 -7.50005 1.04673
v 0.89271 -7.44255 0.99310
v 1.01736 -7.38504 0.91803
v 1.12803 -7.32753 0.82354
v 1.22172 -7.27002 0.71220
v 1.29590 -7.21251 0.58701
v 1.34856 -7.15500 0.45135
v 1.37827 -7.09749 0.30890
v 1.38425 -7.03998 0.16351
v 1.36632 -6.98247 0.01910
v 1.32496 -6.92496 -0.12041
v 1.26130 -6.86745 -0.25127
v 1.17707 -6.80995 -0.36992
v 1.16982 -6.71912 -0.47368
v 1.27399 -6.73401 -0.51444
v 1.40601 -6.79923 -0.36523
v 1.50911 -6.86445 -0.19158
v 1.57874 -6.92968 0.00088
v 1.61150 -6.99490 0.20567
v 1.61266 -7.03295 0.32804
v 1.59496 -7.06012 0.41368
v 1.52610 -7.12534 0.61026
v 1.42269 -7.19056 0.78879
v 1.28900 -7.25578 0.94334
v 1.13031 -7.32100 1.06894
v 0.95268 -7.38622 1.16173
v 0.76271 -7.45144 1.21909
v 0.69752 -7.46634 1.12924
v 0.71218 -7.45144 1.02309
v 0.84992 -7.39165 0.97463
v 0.97733 -7.33187 0.90331
v 1.09066 -7.27208 0.81124
v 1.18656 -7.21230 0.70114
v 1.26220 -7.15251 0.57624
v 1.31534 -7.09273 0.44024
v 1.34443 -7.03294 0.29716
v 1.34860 -6.97316 0.15120
v 1.32773 -6.91337 0.00669
v 1.28243 -6.85358 -0.13212
v 1.21404 -6.79380 -0.26113
v 1.12459 -6.73401 -0.37653
v 1.16691 -6.62779 -0.47656
v 1.27090 -6.64258 -0.51777
v 1.40379 -6.70744 -0.36877
v 1.50772 -6.77230 -0.19513
v 1.57811 -6.83716 -0.00250
v 1.61151 -6.90202 0.20262
v 1.61297 -6.93987 0.32526
v 1.59546 -6.96688 0.41111
v 1.52690 -7.03175 0.60825
v 1.42361 -7.09661 0.78735
v 1.28987 -7.16147 0.94242
v 1.13099 -7.22633 1.06845
v 0.95305 -7.29119 1.16155
v 0.76271 -7.35606 1.21908
v 0.69752 -7.37084 1.12924
v 0.71218 -7.35605 1.02309
v 0.85020 -7.29660 0.97451
v 0.97784 -7.23714 0.90297
v 1.09132 -7.17769 0.81061
v 1.18728 -7.11823 0.70015
v 1.26287 -7.05877 0.57487
v 1.31586 -6.99932 0.43849
v 1.34467 -6.93986 0.29503
v 1.34845 -6.88040 0.14876
v 1.32710 -6.82095 0.00401
v 1.28123 -6.76149 -0.13493
v 1.21222 -6.70203 -0.26395
v 1.12210 -6.64258 -0.37922
v 1.16089 -6.44007 -0.48244
v 1.26450 -6.45462 -0.52455
v 1.39917 -6.51875 -0.37602
v 1.50482 -6.58287 -0.20242
v 1.57678 -6.64699 -0.00943
v 1.61150 -6.71112 0.19636
v 1.61360 -6.74855 0.31954
v 1.59646 -6.77524 0.40582
v 1.52854 -6.83937 0.60412
v 1.42549 -6.90349 0.78437
v 1.29165 -6.96762 0.94050
v 1.13238 -7.03174 1.06742
v 0.95382 -7.09586 1.16118
v 0.76271 -7.15999 1.21907
v 0.69752 -7.17454 1.12924
v 0.71218 -7.15999 1.02309
v 0.85077 -7.10121 0.97425
v 0.97888 -7.04243 0.90227
v 1.09267 -6.98365 0.80930
v 1.18875 -6.92487 0.69812
v 1.26425 -6.86609 0.57205
v 1.31691 -6.80730 0.43487
v 1.34515 -6.74852 0.29067
v 1.34814 -6.68974 0.14376
v 1.32578 -6.63096 -0.00148
v 1.27874 -6.57218 -0.14069
v 1.20843 -6.51340 -0.26971
v 1.11694 -6.45462 -0.38471
v 1.15483 -6.25235 -0.48826
v 1.25805 -6.26667 -0.53129
v 1.39450 -6.33006 -0.38324
v 1.50187 -6.39344 -0.20968
v 1.57540 -6.45683 -0.01636
v 1.61146 -6.52022 0.19010
v 1.61420 -6.55722 0.31382
v 1.59745 -6.58360 0.40052
v 1.53015 -6.64699 0.59997
v 1.42736 -6.71037 0.78138
v 1.29344 -6.77376 0.93858
v 1.13377 -6.83715 1.06640
v 0.95459 -6.90053 1.16080
v 0.76270 -6.96392 1.21907
v 0.69752 -6.97824 1.12924
v 0.71218 -6.96392 1.02309
v 0.85134 -6.90581 0.97399
v 0.97991 -6.84771 0.90156
v 1.09402 -6.78961 0.80798
v 1.19022 -6.73150 0.69608
v 1.26562 -6.67340 0.56923
v 1.31794 -6.61529 0.43125
v 1.34561 -6.55719 0.28630
v 1.34779 -6.49909 0.13875
v 1.32442 -6.44098 -0.00695
v 1.27620 -6.38288 -0.14642
v 1.20459 -6.32477 -0.27545
v 1.11174 -6.26667 -0.39015
v 1.14870 -6.06462 -0.49403
v 1.25153 -6.07872 -0.53796
v 1.38976 -6.14137 -0.39041
v 1.49887 -6.20402 -0.21693
v 1.57398 -6.26666 -0.02328
v 1.61138 -6.32931 0.18383
v 1.61477 -6.36590 0.30810
v 1.59840 -6.39196 0.39521
v 1.53175 -6.45461 0.59582
v 1.42923 -6.51726 0.77839
v 1.29522 -6.57990 0.93666
v 1.13516 -6.64255 1.06537
v 0.95536 -6.70520 1.16043
v 0.76270 -6.76785 1.21906
v 0.69752 -6.78195 1.12924
v 0.71218 -6.76785 1.02309
v 0.85191 -6.71042 0.97373
v 0.98095 -6.65299 0.90085
v 1.09536 -6.59557 0.80667
v 1.19168 -6.53814 0.69404
v 1.26697 -6.48071 0.56640
v 1.31895 -6.42328 0.42763
v 1.34604 -6.36586 0.28193
v 1.34741 -6.30843 0.13375
v 1.32303 -6.25100 -0.01243
v 1.27363 -6.19357 -0.15214
v 1.20071 -6.13615 -0.28115
v 1.10649 -6.07872 -0.39554
v 1.14253 -5.87690 -0.49975
v 1.24496 -5.89077 -0.54458
v 1.38497 -5.95268 -0.39755
v 1.49581 -6.01459 -0.22415
v 1.57251 -6.07650 -0.03019
v 1.61127 -6.13841 0.17757
v 1.61531 -6.17457 0.30237
v 1.59933 -6.20032 0.38991
v 1.53334 -6.26223 0.59167
v 1.43108 -6.32414 0.77540
v 1.29699 -6.38605 0.93474
v 1.13655 -6.44796 1.06434
v 0.95613 -6.50986 1.16006
v 0.76270 -6.57177 1.21905
v 0.69752 -6.58565 1.12924
v 0.71218 -6.57177 1.02309
v 0.85248 -6.51502 0.97347
v 0.98198 -6.45827 0.90014
v 1.09670 -6.40152 0.80535
v 1.19313 -6.34477 0.69200
v 1.26832 -6.28802 0.56357
v 1.31995 -6.23127 0.42400
v 1.34645 -6.17452 0.27756
v 1.34701 -6.11777 0.12875
v 1.32160 -6.06102 -0.01789
v 1.27101 -6.00427 -0.15784
v 1.19678 -5.94752 -0.28682
v 1.10120 -5.89077 -0.40089
v 1.13631 -5.68918 -0.50541
v 1.23833 -5.70283 -0.55114
v 1.38012 -5.76400 -0.40465
v 1.49271 -5.82517 -0.23135
v 1.57100 -5.88634 -0.03709
v 1.61112 -5.94751 0.17131
v 1.61582 -5.98325 0.29664
v 1.60024 -6.00868 0.38460
v 1.53490 -6.06985 0.58750
v 1.43293 -6.13102 0.77239
v 1.29876 -6.19219 0.93281
v 1.13794 -6.25336 1.06331
v 0.95690 -6.31453 1.15968
v 0.76270 -6.37570 1.21904
v 0.69752 -6.38935 1.12924
v 0.71218 -6.37570 1.02309
v 0.85306 -6.31963 0.97321
v 0.98301 -6.26355 0.89943
v 1.09804 -6.20748 0.80402
v 1.19458 -6.15141 0.68995
v 1.26966 -6.09533 0.56074
v 1.32094 -6.03926 0.42037
v 1.34684 -5.98319 0.27319
v 1.34657 -5.92712 0.12375
v 1.32013 -5.87104 -0.02334
v 1.26834 -5.81497 -0.16352
v 1.19281 -5.75890 -0.29246
v 1.09585 -5.70283 -0.40619
v 1.13004 -5.50145 -0.51102
v 1.23164 -5.51488 -0.55764
v 1.37522 -5.57531 -0.41171
v 1.48955 -5.63574 -0.23853
v 1.56945 -5.69617 -0.04398
v 1.61094 -5.75661 0.16505
v 1.61630 -5.79192 0.29091
v 1.60112 -5.81704 0.37928
v 1.53646 -5.87747 0.58333
v 1.43477 -5.93790 0.76939
v 1.30052 -5.99833 0.93087
v 1.13932 -6.05876 1.06228
v 0.95767 -6.11919 1.15931
v 0.76269 -6.17962 1.21903
v 0.69752 -6.19305 1.12924
v 0.71218 -6.17962 1.02309
v 0.85363 -6.12423 0.97295
v 0.98405 -6.06883 0.89871
v 1.09938 -6.01344 0.80270
v 1.19603 -5.95804 0.68790
v 1.27098 -5.90265 0.55789
v 1.32191 -5.84725 0.41673
v 1.34721 -5.79186 0.26881
v 1.34611 -5.73646 0.11875
v 1.31863 -5.68107 -0.02878
v 1.26564 -5.62567 -0.16918
v 1.18878 -5.57028 -0.29807
v 1.09046 -5.51488 -0.41144
v 1.12372 -5.31373 -0.51657
v 1.22483 -5.32735 -0.56400
v 1.37402 -5.39086 -0.41326
v 1.49174 -5.45438 -0.23336
v 1.57230 -5.51789 -0.03091
v 1.61138 -5.58140 0.18641
v 1.61385 -5.61860 0.31720
v 1.59604 -5.64492 0.40811
v 1.52313 -5.70843 0.61758
v 1.41106 -5.77195 0.80655
v 1.26505 -5.83546 0.96788
v 1.09154 -5.89897 1.09567
v 0.89798 -5.96249 1.18550
v 0.69247 -6.02600 1.23451
v 0.63359 -6.03962 1.14056
v 0.65547 -6.02600 1.03566
v 0.80512 -5.96778 0.99335
v 0.94455 -5.90956 0.92448
v 1.06910 -5.85134 0.83136
v 1.17461 -5.79312 0.71711
v 1.25753 -5.73490 0.58555
v 1.31509 -5.67667 0.44108
v 1.34538 -5.61845 0.28855
v 1.34736 -5.56023 0.13304
v 1.32098 -5.50201 -0.02022
v 1.26712 -5.44379 -0.16610
v 1.18758 -5.38557 -0.29974
v 1.08502 -5.32735 -0.41664
v 1.11735 -5.12601 -0.52207
v 1.21794 -5.13998 -0.57029
v 1.37460 -5.20839 -0.41223
v 1.49639 -5.27680 -0.22233
v 1.57685 -5.34521 -0.00830
v 1.61122 -5.41362 0.22084
v 1.60873 -5.45380 0.35849
v 1.58662 -5.48204 0.45280
v 1.50055 -5.55045 0.66910
v 1.37246 -5.61886 0.86083
v 1.20876 -5.68727 1.02006
v 1.01731 -5.75568 1.14043
v 0.80702 -5.82409 1.21743
v 0.58748 -5.89250 1.24852
v 0.53836 -5.90648 1.14923
v 0.57068 -5.89250 1.04706
v 0.73129 -5.82979 1.01793
v 0.88338 -5.76708 0.95863
v 1.02133 -5.70437 0.87135
v 1.14005 -5.64166 0.75931
v 1.23517 -5.57895 0.62665
v 1.30317 -5.51624 0.47825
v 1.34155 -5.45353 0.31958
v 1.34889 -5.39082 0.15651
v 1.32492 -5.32811 -0.00496
v 1.27053 -5.26540 -0.15887
v 1.18771 -5.20269 -0.29955
v 1.07954 -5.13998 -0.42180
v 1.11093 -4.93828 -0.52750
v 1.21100 -4.95258 -0.57652
v 1.37519 -5.02589 -0.41120
v 1.50093 -5.09921 -0.21125
v 1.58093 -5.17252 0.01439
v 1.61001 -5.24583 0.25525
v 1.60208 -5.28900 0.39957
v 1.57537 -5.31915 0.49707
v 1.47538 -5.39246 0.71939
v 1.33063 -5.46578 0.91265
v 1.14893 -5.53909 1.06812
v 0.93971 -5.61241 1.17905
v 0.71355 -5.68572 1.24098
v 0.48164 -5.75904 1.25191
v 0.44274 -5.77333 1.14827
v 0.48516 -5.75904 1.04987
v 0.65553 -5.69183 1.03565
v 0.81961 -5.62463 0.98762
v 0.97076 -5.55742 0.90773
v 1.10286 -5.49022 0.79921
v 1.21058 -5.42301 0.66645
v 1.28955 -5.35581 0.51482
v 1.33658 -5.28860 0.35046
v 1.34976 -5.22140 0.18000
v 1.32858 -5.15419 0.01036
v 1.27387 -5.08699 -0.15161
v 1.18785 -5.01978 -0.29936
v 1.07401 -4.95258 -0.42691
v 1.16488 -4.78803 -0.47856
v 1.26839 -4.80248 -0.51974
v 1.42061 -4.87733 -0.34033
v 1.53092 -4.95217 -0.12885
v 1.59261 -5.02701 0.10491
v 1.60124 -5.10185 0.34976
v 1.58063 -5.14594 0.49434
v 1.54525 -5.17669 0.59001
v 1.42487 -5.25153 0.80476
v 1.26167 -5.32637 0.98592
v 1.06444 -5.40121 1.12527
v 0.84350 -5.47605 1.21679
v 0.61012 -5.55090 1.25692
v 0.37599 -5.62574 1.24471
v 0.34770 -5.64019 1.13771
v 0.39980 -5.62574 1.04407
v 0.57243 -5.55713 1.04691
v 0.74207 -5.48853 1.01480
v 0.90173 -5.41992 0.94908
v 1.04481 -5.35132 0.85244
v 1.16541 -5.28271 0.72889
v 1.25856 -5.21411 0.58352
v 1.32041 -5.14551 0.42233
v 1.34841 -5.07690 0.25196
v 1.34141 -5.00830 0.07945
v 1.29969 -4.93969 -0.08809
v 1.22498 -4.87109 -0.24374
v 1.12036 -4.80248 -0.38108
v 1.21738 -4.63952 -0.42279
v 1.32387 -4.65416 -0.45551
v 1.46079 -4.72975 -0.26517
v 1.55368 -4.80534 -0.04639
v 1.59670 -4.88094 0.19065
v 1.58634 -4.95653 0.43457
v 1.55478 -5.00105 0.57660
v 1.51229 -5.03212 0.66897
v 1.37634 -5.10771 0.87317
v 1.20052 -5.18330 1.04088
v 0.99415 -5.25889 1.16465
v 0.76784 -5.33448 1.23929
v 0.53298 -5.41007 1.26214
v 0.30116 -5.48566 1.23309
v 0.28064 -5.50031 1.12433
v 0.33935 -5.48566 1.03468
v 0.51071 -5.41637 1.04993
v 0.68164 -5.34708 1.03037
v 0.84513 -5.27779 0.97678
v 0.99448 -5.20849 0.89137
v 1.12356 -5.13920 0.77764
v 1.22711 -5.06991 0.64024
v 1.30086 -5.00062 0.48481
v 1.34181 -4.93133 0.31771
v 1.34827 -4.86204 0.14579
v 1.31998 -4.79275 -0.02391
v 1.25809 -4.72345 -0.18444
v 1.16515 -4.65416 -0.32922
v 1.26522 -4.49100 -0.36298
v 1.37415 -4.50612 -0.38711
v 1.49004 -4.57947 -0.19953
v 1.56556 -4.65282 0.01084
v 1.59626 -4.72617 0.23529
v 1.57956 -4.79952 0.46425
v 1.54738 -4.84258 0.59673
v 1.50557 -4.87288 0.68318
v 1.37583 -4.94623 0.87386
v 1.21103 -5.01958 1.03206
v 1.01894 -5.09293 1.15161
v 0.80834 -5.16628 1.22809
v 0.58865 -5.23963 1.25905
v 0.36948 -5.31298 1.24405
v 0.34188 -5.32810 1.13675
v 0.39456 -5.31298 1.04344
v 0.55622 -5.24574 1.04814
v 0.71584 -5.17850 1.02214
v 0.86764 -5.11126 0.96638
v 1.00614 -5.04403 0.88288
v 1.12631 -4.97679 0.77466
v 1.22382 -4.90955 0.64563
v 1.29512 -4.84231 0.50048
v 1.33764 -4.77507 0.34445
v 1.34983 -4.70784 0.18318
v 1.33127 -4.64060 0.02253
v 1.28261 -4.57336 -0.13170
v 1.20562 -4.50612 -0.27392
v 1.30808 -4.34248 -0.29950
v 1.41878 -4.35814 -0.31488
v 1.51483 -4.42924 -0.13206
v 1.57434 -4.50034 0.06864
v 1.59400 -4.57144 0.27989
v 1.57197 -4.64254 0.49374
v 1.53960 -4.68412 0.61670
v 1.49865 -4.71364 0.69729
v 1.37531 -4.78474 0.87454
v 1.22143 -4.85584 1.02311
v 1.04339 -4.92694 1.13793
v 0.84838 -4.99804 1.21532
v 0.64408 -5.06914 1.25306
v 0.43839 -5.14023 1.25052
v 0.40380 -5.15590 1.14512
v 0.45023 -5.14023 1.04854
v 0.60156 -5.07506 1.04391
v 0.74966 -5.00989 1.01251
v 0.88984 -4.94471 0.95533
v 1.01766 -4.87954 0.87419
v 1.12905 -4.81436 0.77166
v 1.22049 -4.74919 0.65100
v 1.28907 -4.68401 0.51603
v 1.33261 -4.61884 0.37103
v 1.34975 -4.55367 0.22061
v 1.33993 -4.48849 0.06954
v 1.30346 -4.42332 -0.07740
v 1.24150 -4.35814 -0.21554
v 1.34569 -4.19396 -0.23278
v 1.45747 -4.21024 -0.23929
v 1.53505 -4.27907 -0.06308
v 1.58001 -4.34791 0.12683
v 1.58994 -4.41674 0.32435
v 1.56357 -4.48558 0.52301
v 1.53143 -4.52565 0.63653
v 1.49154 -4.55441 0.71130
v 1.37480 -4.62324 0.87523
v 1.23172 -4.69208 1.01404
v 1.06749 -4.76091 1.12364
v 0.88790 -4.82975 1.20100
v 0.69914 -4.89858 1.24419
v 0.50758 -4.96742 1.25246
v 0.46613 -4.98369 1.14940
v 0.50612 -4.96742 1.04998
v 0.64661 -4.90432 1.03726
v 0.78305 -4.84122 1.00149
v 0.91171 -4.77812 0.94364
v 1.02902 -4.71502 0.86531
v 1.13177 -4.65193 0.76866
v 1.21711 -4.58883 0.65634
v 1.28271 -4.52573 0.53146
v 1.32675 -4.46263 0.39745
v 1.34802 -4.39953 0.25800
v 1.34593 -4.33644 0.11696
v 1.32055 -4.27334 -0.02180
v 1.27257 -4.21024 -0.15445
v 1.37781 -4.04545 -0.16325
v 1.48999 -4.06243 -0.16082
v 1.55062 -4.12898 0.00712
v 1.58255 -4.19553 0.18525
v 1.58410 -4.26209 0.36863
v 1.55439 -4.32864 0.55205
v 1.52288 -4.36718 0.65619
v 1.48422 -4.39519 0.72521
v 1.37429 -4.46174 0.87592
v 1.24190 -4.52829 1.00484
v 1.09122 -4.59485 1.10874
v 0.92684 -4.66140 1.18515
v 0.75366 -4.72795 1.23246
v 0.57676 -4.79450 1.24987
v 0.52861 -4.81149 1.14957
v 0.56198 -4.79450 1.04774
v 0.69123 -4.73350 1.02821
v 0.81597 -4.67249 0.98909
v 0.93323 -4.61148 0.93131
v 1.04024 -4.55048 0.85623
v 1.13447 -4.48947 0.76563
v 1.21370 -4.42847 0.66166
v 1.27605 -4.36746 0.54676
v 1.32005 -4.30645 0.42366
v 1.34464 -4.24545 0.29528
v 1.34926 -4.18444 0.16464
v 1.33380 -4.12344 0.03483
v 1.29861 -4.06243 -0.09107
v 1.40422 -3.89693 -0.09136
v 1.51613 -3.91474 -0.07997
v 1.56146 -3.97899 0.07822
v 1.58196 -4.04323 0.24373
v 1.57647 -4.10748 0.41264
v 1.54443 -4.17173 0.58083
v 1.51396 -4.20872 0.67569
v 1.47671 -4.23598 0.73901
v 1.37378 -4.30023 0.87661
v 1.25198 -4.36448 0.99552
v 1.11457 -4.42873 1.09323
v 0.96514 -4.49298 1.16781
v 0.80752 -4.55723 1.21790
v 0.64563 -4.62147 1.24277
v 0.59097 -4.63928 1.14563
v 0.61757 -4.62147 1.04183
v 0.73531 -4.56258 1.01678
v 0.84834 -4.50368 0.97535
v 0.95437 -4.44479 0.91836
v 1.05130 -4.38589 0.84697
v 1.13717 -4.32700 0.76260
v 1.21025 -4.26811 0.66695
v 1.26909 -4.20921 0.56193
v 1.31251 -4.15032 0.44965
v 1.33963 -4.09142 0.33237
v 1.34991 -4.03253 0.21243
v 1.34314 -3.97363 0.09224
v 1.31946 -3.91474 -0.02579
v 1.42475 -3.74841 -0.01757
v 1.53573 -3.76719 0.00272
v 1.56754 -3.82911 0.14990
v 1.57825 -3.89103 0.30211
v 1.56708 -3.95295 0.45631
v 1.53370 -4.01487 0.60934
v 1.50467 -4.05025 0.69502
v 1.46900 -4.07678 0.75270
v 1.37328 -4.13870 0.87730
v 1.26194 -4.20062 0.98608
v 1.13751 -4.26254 1.07715
v 1.00275 -4.32446 1.14901
v 0.86055 -4.38638 1.20057
v 0.71392 -4.44830 1.23120
v 0.65293 -4.46708 1.13761
v 0.67265 -4.44830 1.03228
v 0.77872 -4.39154 1.00300
v 0.88011 -4.33478 0.96027
v 0.97514 -4.27802 0.90480
v 1.06220 -4.22126 0.83752
v 1.13984 -4.16450 0.75955
v 1.20676 -4.10774 0.67221
v 1.26184 -4.05098 0.57696
v 1.30415 -3.99423 0.47539
v 1.33299 -3.93747 0.36920
v 1.34787 -3.88071 0.26018
v 1.34854 -3.82395 0.15015
v 1.33499 -3.76719 0.04096
v 1.43927 -3.59989 0.05763
v 1.54869 -3.61983 0.08676
v 1.56884 -3.67939 0.22184
v 1.57143 -3.73894 0.36022
v 1.55595 -3.79850 0.49958
v 1.52220 -3.85805 0.63755
v 1.49501 -3.89178 0.71416
v 1.46109 -3.91761 0.76629
v 1.37277 -3.97716 0.87799
v 1.27179 -4.03671 0.97653
v 1.16006 -4.09627 1.06049
v 1.03962 -4.15582 1.12877
v 0.91263 -4.21538 1.18052
v 0.78132 -4.27493 1.21521
v 0.71424 -4.29487 1.12553
v 0.72699 -4.27493 1.01913
v 0.82132 -4.22034 0.98693
v 0.91124 -4.16575 0.94390
v 0.99549 -4.11116 0.89064
v 1.07294 -4.05657 0.82789
v 1.14250 -4.00197 0.75650
v 1.20323 -3.94738 0.67745
v 1.25429 -3.89279 0.59184
v 1.29498 -3.83820 0.50085
v 1.32473 -3.78361 0.40571
v 1.34314 -3.72902 0.30775
v 1.34996 -3.67442 0.20830
v 1.34509 -3.61983 0.10874
v 1.44929 -3.50499 0.16331
v 1.55542 -3.52510 0.20446
v 1.56239 -3.57760 0.32388
v 1.55572 -3.63009 0.44490
v 1.53514 -3.68259 0.56594
v 1.50057 -3.73509 0.68539
v 1.47519 -3.76442 0.75082
v 1.44300 -3.78758 0.79585
v 1.36258 -3.84008 0.89098
v 1.27282 -3.89257 0.97568
v 1.17502 -3.94507 1.04907
v 1.07057 -3.99756 1.11043
v 0.96094 -4.05006 1.15918
v 0.84760 -4.10255 1.19496
v 0.77461 -4.12267 1.10944
v 0.78034 -4.10255 1.00244
v 0.86101 -4.05443 0.96953
v 0.93788 -4.00631 0.92853
v 1.01015 -3.95819 0.87989
v 1.07706 -3.91007 0.82410
v 1.13792 -3.86195 0.76175
v 1.19207 -3.81383 0.69350
v 1.23895 -3.76571 0.62007
v 1.27806 -3.71759 0.54223
v 1.30901 -3.66947 0.46079
v 1.33145 -3.62135 0.37661
v 1.34516 -3.57322 0.29057
v 1.34999 -3.52510 0.20359
v 1.44711 -3.41838 0.27400
v 1.54860 -3.43849 0.32733
v 1.54541 -3.48321 0.42951
v 1.53217 -3.52792 0.53222
v 1.50874 -3.57264 0.63444
v 1.47511 -3.61735 0.73518
v 1.45238 -3.64186 0.78938
v 1.42233 -3.66207 0.82726
v 1.35067 -3.70678 0.90568
v 1.27252 -3.75149 0.97622
v 1.18873 -3.79621 1.03836
v 1.10019 -3.84092 1.09167
v 1.00780 -3.88564 1.13581
v 0.91250 -3.93035 1.17054
v 0.83380 -3.95046 1.08943
v 0.83248 -3.93035 0.98228
v 0.89945 -3.88936 0.95029
v 0.96338 -3.84837 0.91259
v 1.02377 -3.80739 0.86945
v 1.08017 -3.76640 0.82121
v 1.13214 -3.72541 0.76824
v 1.17930 -3.68442 0.71093
v 1.22128 -3.64343 0.64973
v 1.25776 -3.60245 0.58510
v 1.28846 -3.56146 0.51753
v 1.31316 -3.52047 0.44754
v 1.33165 -3.47948 0.37567
v 1.34380 -3.43849 0.30246
v 1.43207 -3.33177 0.38369
v 1.52784 -3.35189 0.44874
v 1.51820 -3.38882 0.53307
v 1.50159 -3.42575 0.61739
v 1.47795 -3.46268 0.70113
v 1.44726 -3.49962 0.78369
v 1.42805 -3.51930 0.82700
v 1.40061 -3.53655 0.85794
v 1.33852 -3.57348 0.92020
v 1.27227 -3.61041 0.97681
v 1.20235 -3.64735 1.02751
v 1.12927 -3.68428 1.07207
v 1.05358 -3.72121 1.11031
v 0.97580 -3.75815 1.14210
v 0.89154 -3.77826 1.06556
v 0.88319 -3.75815 0.95873
v 0.93688 -3.72429 0.92914
v 0.98830 -3.69044 0.89575
v 1.03717 -3.65658 0.85874
v 1.08326 -3.62273 0.81831
v 1.12631 -3.58887 0.77466
v 1.16610 -3.55502 0.72803
v 1.20242 -3.52116 0.67864
v 1.23510 -3.48731 0.62677
v 1.26395 -3.45345 0.57268
v 1.28882 -3.41960 0.51664
v 1.30959 -3.38574 0.45896
v 1.32615 -3.35189 0.39994
v 1.40437 -3.24516 0.49089
v 1.49359 -3.26528 0.56726
v 1.48118 -3.29443 0.63367
v 1.46432 -3.32358 0.69994
v 1.44297 -3.35273 0.76577
v 1.41712 -3.38188 0.83084
v 1.40223 -3.39674 0.86362
v 1.37783 -3.41103 0.88784
v 1.32615 -3.44018 0.93453
v 1.27209 -3.46933 0.97748
v 1.21591 -3.49849 1.01658
v 1.15788 -3.52764 1.05173
v 1.09827 -3.55679 1.08286
v 1.03735 -3.58594 1.10990
v 0.94759 -3.60605 1.03795
v 0.93223 -3.58594 0.93190
v 0.97318 -3.55922 0.90611
v 1.01260 -3.53250 0.87804
v 1.05036 -3.50577 0.84777
v 1.08633 -3.47905 0.81540
v 1.12040 -3.45233 0.78103
v 1.15247 -3.42561 0.74478
v 1.18241 -3.39889 0.70677
v 1.21015 -3.37216 0.66711
v 1.23558 -3.34544 0.62594
v 1.25863 -3.31872 0.58339
v 1.27922 -3.29200 0.53959
v 1.29728 -3.26528 0.49470
v 1.36438 -3.15855 0.59413
v 1.44668 -3.17867 0.68167
v 1.43503 -3.20004 0.73065
v 1.42085 -3.22141 0.77956
v 1.40414 -3.24278 0.82826
v 1.38488 -3.26415 0.87662
v 1.37496 -3.27418 0.89917
v 1.35401 -3.28552 0.91691
v 1.31360 -3.30689 0.94870
v 1.27207 -3.32826 0.97831
v 1.22956 -3.34963 1.00570
v 1.18616 -3.37100 1.03085
v 1.14200 -3.39237 1.05373
v 1.09718 -3.41374 1.07434
v 1.00171 -3.43385 1.00672
v 0.97941 -3.41374 0.90190
v 1.00828 -3.39415 0.88129
v 1.03627 -3.37456 0.85948
v 1.06332 -3.35497 0.83653
v 1.08939 -3.33538 0.81247
v 1.11444 -3.31579 0.78734
v 1.13841 -3.29620 0.76119
v 1.16127 -3.27661 0.73406
v 1.18298 -3.25702 0.70600
v 1.20350 -3.23743 0.67706
v 1.22280 -3.21784 0.64729
v 1.24083 -3.19826 0.61673
v 1.25758 -3.17867 0.58546
v 1.31266 -3.07194 0.69202
v 1.38879 -3.09206 0.79159
v 1.38103 -3.10565 0.82397
v 1.37213 -3.11923 0.85640
v 1.36209 -3.13282 0.88882
v 1.35090 -3.14641 0.92121
v 1.34630 -3.15162 0.93361
v 1.32910 -3.16000 0.94504
v 1.30092 -3.17359 0.96277
v 1.27241 -3.18718 0.97949
v 1.24362 -3.20077 0.99522
v 1.21457 -3.21435 1.00993
v 1.18529 -3.22794 1.02363
v 1.15582 -3.24153 1.03632
v 1.05365 -3.26164 0.97199
v 1.02451 -3.24153 0.86887
v 1.04208 -3.22907 0.85472
v 1.05926 -3.21662 0.84010
v 1.07605 -3.20416 0.82503
v 1.09244 -3.19171 0.80952
v 1.10840 -3.17925 0.79359
v 1.12394 -3.16679 0.77723
v 1.13904 -3.15434 0.76047
v 1.15369 -3.14188 0.74331
v 1.16788 -3.12943 0.72577
v 1.18160 -3.11697 0.70786
v 1.19484 -3.10451 0.68959
v 1.20759 -3.09206 0.67098
v 1.24989 -2.98534 0.78323
v 1.32500 -3.00545 0.90038
v 1.32328 -3.01126 0.91664
v 1.32129 -3.01706 0.93296
v 1.31901 -3.02287 0.94935
v 1.31646 -3.02868 0.96578
v 1.31628 -3.02906 0.96687
v 1.30283 -3.03448 0.97189
v 1.28842 -3.04029 0.97704
v 1.27401 -3.04610 0.98195
v 1.25960 -3.05190 0.98663
v 1.24519 -3.05771 0.99107
v 1.23079 -3.06352 0.99527
v 1.21640 -3.06933 0.99924
v 1.10320 -3.08944 0.93393
v 1.06734 -3.06933 0.83295
v 1.07449 -3.06400 0.82647
v 1.08156 -3.05868 0.81991
v 1.08855 -3.05336 0.81328
v 1.09547 -3.04803 0.80656
v 1.10231 -3.04271 0.79977
v 1.10907 -3.03739 0.79290
v 1.11576 -3.03206 0.78595
v 1.12237 -3.02674 0.77893
v 1.12889 -3.02142 0.77183
v 1.13534 -3.01609 0.76466
v 1.14170 -3.01077 0.75742
v 1.14798 -3.00545 0.75011
v 1.15993 -2.88000 0.88337
vt 0.13500 0.76898
vt -0.13500 0.76898
vt -0.16500 0.81141
vt 0.16500 0.81141
vt -0.46419 0.53218
vt -0.43133 0.55902
vt -0.46419 0.59927
vt -0.49706 0.57243
vt 0.13750 0.76721
vt -0.13750 0.76721
vt -0.16750 0.80964
vt 0.16750 0.80964
vt 0.43133 0.55902
vt 0.46419 0.53218
vt 0.49706 0.57243
vt 0.46419 0.59927
vt 0.46419 -0.53218
vt 0.43133 -0.55902
vt 0.46419 -0.59927
vt 0.49706 -0.57243
vt -0.43133 -0.55902
vt -0.46419 -0.53218
vt -0.49706 -0.57243
vt -0.46419 -0.59927
vt 0.16500 0.93926
vt -0.16500 0.93926
vt -0.17250 1.02130
vt 0.17750 1.02130
vt 0.07730 0.93051
vt 0.03495 0.93298
vt 0.03971 1.01458
vt 0.08207 1.01211
vt 0.16750 0.94338
vt -0.16750 0.94338
vt -0.17500 1.02561
vt 0.17500 1.02561
vt -0.03495 0.93298
vt -0.07730 0.93051
vt -0.08207 1.01211
vt -0.03971 1.01458
vt 0.17250 1.02130
vt -0.17750 1.02130
vt 0.06667 0.93490
vt 0.02429 0.93688
vt 0.06695 1.01673
vt 0.02457 1.01871
vt 0.16750 0.94708
vt -0.16750 0.94708
vt -0.17500 1.02939
vt 0.17500 1.02939
vt -0.02429 0.93688
vt -0.06667 0.93490
vt -0.06695 1.01673
vt -0.02457 1.01871
vt -0.15500 1.24213
vt 0.16000 1.24213
vt 0.09142 1.23321
vt 0.04907 1.23568
vt -0.15250 1.24605
vt 0.15250 1.24605
vt -0.09142 1.23321
vt -0.04907 1.23568
vt -0.16000 1.24213
vt 0.15500 1.24213
vt 0.07373 1.23773
vt 0.03135 1.23971
vt -0.15250 1.24962
vt 0.15250 1.24962
vt -0.07373 1.23773
vt -0.03135 1.23971
vt 0.16000 0.75660
vt -0.15500 0.75660
vt -0.12500 0.79903
vt 0.13000 0.79903
vt 0.31905 0.42150
vt 0.35191 0.39467
vt 0.38478 0.43492
vt 0.35191 0.46175
vt 0.15250 0.75484
vt -0.15250 0.75484
vt -0.12250 0.79726
vt 0.12250 0.79726
vt -0.35191 0.39467
vt -0.31905 0.42150
vt -0.35191 0.46175
vt -0.38478 0.43492
vt 0.15500 0.75660
vt -0.16000 0.75660
vt -0.13000 0.79903
vt 0.12500 0.79903
vt -0.31996 -0.41703
vt -0.35282 -0.39019
vt -0.38569 -0.43044
vt -0.35282 -0.45728
vt 0.15250 0.75130
vt -0.15250 0.75130
vt -0.12250 0.79373
vt 0.12250 0.79373
vt 0.35282 -0.39019
vt 0.31996 -0.41703
vt 0.35282 -0.45728
vt 0.38569 -0.43044
vt -0.13750 -0.16500
vt -0.16750 0.13500
vt -0.16750 -0.13500
vt 0.13750 -0.16500
vt -0.13750 0.16500
vt 0.13750 0.16500
vt 0.16750 0.13500
vt 0.16750 -0.13500
vt -0.15250 -0.12500
vt -0.12250 -0.15500
vt 0.12250 -0.15500
vt -0.15250 0.13000
vt 0.15250 -0.12500
vt 0.15250 0.13000
vt -0.12250 0.16000
vt 0.12250 0.16000
vt -0.56866 1.26163
vt -0.58775 1.23849
vt -0.58906 1.26247
vt -0.27369 1.70230
vt -0.27014 1.68395
vt -0.29800 1.68840
vt 0.39305 1.20474
vt 0.35620 1.21766
vt 0.36051 1.24064
vt 0.39329 1.18080
vt 0.92190 0.07161
vt 0.89865 0.04212
vt 0.91735 0.03036
vt 0.32266 1.25854
vt 0.89700 -0.00605
vt 0.91834 -0.01425
vt 0.90206 -0.05730
vt 0.92527 -0.06081
vt 0.90828 -0.08792
vt 0.93161 -0.08641
vt 0.91611 -0.10936
vt 0.93933 -0.10756
vt 0.93970 -0.15856
vt 0.96054 -0.15219
vt 0.96961 -0.20324
vt 0.98733 -0.19330
vt 1.00506 -0.24194
vt 1.01911 -0.22962
vt 1.05518 -0.26002
vt 1.04508 -0.27339
vt -0.50653 1.20548
vt -0.50604 1.18656
vt -0.55484 1.20150
vt -0.55862 1.18326
vt -0.60306 1.20253
vt 0.12115 1.87525
vt 0.15984 1.84679
vt 0.11029 1.86311
vt -0.96116 0.96694
vt -0.93308 0.97009
vt -0.94557 0.97963
vt -0.95286 0.95039
vt 0.55398 1.50517
vt 0.55599 1.48950
vt 0.53470 1.50586
vt 0.52899 1.48926
vt -0.42344 1.74298
vt -0.44577 1.71047
vt -0.45671 1.72376
vt -0.41238 1.72952
vt -0.47834 1.68849
vt -0.48900 1.70178
vt -0.51937 1.67731
vt -0.50907 1.66384
vt -0.54693 1.65067
vt -0.53697 1.63687
vt 0.47391 1.69143
vt 0.47121 1.67454
vt 0.43562 1.68944
vt 0.43272 1.67227
vt 0.39690 1.68454
vt 0.39375 1.66695
vt 0.35870 1.67651
vt 0.35533 1.65836
vt 0.32196 1.66525
vt 0.31849 1.64639
vt -0.03830 1.69535
vt -0.04125 1.67642
vt -0.07362 1.68067
vt -0.07665 1.66088
vt -0.10841 1.66304
vt -0.11134 1.64227
vt -0.14171 1.64261
vt -0.14428 1.62075
vt -0.17258 1.61959
vt -0.17446 1.59659
vt -0.17158 1.71294
vt -0.16840 1.69345
vt -0.19056 1.70943
vt -0.19522 1.69018
vt -0.29821 1.66566
vt -0.27035 1.66123
vt -0.12973 1.68274
vt -0.17847 1.67601
vt -0.17953 1.69896
vt -0.12856 1.65988
vt 0.04616 1.69713
vt 0.00086 1.69021
vt -0.00009 1.71325
vt 0.04713 1.67419
vt -0.04910 1.70629
vt -0.04998 1.72942
vt -0.10103 1.72245
vt -0.10181 1.74566
vt -0.13152 1.73190
vt -0.13222 1.75517
vt -0.15229 1.73869
vt -0.15293 1.76200
vt -0.19913 1.75503
vt -0.19963 1.77843
vt 0.15763 1.78012
vt 0.10843 1.77260
vt 0.10789 1.79608
vt 0.15824 1.75672
vt 0.05735 1.78852
vt 0.05690 1.81209
vt 0.00682 1.80449
vt 0.00649 1.82816
vt -0.04138 1.82053
vt -0.04161 1.84428
vt 0.11028 1.83926
vt 0.15994 1.82303
vt 0.29880 1.87048
vt 0.27171 1.84947
vt 0.27095 1.87331
vt 0.29957 1.84667
vt 0.27134 1.87402
vt 0.27110 1.85020
vt 0.24452 1.87054
vt 0.24428 1.84675
vt -0.08692 1.86278
vt -0.08692 1.83894
vt -0.12342 1.84784
vt -0.12350 1.82407
vt -0.15930 1.83290
vt -0.15945 1.80922
vt -0.00013 1.83163
vt -0.00020 1.80795
vt -0.03611 1.81653
vt -0.03625 1.79293
vt -0.07256 1.80146
vt -0.07277 1.77794
vt -0.10840 1.78641
vt -0.10868 1.76297
vt 0.09243 1.78784
vt 0.09207 1.76440
vt 0.05677 1.77288
vt 0.05632 1.74952
vt 0.02030 1.75792
vt 0.01977 1.73465
vt -0.01590 1.74298
vt -0.01649 1.71979
vt -0.05075 1.72804
vt -0.05139 1.70493
vt 0.13834 1.72874
vt 0.13768 1.70564
vt 0.10208 1.71378
vt 0.10132 1.69076
vt 0.06564 1.69881
vt 0.06483 1.67587
vt 0.03012 1.68384
vt 0.02927 1.66098
vt -0.16913 1.67058
vt -0.19596 1.66734
vt -0.29862 1.61891
vt -0.27077 1.61452
vt -0.17628 1.62884
vt -0.12615 1.61289
vt 0.00280 1.64286
vt 0.04911 1.62703
vt -0.04730 1.65876
vt -0.09944 1.67472
vt -0.13007 1.68407
vt -0.15096 1.69078
vt -0.19811 1.70694
vt 0.10954 1.72433
vt 0.15951 1.70864
vt 0.05826 1.74006
vt 0.00751 1.75585
vt -0.04092 1.77170
vt 0.11027 1.79024
vt 0.16014 1.77420
vt 0.27328 1.80047
vt 0.30113 1.79772
vt 0.27061 1.80123
vt 0.24379 1.79784
vt -0.08693 1.78992
vt -0.12366 1.77523
vt -0.15976 1.76054
vt -0.00033 1.75927
vt -0.03655 1.74442
vt -0.07323 1.72960
vt -0.10927 1.71480
vt 0.09133 1.71623
vt 0.05539 1.70152
vt 0.01868 1.68682
vt -0.01771 1.67212
vt 0.17167 1.67284
vt 0.13632 1.65814
vt 0.09978 1.64343
vt 0.06315 1.62871
vt 0.02751 1.61399
vt -0.17063 1.62358
vt -0.19746 1.62038
vt -0.29902 1.57217
vt -0.27117 1.56782
vt -0.17409 1.58168
vt -0.12374 1.56591
vt 0.00473 1.59551
vt 0.05109 1.57986
vt -0.04549 1.61122
vt -0.09784 1.62700
vt -0.12863 1.63624
vt -0.14964 1.64287
vt -0.19709 1.65884
vt 0.11066 1.67605
vt 0.16078 1.66055
vt 0.05917 1.69160
vt 0.00819 1.70720
vt -0.04046 1.72287
vt 0.11026 1.74123
vt 0.16034 1.72537
vt 0.27485 1.75147
vt 0.30270 1.74878
vt 0.27012 1.75226
vt 0.24330 1.74893
vt -0.08693 1.74090
vt -0.12382 1.72638
vt -0.16006 1.71186
vt -0.00046 1.71059
vt -0.03684 1.69591
vt -0.07368 1.68126
vt -0.10985 1.66663
vt 0.09058 1.66806
vt 0.05446 1.65352
vt 0.01759 1.63899
vt -0.01892 1.62446
vt 0.17052 1.62518
vt 0.13495 1.61064
vt 0.09824 1.59610
vt 0.06147 1.58156
vt 0.02575 1.56700
vt -0.17211 1.57657
vt -0.19895 1.57343
vt -0.29939 1.52542
vt -0.27155 1.52111
vt -0.17190 1.53451
vt -0.12133 1.51893
vt 0.00667 1.54816
vt 0.05306 1.53270
vt -0.04369 1.56368
vt -0.09624 1.57927
vt -0.12718 1.58841
vt -0.14830 1.59496
vt -0.19606 1.61074
vt 0.11177 1.62778
vt 0.16205 1.61247
vt 0.06008 1.64314
vt 0.00888 1.65856
vt -0.03999 1.67404
vt 0.11025 1.69221
vt 0.16054 1.67654
vt 0.27643 1.70247
vt 0.30427 1.69983
vt 0.26963 1.70329
vt 0.24281 1.70002
vt -0.08694 1.69188
vt -0.12398 1.67753
vt -0.16037 1.66318
vt -0.00059 1.66191
vt -0.03714 1.64740
vt -0.07413 1.63291
vt -0.11043 1.61846
vt 0.08984 1.61988
vt 0.05354 1.60552
vt 0.01650 1.59115
vt -0.02014 1.57680
vt 0.16936 1.57751
vt 0.13359 1.56315
vt 0.09669 1.54878
vt 0.05979 1.53440
vt 0.02401 1.52001
vt -0.17358 1.52957
vt -0.20042 1.52648
vt -0.29975 1.47868
vt -0.27192 1.47441
vt -0.16970 1.48734
vt -0.11892 1.47194
vt 0.00860 1.50081
vt 0.05502 1.48554
vt -0.04189 1.51614
vt -0.09464 1.53155
vt -0.12573 1.54058
vt -0.14697 1.54705
vt -0.19503 1.56265
vt 0.11288 1.57951
vt 0.16331 1.56438
vt 0.06099 1.59468
vt 0.00957 1.60991
vt -0.03953 1.62520
vt 0.11024 1.64319
vt 0.16074 1.62770
vt 0.27800 1.65346
vt 0.30584 1.65089
vt 0.26914 1.65432
vt 0.24232 1.65111
vt -0.08694 1.64286
vt -0.12414 1.62868
vt -0.16068 1.61450
vt -0.00072 1.61323
vt -0.03744 1.59889
vt -0.07458 1.58457
vt -0.11101 1.57028
vt 0.08909 1.57171
vt 0.05261 1.55751
vt 0.01541 1.54332
vt -0.02135 1.52913
vt 0.16821 1.52985
vt 0.13222 1.51565
vt 0.09515 1.50145
vt 0.05812 1.48724
vt 0.02226 1.47302
vt -0.17503 1.48257
vt -0.20187 1.47952
vt -0.30009 1.43193
vt -0.27227 1.42770
vt -0.16750 1.44017
vt -0.11651 1.42496
vt 0.01052 1.45346
vt 0.05697 1.43838
vt -0.04008 1.46861
vt -0.09303 1.48382
vt -0.12428 1.49275
vt -0.14564 1.49914
vt -0.19401 1.51455
vt 0.11399 1.53124
vt 0.16458 1.51630
vt 0.06190 1.54622
vt 0.01026 1.56126
vt -0.03907 1.57637
vt 0.11023 1.59417
vt 0.16094 1.57887
vt 0.27957 1.60446
vt 0.30740 1.60194
vt 0.26865 1.60536
vt 0.24184 1.60219
vt -0.08695 1.59385
vt -0.12431 1.57983
vt -0.16098 1.56582
vt -0.00085 1.56455
vt -0.03773 1.55038
vt -0.07503 1.53623
vt -0.11159 1.52211
vt 0.08835 1.52354
vt 0.05168 1.50951
vt 0.01433 1.49549
vt -0.02256 1.48147
vt 0.16705 1.48218
vt 0.13085 1.46816
vt 0.09360 1.45412
vt 0.05644 1.44008
vt 0.02053 1.42604
vt -0.17647 1.43557
vt -0.20331 1.43256
vt -0.30041 1.38518
vt -0.27260 1.38100
vt -0.16530 1.39300
vt -0.11410 1.37798
vt 0.01244 1.40611
vt 0.05891 1.39122
vt -0.03828 1.42107
vt -0.09143 1.43610
vt -0.12283 1.44492
vt -0.14430 1.45123
vt -0.19297 1.46645
vt 0.11510 1.48296
vt 0.16584 1.46821
vt 0.06282 1.49776
vt 0.01094 1.51262
vt -0.03860 1.52754
vt 0.11022 1.54515
vt 0.16114 1.53003
vt 0.28114 1.55546
vt 0.30897 1.55300
vt 0.26817 1.55639
vt 0.24135 1.55328
vt -0.08695 1.54483
vt -0.12447 1.53098
vt -0.16129 1.51714
vt -0.00098 1.51587
vt -0.03803 1.50186
vt -0.07548 1.48789
vt -0.11217 1.47394
vt 0.08760 1.47537
vt 0.05075 1.46151
vt 0.01324 1.44765
vt -0.02377 1.43380
vt 0.16589 1.43452
vt 0.12948 1.42066
vt 0.09206 1.40680
vt 0.05478 1.39293
vt 0.01880 1.37905
vt -0.17789 1.38857
vt -0.20472 1.38561
vt -0.30069 1.33854
vt -0.27292 1.33429
vt -0.16474 1.34689
vt -0.11170 1.33110
vt 0.01113 1.36077
vt 0.05938 1.34511
vt -0.04157 1.37650
vt -0.09670 1.39230
vt -0.12924 1.40160
vt -0.15126 1.40821
vt -0.20103 1.42422
vt 0.10460 1.44141
vt 0.15770 1.42589
vt 0.05022 1.45698
vt -0.00323 1.47261
vt 0.19748 1.47497
vt 0.14506 1.49086
vt 0.09224 1.50675
vt 0.30302 1.51369
vt 0.27527 1.51629
vt 0.24621 1.51402
vt 0.27299 1.51706
vt -0.07252 1.50642
vt -0.11135 1.49187
vt -0.14988 1.47732
vt 0.01053 1.47610
vt -0.02750 1.46138
vt -0.06632 1.44668
vt -0.10462 1.43202
vt 0.09496 1.43343
vt 0.05704 1.41887
vt 0.01819 1.40430
vt -0.02028 1.38975
vt 0.16929 1.39046
vt 0.13170 1.37590
vt 0.09293 1.36133
vt 0.05429 1.34675
vt 0.01707 1.33216
vt -0.17929 1.34167
vt -0.20612 1.33865
vt -0.30094 1.29193
vt -0.27321 1.28758
vt -0.16495 1.30127
vt -0.10930 1.28426
vt 0.00829 1.31637
vt 0.05915 1.29949
vt -0.04728 1.33332
vt -0.10521 1.35036
vt -0.13929 1.36041
vt -0.16203 1.36751
vt -0.21308 1.38477
vt 0.14489 1.38629
vt 0.08842 1.40303
vt 0.03124 1.41983
vt -0.02414 1.43670
vt 0.17673 1.43915
vt 0.12104 1.45627
vt 0.06594 1.47338
vt 0.03075 1.34036
vt 0.03301 1.29799
vt 0.00377 1.33484
vt 0.00549 1.29393
vt 0.25190 1.47933
vt 0.54778 1.35584
vt 0.55060 1.31497
vt 0.52378 1.31640
vt -0.09190 1.45737
vt -0.05152 1.47305
vt -0.13267 1.44170
vt -0.01196 1.42470
vt 0.02720 1.44057
vt -0.05256 1.40887
vt -0.09309 1.39306
vt 0.10599 1.39445
vt 0.06669 1.37876
vt 0.02601 1.36307
vt -0.01454 1.34739
vt 0.17481 1.34811
vt -0.05708 1.37520
vt -0.05346 1.33172
vt 0.13560 1.33243
vt 0.09495 1.31673
vt 0.05437 1.30103
vt 0.01535 1.28532
vt -0.18068 1.29481
vt -0.20751 1.29170
vt -0.30117 1.24532
vt -0.27350 1.24087
vt -0.16516 1.25565
vt -0.10689 1.23742
vt 0.00545 1.27196
vt 0.05892 1.25387
vt -0.05300 1.29014
vt -0.11367 1.30841
vt -0.14925 1.31922
vt -0.17263 1.32681
vt -0.22476 1.34532
vt 0.13182 1.34670
vt 0.07210 1.36466
vt 0.01234 1.38269
vt -0.04459 1.40081
vt 0.15555 1.40334
vt 0.09694 1.42168
vt 0.04007 1.44001
vt 0.03273 1.25551
vt 0.00495 1.25296
vt 0.52440 1.27677
vt 0.55128 1.27404
vt -0.07254 1.42288
vt -0.03104 1.43968
vt -0.11525 1.40608
vt 0.00337 1.38803
vt -0.15744 1.38929
vt -0.03879 1.37106
vt -0.08143 1.35411
vt 0.11679 1.35547
vt -0.13206 1.37729
vt -0.12282 1.33720
vt 0.07626 1.33865
vt 0.03383 1.32184
vt -0.00877 1.30504
vt -0.04982 1.28824
vt 0.13949 1.28895
vt 0.09698 1.27213
vt 0.05445 1.25530
vt 0.01364 1.23847
vt -0.18205 1.24794
vt -0.20887 1.24474
vt -0.28246 1.20252
vt -0.31020 1.20687
vt -0.12701 1.19986
vt 0.08916 1.19822
vt 0.03998 1.21664
vt -0.01588 1.23515
vt -0.07578 1.25374
vt -0.13682 1.27243
vt -0.17207 1.28349
vt -0.19474 1.29125
vt 0.16718 1.29301
vt 0.10808 1.31131
vt 0.04715 1.32967
vt -0.01258 1.34812
vt 0.18907 1.35053
vt 0.12990 1.36926
vt 0.07089 1.38798
vt 0.01490 1.40669
vt 0.02999 1.21309
vt 0.00221 1.21207
vt 0.52306 1.23720
vt 0.54973 1.23320
vt -0.05196 1.38920
vt -0.01128 1.40635
vt -0.09471 1.37205
vt -0.13778 1.35491
vt -0.01908 1.33641
vt 0.02268 1.35375
vt -0.06214 1.31910
vt -0.10471 1.30182
vt 0.05222 1.28607
vt 0.09444 1.30324
vt 0.00906 1.26891
vt -0.03326 1.25176
vt 0.11412 1.23531
vt 0.15655 1.25248
vt 0.07098 1.21814
vt 0.02889 1.20096
vt -0.20328 1.20775
vt -0.17646 1.21091
vt -0.29044 1.16448
vt -0.31809 1.16872
vt -0.11092 1.19881
vt -0.13200 1.16165
vt -0.16981 1.21730
vt 0.07156 1.16103
vt 0.02014 1.17968
vt -0.03700 1.19840
vt -0.09715 1.21722
vt -0.15737 1.23613
vt -0.19166 1.24732
vt -0.21329 1.25517
vt 0.14770 1.25672
vt 0.08765 1.27522
vt 0.02680 1.29380
vt -0.03185 1.31246
vt 0.16961 1.31496
vt 0.11018 1.33387
vt 0.05187 1.35277
vt -0.00252 1.37167
vt 0.02887 1.17363
vt 0.00124 1.17375
vt 0.51830 1.19957
vt 0.54467 1.19471
vt -0.03710 1.35401
vt 0.00229 1.37134
vt -0.07916 1.33669
vt -0.12217 1.31937
vt -0.00332 1.30077
vt -0.16437 1.30206
vt -0.04595 1.28328
vt -0.08876 1.26581
vt 0.06842 1.24985
vt -0.12999 1.24839
vt 0.02555 1.23252
vt -0.01714 1.21520
vt 0.13084 1.19858
vt 0.17237 1.21591
vt 0.08792 1.18124
vt 0.04535 1.16389
vt -0.19597 1.17118
vt -0.16931 1.17431
vt -0.29696 1.12637
vt -0.32437 1.13058
vt 0.05309 1.12393
vt 0.00299 1.14205
vt -0.05153 1.16025
vt -0.10818 1.17853
vt -0.16450 1.19690
vt -0.19639 1.20772
vt -0.21658 1.21537
vt 0.08765 1.23485
vt 0.14423 1.21688
vt 0.03044 1.25289
vt -0.02492 1.27100
vt 0.12068 1.29182
vt 0.17641 1.27347
vt 0.06554 1.31016
vt 0.01335 1.32850
vt 0.42608 1.26079
vt 0.40171 1.22031
vt 0.39881 1.26600
vt 0.42900 1.21438
vt 0.07488 1.27243
vt 0.07777 1.22674
vt 0.04945 1.26407
vt 0.05200 1.21877
vt -0.01010 1.32816
vt -0.04802 1.31135
vt -0.08792 1.29455
vt -0.12834 1.27774
vt 0.03185 1.27663
vt -0.00670 1.25964
vt -0.04682 1.24267
vt -0.08706 1.22573
vt -0.12596 1.20882
vt 0.07252 1.21028
vt 0.03232 1.19346
vt -0.00797 1.17665
vt 0.18106 1.17736
vt -0.05793 1.19788
vt -0.04690 1.15984
vt 0.14260 1.16055
vt 0.10248 1.14373
vt 0.06215 1.12689
vt -0.18728 1.13456
vt -0.16096 1.13774
vt -0.30199 1.08819
vt -0.38582 1.05226
vt -0.36955 1.00588
vt -0.39688 1.01110
vt 0.03384 1.08685
vt -0.01447 1.10445
vt -0.06611 1.12211
vt -0.11914 1.13985
vt -0.17154 1.15766
vt -0.20108 1.16812
vt -0.21983 1.17558
vt 0.16684 1.20947
vt 0.16217 1.16982
vt 0.14075 1.17704
vt 0.08765 1.19448
vt 0.03408 1.21197
vt -0.01793 1.22953
vt 0.13116 1.24976
vt 0.18316 1.23197
vt 0.07933 1.26754
vt 0.02965 1.28531
vt 0.40366 1.17456
vt 0.43086 1.16790
vt 0.07966 1.18099
vt 0.05367 1.17341
vt -0.02288 1.28498
vt -0.05911 1.26868
vt -0.09670 1.25239
vt -0.13448 1.23610
vt 0.02625 1.23497
vt -0.01009 1.21850
vt -0.04769 1.20206
vt -0.08536 1.18564
vt -0.12191 1.16926
vt 0.07660 1.17071
vt 0.03909 1.15440
vt 0.00128 1.13810
vt -0.03563 1.12181
vt 0.15421 1.12253
vt 0.11701 1.10622
vt 0.07917 1.08991
vt -0.17727 1.09789
vt -0.15146 1.10113
vt -0.37873 0.96521
vt -0.40656 0.96957
vt 0.01393 1.04981
vt -0.03217 1.06687
vt -0.08068 1.08399
vt -0.13001 1.10118
vt -0.17852 1.11844
vt -0.20571 1.12852
vt 0.13724 1.13721
vt 0.15746 1.13016
vt 0.08766 1.15411
vt 0.03773 1.17105
vt -0.01090 1.18805
vt 0.14160 1.20768
vt 0.18987 1.19046
vt 0.09321 1.22490
vt 0.04628 1.24211
vt 0.40464 1.12878
vt 0.43163 1.12138
vt 0.08056 1.13520
vt 0.05446 1.12802
vt -0.03602 1.24177
vt -0.07032 1.22600
vt -0.10550 1.21023
vt -0.14060 1.19446
vt 0.02058 1.19329
vt -0.01349 1.17736
vt -0.04856 1.16145
vt -0.08366 1.14556
vt -0.11783 1.12970
vt 0.08066 1.13114
vt 0.04585 1.11535
vt 0.01059 1.09957
vt -0.02415 1.08380
vt 0.16564 1.08451
vt 0.13145 1.06873
vt 0.09630 1.05294
vt -0.16601 1.06117
vt -0.14088 1.06450
vt -0.38662 0.92422
vt -0.41476 0.92775
vt -0.00650 1.01279
vt -0.05003 1.02932
vt -0.09522 1.04590
vt -0.14079 1.06253
vt -0.18541 1.07922
vt -0.21029 1.08892
vt 0.13372 1.09738
vt 0.15271 1.09051
vt 0.08766 1.11373
vt 0.04137 1.13012
vt -0.00383 1.14656
vt 0.15200 1.16559
vt 0.19653 1.14894
vt 0.10714 1.18224
vt 0.06320 1.19888
vt 0.40463 1.08298
vt 0.65069 1.06110
vt 0.64811 1.01466
vt 0.62281 1.02375
vt 0.08048 1.08941
vt 0.05440 1.08262
vt -0.04943 1.19855
vt -0.08162 1.18330
vt -0.11429 1.16805
vt -0.14668 1.15280
vt 0.01485 1.15160
vt -0.01690 1.13621
vt -0.04943 1.12083
vt -0.08196 1.10547
vt -0.11373 1.09014
vt 0.08471 1.09157
vt 0.05259 1.07631
vt 0.01993 1.06105
vt -0.01250 1.04580
vt 0.17685 1.04652
vt -0.05741 1.06803
vt -0.04394 1.03055
vt 0.14572 1.03126
vt 0.11344 1.01600
vt -0.15358 1.02439
vt -0.12928 1.02784
vt -0.39314 0.88297
vt -0.42144 0.88570
vt -0.02732 0.97582
vt -0.06797 0.99180
vt -0.10968 1.00782
vt -0.15144 1.02390
vt -0.19221 1.04002
vt -0.21482 1.04932
vt 0.13018 1.05755
vt 0.14793 1.05086
vt 0.08766 1.07335
vt 0.04502 1.08919
vt 0.00328 1.10506
vt 0.16234 1.12348
vt 0.20313 1.10740
vt 0.12107 1.13955
vt 0.08032 1.15562
vt 0.61908 0.97821
vt 0.64460 0.96823
vt 0.07946 1.04362
vt 0.31333 1.09173
vt 0.33711 1.05263
vt 0.31180 1.04629
vt -0.06308 1.15529
vt -0.09298 1.14057
vt -0.12306 1.12585
vt -0.15273 1.11113
vt 0.00906 1.10990
vt -0.02032 1.09505
vt -0.05030 1.08021
vt -0.08025 1.06539
vt -0.10960 1.05059
vt 0.08873 1.05201
vt 0.05931 1.03728
vt 0.02929 1.02255
vt -0.00072 1.00782
vt -0.03013 0.99310
vt 0.15977 0.99381
vt 0.13047 0.97908
vt 0.02192 0.89100
vt -0.01163 0.85520
vt -0.00452 0.89634
vt 0.01517 0.85086
vt -0.39825 0.84151
vt -0.42654 0.84346
vt -0.04840 0.93890
vt -0.08591 0.95432
vt -0.12402 0.96978
vt -0.16195 0.98528
vt -0.19892 1.00082
vt -0.21930 1.00972
vt 0.12662 1.01773
vt 0.14310 1.01121
vt 0.08767 1.03297
vt 0.04867 1.04824
vt 0.01042 1.06355
vt 0.17260 1.08135
vt -0.02634 1.07889
vt 0.13498 1.09684
vt 0.09757 1.11233
vt 0.61448 0.93272
vt 0.64011 0.92183
vt 0.33522 1.00689
vt 0.30935 1.00087
vt -0.07690 1.11200
vt -0.10436 1.09781
vt -0.13180 1.08362
vt -0.15874 1.06944
vt 0.00323 1.06818
vt -0.02375 1.05388
vt -0.05116 1.03958
vt -0.07855 1.02530
vt -0.10544 1.01104
vt 0.09273 1.01245
vt 0.06600 0.99826
vt 0.03865 0.98406
vt 0.01115 0.96987
vt -0.01604 0.95568
vt 0.17352 0.95639
vt -0.05834 0.97838
vt -0.04246 0.94149
vt -0.01730 0.81382
vt 0.00969 0.81057
vt -0.40189 0.79990
vt -0.43003 0.80113
vt -0.06962 0.90204
vt -0.10376 0.91689
vt -0.13819 0.93177
vt -0.17231 0.94669
vt -0.20553 0.96164
vt -0.22372 0.97012
vt 0.12305 0.97791
vt 0.13825 0.97155
vt 0.08767 0.99259
vt 0.05232 1.00729
vt 0.01758 1.02201
vt -0.01598 1.03677
vt 0.14882 1.05408
vt 0.18277 1.03919
vt 0.11488 1.06898
vt 0.60899 0.88731
vt 0.63461 0.87549
vt 0.33230 0.96120
vt 0.30599 0.95546
vt -0.09082 1.06865
vt -0.11574 1.05501
vt -0.14048 1.04136
vt 0.02933 1.08250
vt 0.02125 1.04020
vt -0.00265 1.02644
vt -0.02719 1.01269
vt -0.05203 0.99895
vt -0.07684 0.98522
vt -0.10127 0.97150
vt 0.09671 0.97291
vt 0.07265 0.95925
vt 0.04799 0.94560
vt 0.02309 0.93194
vt -0.00173 0.91829
vt -0.02612 0.90465
vt 0.00545 0.77019
vt -0.02158 0.77226
vt -0.70903 -0.42796
vt -0.70730 -0.39331
vt -0.73665 -0.42405
vt -0.73497 -0.38680
vt -0.09901 0.87834
vt -0.12886 0.89145
vt -0.15870 0.90459
vt -0.18812 0.91775
vt -0.21671 0.93094
vt -0.23218 0.93832
vt 0.11482 0.94535
vt 0.12847 0.93964
vt 0.08376 0.95829
vt 0.05284 0.97125
vt 0.02245 0.98424
vt -0.00703 0.99724
vt 0.16183 1.01275
vt 0.19139 0.99962
vt 0.13217 1.02588
vt 0.60258 0.84199
vt 0.62818 0.82949
vt 0.32837 0.91558
vt 0.30173 0.91036
vt -0.10480 1.02556
vt -0.12654 1.01353
vt -0.14802 1.00151
vt 0.01410 1.00031
vt -0.00696 0.98818
vt -0.02845 0.97606
vt -0.05017 0.96395
vt -0.07187 0.95185
vt -0.09333 0.93975
vt 0.10429 0.94114
vt -0.12498 0.95780
vt -0.11433 0.92767
vt 0.08353 0.92910
vt 0.06221 0.91706
vt 0.04055 0.90503
vt 0.01877 0.89300
vt -0.00289 0.88096
vt -0.21183 -0.59589
vt -0.23953 -0.56636
vt -0.23717 -0.60186
vt -0.21325 -0.56240
vt -0.70414 -0.35858
vt -0.73156 -0.34942
vt -0.12927 0.85671
vt -0.15453 0.86789
vt -0.17962 0.87909
vt -0.20429 0.89031
vt -0.22826 0.90156
vt -0.24103 0.90772
vt 0.10581 0.91391
vt 0.11783 0.90893
vt 0.07924 0.92494
vt 0.05288 0.93598
vt 0.02698 0.94704
vt 0.00176 0.95812
vt 0.17462 0.97164
vt 0.19972 0.96045
vt 0.14939 0.98283
vt 0.59523 0.79681
vt 0.62075 0.78368
vt 0.32342 0.87006
vt 0.29658 0.86540
vt -0.11877 0.98251
vt -0.13719 0.97227
vt 0.02465 0.97112
vt 0.00702 0.96079
vt -0.01103 0.95046
vt -0.02938 0.94014
vt -0.04787 0.92982
vt -0.06638 0.91951
vt -0.08475 0.90921
vt -0.10285 0.89891
vt 0.09492 0.90032
vt 0.07703 0.89007
vt 0.05879 0.87981
vt 0.04032 0.86956
vt 0.02176 0.85931
vt -0.23848 -0.53135
vt -0.21156 -0.52956
vt -0.69815 -0.32407
vt -0.72505 -0.31235
vt -0.15874 0.83509
vt -0.17938 0.84434
vt -0.19980 0.85361
vt -0.21987 0.86288
vt -0.23942 0.87217
vt -0.24959 0.87713
vt 0.09674 0.88247
vt 0.10707 0.87822
vt 0.07471 0.89159
vt 0.05292 0.90071
vt 0.03151 0.90985
vt 0.01059 0.91900
vt 0.18727 0.93053
vt 0.20796 0.92129
vt 0.16647 0.93977
vt 0.58693 0.75178
vt 0.61231 0.73804
vt 0.31749 0.82465
vt 0.29055 0.82055
vt -0.13266 0.93946
vt -0.14775 0.93100
vt 0.01463 0.92980
vt -0.00012 0.92127
vt -0.01513 0.91274
vt -0.03030 0.90422
vt -0.04558 0.89569
vt -0.06087 0.88718
vt -0.07610 0.87867
vt -0.09119 0.87016
vt 0.10610 0.87154
vt -0.12053 0.88862
vt -0.10606 0.86166
vt 0.07681 0.85460
vt 0.09162 0.86307
vt 0.06175 0.84613
vt 0.04653 0.83767
vt -0.23429 -0.49652
vt -0.20709 -0.49697
vt -0.68927 -0.29010
vt -0.71545 -0.27591
vt -0.18708 0.81350
vt -0.20319 0.82082
vt -0.21912 0.82813
vt -0.23481 0.83546
vt -0.25018 0.84280
vt -0.25786 0.84654
vt 0.08761 0.85104
vt 0.09623 0.84751
vt 0.07018 0.85824
vt 0.05296 0.86544
vt 0.03604 0.87266
vt 0.01947 0.87988
vt 0.19978 0.88942
vt 0.21614 0.88212
vt 0.18336 0.89671
vt 0.57765 0.70694
vt 0.60288 0.69260
vt 0.31058 0.77938
vt 0.28367 0.77583
vt -0.14643 0.89641
vt 0.01604 0.89522
vt 0.00444 0.88849
vt -0.00733 0.88175
vt -0.01923 0.87502
vt -0.03123 0.86829
vt -0.04329 0.86157
vt -0.05536 0.85484
vt -0.06742 0.84812
vt -0.07941 0.84141
vt -0.09130 0.83469
vt 0.09447 0.82939
vt -0.10306 0.82798
vt 0.08285 0.82270
vt 0.07106 0.81602
vt -0.22705 -0.46215
vt -0.19994 -0.46487
vt -0.67748 -0.25699
vt -0.70286 -0.24037
vt -0.21402 0.79194
vt -0.22582 0.79730
vt -0.23753 0.80267
vt -0.24911 0.80805
vt -0.26053 0.81343
vt 0.10463 0.84386
vt 0.08531 0.81680
vt -0.26582 0.81595
vt 0.07844 0.81961
vt 0.06563 0.82489
vt 0.05300 0.83017
vt 0.04058 0.83546
vt 0.02839 0.84076
vt 0.21216 0.84831
vt 0.22426 0.84296
vt 0.20003 0.85365
vt 0.56739 0.66231
vt 0.59255 0.64734
vt 0.30272 0.73426
vt 0.27595 0.73127
vt 0.00275 0.85211
vt -0.00588 0.84717
vt -0.01459 0.84224
vt -0.02335 0.83730
vt -0.03216 0.83237
vt -0.04100 0.82744
vt -0.04985 0.82251
vt -0.05870 0.81758
vt -0.06753 0.81266
vt -0.07633 0.80773
vt -0.08508 0.80281
vt 0.10341 0.79928
vt -0.09376 0.79789
vt 0.09503 0.79438
vt -0.11463 0.82127
vt -0.10237 0.79297
vt -0.21691 -0.42850
vt -0.19024 -0.43351
vt -0.66284 -0.22506
vt -0.68762 -0.20581
vt -0.23951 0.77040
vt -0.24731 0.77381
vt -0.25509 0.77722
vt -0.26283 0.78064
vt -0.27053 0.78406
vt -0.08425 0.84759
vt -0.09664 0.81743
vt -0.09051 0.84983
vt -0.27346 0.78537
vt 0.06924 0.78817
vt 0.07433 0.78610
vt 0.06109 0.79154
vt 0.05304 0.79490
vt 0.04513 0.79827
vt 0.03734 0.80164
vt 0.23632 0.83761
vt 0.24037 0.80039
vt 0.23242 0.80379
vt 0.22449 0.80719
vt 0.21657 0.81059
vt 0.55614 0.61791
vt 0.58158 0.60222
vt 0.29395 0.68932
vt 0.26743 0.68687
vt -0.01076 0.80900
vt -0.01631 0.80586
vt -0.02189 0.80272
vt -0.02748 0.79959
vt -0.03309 0.79645
vt -0.03871 0.79331
vt -0.04433 0.79018
vt -0.04996 0.78705
vt -0.05559 0.78391
vt -0.06121 0.78078
vt -0.06683 0.77765
vt -0.07243 0.77452
vt -0.07801 0.77138
vt -0.20404 -0.39583
vt -0.17816 -0.40311
vt -0.64539 -0.19457
vt -0.67103 -0.17150
vt -0.26454 0.74886
vt -0.26852 0.75032
vt -0.27251 0.75177
vt -0.27651 0.75323
vt -0.28051 0.75469
vt -0.28077 0.75478
vt 0.06002 0.75674
vt 0.16644 0.73984
vt 0.15826 0.70826
vt 0.15459 0.70940
vt 0.05654 0.75819
vt 0.18197 0.75350
vt 0.17488 0.72152
vt 0.17099 0.72280
vt 0.05309 0.75963
vt 0.20218 0.77395
vt 0.19885 0.74045
vt 0.19501 0.74181
vt 0.04968 0.76107
vt 0.21918 0.79143
vt 0.21960 0.75615
vt 0.21580 0.75758
vt 0.24100 0.76463
vt 0.24476 0.76318
vt 0.23725 0.76608
vt 0.23352 0.76753
vt 0.54390 0.57378
vt 0.57105 0.55688
vt 0.28428 0.64456
vt 0.25813 0.64264
vt -0.02443 0.76589
vt -0.02683 0.76455
vt -0.02922 0.76321
vt -0.03162 0.76187
vt -0.03402 0.76053
vt -0.03642 0.75919
vt -0.03882 0.75785
vt -0.04122 0.75651
vt -0.04363 0.75517
vt -0.04603 0.75383
vt -0.04844 0.75249
vt -0.05084 0.75115
vt -0.05325 0.74981
vt -0.18866 -0.36439
vt -0.16391 -0.37388
vt -0.05844 -0.81579
vt -0.04319 -0.80404
vt -0.04811 -0.78544
vt -0.10201 -0.79598
vt -0.08263 -0.76849
vt -0.11437 -0.74640
vt -0.14205 -0.76896
vt -0.14252 -0.71966
vt -0.17728 -0.73540
vt -0.16634 -0.68888
vt -0.20655 -0.69616
vt -0.18522 -0.65478
vt -0.22888 -0.65234
vt -0.19868 -0.61818
vt -0.24354 -0.60514
vt -0.20638 -0.57994
vt -0.24753 -0.58285
vt -0.20815 -0.54100
vt -0.24837 -0.55590
vt -0.24348 -0.50686
vt -0.20396 -0.50230
vt -0.23051 -0.45968
vt -0.19397 -0.46477
vt -0.21003 -0.41572
vt -0.17848 -0.42932
vt -0.18284 -0.37621
vt -0.15792 -0.39678
vt -0.16349 -0.37836
vt -0.62056 -0.15985
vt -0.55168 0.49608
vt -0.60039 0.51709
vt -0.60093 0.51279
vt -0.59978 0.52141
vt -0.59912 0.52574
vt -0.59839 0.53008
vt -0.59834 0.53037
vt 0.30071 0.72529
vt 0.33651 0.76975
vt 0.33988 0.76793
vt 0.33289 0.77166
vt 0.32928 0.77355
vt 0.32567 0.77540
vt 0.32207 0.77722
vt 0.31847 0.77901
vt 0.31487 0.78077
vt 0.52768 0.52050
vt 0.27138 0.59041
vt -0.03022 0.71843
vt -0.16691 -0.32813
vn 0.7071 0.7071 0.0000
vn 0.4082 0.8165 0.4082
vn 0.0000 0.7071 0.7071
vn -0.4082 0.8165 0.4082
vn -0.7071 0.7071 0.0000
vn -0.4082 0.8165 -0.4082
vn 0.0000 0.7071 -0.7071
vn 0.4082 0.8165 -0.4082
vn 0.9959 0.0905 0.0000
vn 0.9998 -0.0208 0.0000
vn 0.9975 -0.0703 0.0000
vn 0.7013 0.1275 0.7013
vn 0.7059 -0.0583 0.7059
vn 0.0000 0.0905 0.9959
vn 0.0000 -0.0074 1.0000
vn 0.0000 -0.0510 0.9987
vn -0.7013 0.1275 0.7013
vn -0.7070 -0.0184 0.7070
vn -0.7044 -0.0876 0.7044
vn -0.9959 0.0905 0.0000
vn -0.9988 -0.0487 0.0000
vn -0.9988 -0.0495 0.0000
vn -0.6969 0.1690 -0.6969
vn -0.7071 -0.0000 -0.7071
vn -0.7048 -0.0809 -0.7048
vn 0.0000 0.1498 -0.9887
vn 0.0000 0.0183 -0.9998
vn 0.0000 -0.0409 -0.9992
vn 0.6969 0.1690 -0.6969
vn 0.7071 -0.0000 -0.7071
vn 0.7048 -0.0809 -0.7048
vn 0.9948 -0.1017 0.0000
vn 0.7013 -0.1275 0.7013
vn 0.0000 -0.0793 0.9969
vn -0.7013 -0.1275 0.7013
vn -0.9948 -0.1017 0.0000
vn -0.7013 -0.1275 -0.7013
vn 0.0000 -0.0793 -0.9969
vn 0.7013 -0.1275 -0.7013
vn 0.7071 -0.7071 0.0000
vn 0.4082 -0.8165 0.4082
vn 0.0000 -0.7071 0.7071
vn -0.4082 -0.8165 0.4082
vn -0.7071 -0.7071 0.0000
vn -0.4082 -0.8165 -0.4082
vn 0.0000 -0.7071 -0.7071
vn 0.4082 -0.8165 -0.4082
vn 0.0000 1.0000 0.0000
vn 0.0000 -1.0000 0.0000
vn -0.3184 -0.5369 -0.7812
vn -0.2430 -0.6032 -0.7597
vn -0.3823 -0.1846 -0.9054
vn -0.3486 -0.3652 -0.8632
vn 0.5170 -0.5444 -0.6605
vn 0.5468 -0.5521 -0.6294
vn 0.5574 -0.5981 -0.5758
vn 0.5318 -0.4952 -0.6870
vn 0.6056 -0.6087 -0.5125
vn 0.6093 -0.6441 -0.4625
vn 0.6442 -0.6561 -0.3930
vn 0.6431 -0.6825 -0.3473
vn 0.6595 -0.6922 -0.2929
vn 0.6548 -0.7091 -0.2616
vn 0.6655 -0.7222 -0.1885
vn 0.6709 -0.7263 -0.1493
vn 0.6813 -0.7303 -0.0506
vn 0.7037 -0.7101 -0.0231
vn 0.7038 -0.7089 0.0466
vn 0.7253 -0.6812 0.0996
vn 0.7048 -0.6812 0.1981
vn 0.7175 -0.6470 0.2581
vn 0.6753 -0.6293 0.3847
vn 0.6901 -0.6236 0.3673
vn 0.6220 -0.6085 0.4928
vn 0.5861 -0.5690 0.5768
vn 0.5260 -0.5667 0.6341
vn 0.4692 -0.5210 0.7130
vn 0.4315 -0.5183 0.7383
vn 0.4189 -0.2367 0.8767
vn 0.3479 -0.2095 0.9138
vn -0.4818 -0.6759 0.5576
vn -0.4916 -0.5320 0.6894
vn -0.4661 -0.7538 0.4632
vn -0.7628 -0.5586 -0.3257
vn -0.7116 -0.6573 -0.2482
vn -0.6696 -0.7172 -0.1932
vn -0.1213 -0.4759 -0.8711
vn -0.2475 -0.2696 -0.9306
vn -0.2291 -0.4694 -0.8528
vn -0.0864 -0.4996 -0.8620
vn -0.1590 -0.4844 -0.8603
vn -0.4068 -0.3005 -0.8627
vn -0.3446 -0.4823 -0.8054
vn -0.3329 -0.4797 -0.8119
vn -0.4395 -0.4879 -0.7542
vn -0.4492 -0.2525 -0.8570
vn -0.5708 -0.2616 -0.7783
vn -0.4861 -0.4720 -0.7355
vn -0.5593 -0.4873 -0.6706
vn -0.6117 -0.2131 -0.7619
vn -0.6934 -0.2644 -0.6703
vn -0.6634 -0.4869 -0.5682
vn -0.6970 -0.4800 -0.5327
vn -0.7960 -0.2671 -0.5432
vn -0.7488 -0.4866 -0.4499
vn -0.7742 -0.4837 -0.4082
vn -0.8757 -0.2696 -0.4006
vn -0.8134 -0.4865 -0.3191
vn -0.8294 -0.4873 -0.2730
vn -0.9301 -0.2721 -0.2468
vn -0.8551 -0.4865 -0.1793
vn -0.8614 -0.4908 -0.1307
vn -0.9577 -0.2745 -0.0861
vn -0.8729 -0.4866 -0.0347
vn -0.9292 -0.3552 -0.1026
vn -0.8693 -0.4941 0.0147
vn -0.9578 -0.2768 0.0770
vn -0.8664 -0.4870 0.1108
vn -0.8529 -0.4972 0.1592
vn -0.9304 -0.2790 0.2376
vn -0.8357 -0.4874 0.2530
vn -0.8128 -0.5002 0.2987
vn -0.8763 -0.2811 0.3912
vn -0.7981 -0.4942 0.3446
vn -0.7863 -0.5135 0.3435
vn -0.7552 -0.5527 -0.3525
vn -0.7614 -0.5132 -0.3961
vn -0.8399 -0.3438 -0.4200
vn -0.8808 -0.1832 -0.4366
vn -0.3726 -0.0449 -0.9269
vn -0.3839 -0.2597 -0.8861
vn -0.3766 -0.0432 -0.9254
vn 0.7469 -0.0032 -0.6649
vn 0.8113 -0.0036 -0.5846
vn 0.8251 -0.0044 -0.5650
vn 0.7436 -0.0024 -0.6686
vn 0.9068 -0.0032 -0.4215
vn 0.9165 -0.0040 -0.4000
vn 0.9699 -0.0028 -0.2435
vn 0.9753 -0.0035 -0.2209
vn 0.9951 -0.0029 -0.0987
vn 0.9968 -0.0036 -0.0795
vn 0.9961 -0.0007 0.0882
vn 0.9934 -0.0006 0.1150
vn 0.9551 0.0017 0.2963
vn 0.9513 0.0013 0.3083
vn 0.9050 0.0011 0.4253
vn 0.8953 0.0005 0.4455
vn 0.8093 0.0009 0.5875
vn 0.7961 0.0004 0.6051
vn 0.6848 0.0007 0.7288
vn 0.6688 0.0004 0.7434
vn 0.5360 0.0005 0.8442
vn 0.5179 0.0003 0.8554
vn 0.3682 0.0003 0.9297
vn 0.3662 -0.0971 0.9255
vn 0.2892 0.0002 0.9573
vn -0.8094 0.0000 0.5873
vn -0.9906 0.0000 -0.1369
vn -0.3319 0.0000 -0.9433
vn -0.3320 -0.0001 -0.9433
vn -0.3460 -0.0938 -0.9335
vn -0.4027 -0.0001 -0.9153
vn -0.3853 -0.0000 -0.9228
vn -0.4880 -0.1587 -0.8583
vn -0.5538 -0.0000 -0.8326
vn -0.5204 -0.0945 -0.8487
vn -0.6222 -0.1606 -0.7662
vn -0.6885 0.0000 -0.7252
vn -0.6572 -0.0968 -0.7475
vn -0.7315 -0.2154 -0.6470
vn -0.8028 0.0000 -0.5963
vn -0.7907 0.0003 -0.6122
vn -0.8547 -0.1703 -0.4903
vn -0.8932 0.0001 -0.4496
vn -0.8839 0.0004 -0.4677
vn -0.9255 -0.1711 -0.3380
vn -0.9571 0.0001 -0.2897
vn -0.9509 0.0005 -0.3094
vn -0.9693 -0.1718 -0.1760
vn -0.9926 0.0001 -0.1211
vn -0.9899 0.0006 -0.1419
vn -0.9950 -0.0994 0.0069
vn -0.9850 -0.1726 -0.0088
vn -0.9987 0.0002 0.0511
vn -0.9996 0.0007 0.0297
vn -0.9794 -0.0986 0.1762
vn -0.9751 0.0002 0.2217
vn -0.9797 0.0007 0.2005
vn -0.9352 -0.0980 0.3404
vn -0.9226 0.0002 0.3858
vn -0.9309 0.0008 0.3654
vn -0.8637 -0.0975 0.4945
vn -0.8427 0.0002 0.5384
vn -0.8545 0.0009 0.5194
vn -0.7891 -0.0001 0.6142
vn -0.7859 -0.0008 0.6184
vn -0.8604 -0.2570 -0.4400
vn -0.9050 -0.0384 -0.4237
vn -0.9068 -0.0401 -0.4196
vn -0.3789 -0.0445 -0.9244
vn -0.3841 -0.0428 -0.9223
vn 0.8012 -0.0031 -0.5984
vn 0.7386 -0.0018 -0.6741
vn 0.8997 -0.0028 -0.4364
vn 0.9659 -0.0025 -0.2588
vn 0.9938 -0.0026 -0.1113
vn 0.9974 -0.0008 0.0719
vn 0.9581 0.0020 0.2866
vn 0.9110 0.0013 0.4124
vn 0.8172 0.0011 0.5764
vn 0.6942 0.0009 0.7198
vn 0.5463 0.0006 0.8376
vn 0.3790 0.0004 0.9254
vn 0.2897 0.0003 0.9571
vn -0.8093 0.0000 0.5873
vn -0.3322 -0.0001 -0.9432
vn -0.4123 -0.0001 -0.9111
vn -0.5630 -0.0001 -0.8264
vn -0.6970 -0.0001 -0.7171
vn -0.8100 -0.0001 -0.5864
vn -0.8989 -0.0001 -0.4381
vn -0.9610 -0.0001 -0.2767
vn -0.9942 -0.0001 -0.1071
vn -0.9978 -0.0001 0.0658
vn -0.9716 -0.0001 0.2366
vn -0.9163 -0.0001 0.4004
vn -0.8337 -0.0001 0.5523
vn -0.7811 -0.0012 0.6244
vn -0.9079 -0.0388 -0.4173
vn -0.9102 -0.0405 -0.4121
vn -0.3869 -0.0445 -0.9210
vn -0.3921 -0.0428 -0.9189
vn 0.7965 -0.0031 -0.6046
vn 0.7331 -0.0018 -0.6801
vn 0.8967 -0.0028 -0.4426
vn 0.9643 -0.0024 -0.2647
vn 0.9932 -0.0026 -0.1167
vn 0.9978 -0.0008 0.0667
vn 0.9594 0.0020 0.2820
vn 0.9127 0.0013 0.4085
vn 0.8191 0.0011 0.5736
vn 0.6960 0.0009 0.7180
vn 0.5479 0.0006 0.8366
vn 0.3800 0.0004 0.9250
vn 0.2902 0.0003 0.9570
vn -0.8093 0.0000 0.5874
vn -0.3326 -0.0001 -0.9431
vn -0.4130 -0.0001 -0.9107
vn -0.5643 -0.0001 -0.8256
vn -0.6985 -0.0001 -0.7156
vn -0.8118 -0.0001 -0.5840
vn -0.9005 -0.0001 -0.4348
vn -0.9622 -0.0001 -0.2725
vn -0.9948 -0.0001 -0.1019
vn -0.9974 -0.0001 0.0716
vn -0.9700 -0.0001 0.2431
vn -0.9134 -0.0001 0.4072
vn -0.8292 -0.0001 0.5590
vn -0.7758 -0.0012 0.6310
vn -0.9116 -0.0388 -0.4092
vn -0.9139 -0.0405 -0.4039
vn -0.3949 -0.0445 -0.9176
vn -0.4001 -0.0428 -0.9155
vn 0.7918 -0.0031 -0.6107
vn 0.7275 -0.0018 -0.6861
vn 0.8936 -0.0028 -0.4489
vn 0.9627 -0.0024 -0.2706
vn 0.9925 -0.0026 -0.1222
vn 0.9981 -0.0008 0.0616
vn 0.9608 0.0020 0.2774
vn 0.9145 0.0013 0.4046
vn 0.8211 0.0011 0.5708
vn 0.6979 0.0009 0.7162
vn 0.5494 0.0006 0.8356
vn 0.3809 0.0004 0.9246
vn 0.2908 0.0003 0.9568
vn -0.3329 -0.0001 -0.9429
vn -0.4136 -0.0001 -0.9104
vn -0.5655 -0.0001 -0.8248
vn -0.7001 -0.0001 -0.7140
vn -0.8135 -0.0001 -0.5816
vn -0.9021 -0.0001 -0.4314
vn -0.9634 -0.0001 -0.2682
vn -0.9953 -0.0001 -0.0968
vn -0.9970 -0.0001 0.0775
vn -0.9684 -0.0001 0.2495
vn -0.9103 -0.0001 0.4139
vn -0.8246 -0.0001 0.5657
vn -0.7704 -0.0012 0.6376
vn -0.9152 -0.0388 -0.4010
vn -0.9175 -0.0405 -0.3958
vn -0.4029 -0.0445 -0.9141
vn -0.4081 -0.0428 -0.9119
vn 0.7871 -0.0031 -0.6168
vn 0.7219 -0.0018 -0.6920
vn 0.8905 -0.0027 -0.4550
vn 0.9610 -0.0024 -0.2765
vn 0.9918 -0.0026 -0.1276
vn 0.9984 -0.0007 0.0564
vn 0.9621 0.0020 0.2728
vn 0.9162 0.0013 0.4008
vn 0.8231 0.0011 0.5679
vn 0.6998 0.0009 0.7143
vn 0.5509 0.0006 0.8346
vn 0.3818 0.0004 0.9242
vn 0.2914 0.0003 0.9566
vn -0.3333 -0.0001 -0.9428
vn -0.4143 -0.0001 -0.9101
vn -0.5667 -0.0001 -0.8239
vn -0.7017 -0.0001 -0.7125
vn -0.8152 -0.0001 -0.5792
vn -0.9037 -0.0001 -0.4281
vn -0.9645 -0.0001 -0.2639
vn -0.9958 -0.0001 -0.0917
vn -0.9965 -0.0001 0.0834
vn -0.9667 -0.0001 0.2559
vn -0.9072 -0.0001 0.4206
vn -0.8200 -0.0001 0.5724
vn -0.7649 -0.0012 0.6441
vn -0.9188 -0.0388 -0.3929
vn -0.9210 -0.0405 -0.3875
vn -0.4109 -0.0445 -0.9106
vn -0.4160 -0.0428 -0.9083
vn 0.7823 -0.0031 -0.6229
vn 0.7163 -0.0017 -0.6978
vn 0.8873 -0.0027 -0.4612
vn 0.9593 -0.0024 -0.2824
vn 0.9911 -0.0026 -0.1331
vn 0.9987 -0.0007 0.0513
vn 0.9634 0.0020 0.2681
vn 0.9179 0.0013 0.3969
vn 0.8250 0.0011 0.5651
vn 0.7017 0.0009 0.7125
vn 0.5524 0.0006 0.8336
vn 0.3828 0.0004 0.9238
vn 0.2920 0.0003 0.9564
vn -0.3336 -0.0001 -0.9427
vn -0.4150 -0.0001 -0.9098
vn -0.5679 -0.0001 -0.8231
vn -0.7033 -0.0001 -0.7109
vn -0.8169 -0.0001 -0.5768
vn -0.9053 -0.0001 -0.4248
vn -0.9657 -0.0001 -0.2597
vn -0.9963 -0.0001 -0.0865
vn -0.9960 -0.0001 0.0893
vn -0.9650 -0.0001 0.2623
vn -0.9041 -0.0001 0.4273
vn -0.8153 -0.0001 0.5790
vn -0.7594 -0.0012 0.6506
vn -0.9223 -0.0388 -0.3846
vn -0.9244 -0.0405 -0.3793
vn -0.4188 -0.0445 -0.9070
vn -0.4239 -0.0428 -0.9047
vn 0.7793 -0.0000 -0.6266
vn 0.7122 0.0006 -0.7019
vn 0.8861 0.0021 -0.4635
vn 0.9592 0.0043 -0.2828
vn 0.9911 0.0056 -0.1328
vn 0.9987 0.0014 0.0502
vn 0.9630 -0.0018 0.2697
vn 0.9174 0.0003 0.3980
vn 0.8234 -0.0000 0.5675
vn 0.7180 -0.0019 0.6961
vn 0.5767 -0.0100 0.8169
vn 0.4085 -0.0114 0.9127
vn 0.2804 -0.0082 0.9599
vn -0.7928 -0.1758 0.5836
vn -0.7823 -0.1834 0.5953
vn -0.9723 -0.1607 -0.1699
vn -0.9762 -0.1528 -0.1542
vn -0.3296 -0.0127 -0.9440
vn -0.4050 -0.0061 -0.9143
vn -0.5603 -0.0055 -0.8283
vn -0.6979 -0.0048 -0.7162
vn -0.8136 -0.0042 -0.5815
vn -0.9036 -0.0037 -0.4285
vn -0.9651 -0.0031 -0.2619
vn -0.9962 -0.0026 -0.0872
vn -0.9959 -0.0021 0.0904
vn -0.9642 -0.0017 0.2650
vn -0.9022 -0.0013 0.4314
vn -0.8117 -0.0009 0.5841
vn -0.7547 -0.0020 0.6561
vn -0.9257 -0.0388 -0.3764
vn -0.9277 -0.0405 -0.3711
vn -0.4266 -0.0444 -0.9033
vn -0.4316 -0.0428 -0.9010
vn 0.7806 0.0026 -0.6251
vn 0.7110 0.0021 -0.7032
vn 0.8902 0.0062 -0.4554
vn 0.9636 0.0100 -0.2673
vn 0.9935 0.0147 -0.1126
vn 0.9974 0.0051 0.0721
vn 0.9630 -0.0195 0.2688
vn 0.9214 -0.0179 0.3882
vn 0.8260 -0.0219 0.5632
vn 0.6884 -0.0189 0.7251
vn 0.5126 -0.0194 0.8584
vn 0.3317 -0.0219 0.9431
vn 0.2056 -0.0152 0.9785
vn -0.7181 -0.4408 0.5386
vn -0.7189 -0.4931 0.4900
vn -0.8917 -0.3982 -0.2153
vn -0.8424 -0.4687 -0.2660
vn -0.2635 -0.0014 -0.9647
vn -0.3858 0.0087 -0.9226
vn -0.5475 0.0078 -0.8368
vn -0.6909 0.0068 -0.7229
vn -0.8092 0.0002 -0.5875
vn -0.8882 -0.0032 -0.4595
vn -0.9572 -0.0028 -0.2894
vn -0.9940 -0.0024 -0.1096
vn -0.9973 -0.0021 0.0738
vn -0.9670 -0.0018 0.2548
vn -0.9041 -0.0015 0.4273
vn -0.8108 -0.0013 0.5853
vn -0.7514 -0.0025 0.6599
vn -0.9289 -0.0389 -0.3682
vn -0.9309 -0.0405 -0.3629
vn -0.4343 -0.0444 -0.8997
vn -0.4393 -0.0428 -0.8973
vn 0.7832 0.0031 -0.6217
vn 0.7105 0.0024 -0.7037
vn 0.8965 0.0068 -0.4430
vn 0.9696 0.0106 -0.2445
vn 0.9965 0.0165 -0.0817
vn 0.9942 0.0059 0.1071
vn 0.9500 -0.0146 0.3119
vn 0.8884 -0.0125 0.4590
vn 0.7734 -0.0155 0.6337
vn 0.6247 -0.0186 0.7806
vn 0.4487 -0.0217 0.8934
vn 0.2532 -0.0249 0.9671
vn 0.1129 -0.0151 0.9935
vn -0.6937 -0.5607 0.4522
vn -0.7276 -0.5520 0.4073
vn -0.8037 -0.5171 -0.2943
vn -0.7752 -0.5274 -0.3477
vn -0.2734 -0.0011 -0.9619
vn -0.1424 -0.0089 -0.9898
vn -0.4524 -0.0012 -0.8918
vn -0.6146 -0.0012 -0.7888
vn -0.7655 -0.0047 -0.6434
vn -0.8628 -0.0013 -0.5055
vn -0.9436 -0.0013 -0.3311
vn -0.9895 -0.0014 -0.1445
vn -0.9989 -0.0014 0.0474
vn -0.9714 -0.0014 0.2376
vn -0.9079 -0.0014 0.4191
vn -0.8110 -0.0014 0.5850
vn -0.7486 -0.0026 0.6630
vn -0.9321 -0.0389 -0.3600
vn -0.9341 -0.0405 -0.3548
vn -0.3939 0.1808 -0.9012
vn -0.4132 0.1732 -0.8940
vn 0.7704 0.0101 -0.6375
vn 0.7094 -0.0005 -0.7048
vn 0.8908 0.0110 -0.4543
vn 0.9683 0.0118 -0.2494
vn 0.9978 0.0198 -0.0629
vn 0.9924 0.0110 0.1227
vn 0.9372 -0.0237 0.3479
vn 0.8619 -0.0205 0.5066
vn 0.7316 -0.0217 0.6814
vn 0.5665 -0.0232 0.8237
vn 0.3745 -0.0247 0.9269
vn 0.1648 -0.0264 0.9860
vn 0.0187 -0.0154 0.9997
vn -0.7349 -0.5604 0.3820
vn -0.7644 -0.5518 0.3335
vn -0.7694 -0.5170 -0.3751
vn -0.7358 -0.5273 -0.4250
vn -0.1827 -0.0007 -0.9832
vn -0.0463 -0.0088 -0.9989
vn -0.3747 -0.0006 -0.9271
vn -0.5517 -0.0005 -0.8340
vn -0.7234 0.0024 -0.6904
vn -0.8521 0.0092 -0.5234
vn -0.9390 0.0080 -0.3437
vn -0.9886 0.0068 -0.1504
vn -0.9988 0.0057 0.0489
vn -0.9692 0.0048 0.2464
vn -0.9009 0.0039 0.4340
vn -0.7967 0.0030 0.6043
vn -0.7436 0.0093 0.6686
vn -0.9269 0.1647 -0.3373
vn -0.9324 0.1720 -0.3178
vn -0.3067 0.4195 -0.8544
vn -0.2562 0.4362 -0.8626
vn 0.7493 0.0186 -0.6620
vn 0.8348 0.0303 -0.5497
vn 0.9355 0.0308 -0.3521
vn 0.9901 0.0313 -0.1372
vn 0.9982 0.0374 0.0474
vn 0.9724 0.0106 0.2332
vn 0.9034 -0.0315 0.4277
vn 0.8181 -0.0228 0.5746
vn 0.6717 -0.0231 0.7404
vn 0.4924 -0.0233 0.8700
vn 0.2890 -0.0236 0.9570
vn 0.0714 -0.0238 0.9972
vn -0.0726 -0.0107 0.9973
vn -0.7976 -0.5177 0.3097
vn -0.8464 -0.4624 0.2642
vn -0.7513 -0.4753 -0.4579
vn -0.7414 -0.4411 -0.5057
vn -0.0896 -0.0004 -0.9960
vn 0.0438 -0.0087 -0.9990
vn -0.2886 -0.0004 -0.9575
vn -0.4757 -0.0004 -0.8796
vn -0.6433 -0.0003 -0.7656
vn -0.7845 -0.0003 -0.6202
vn -0.8934 -0.0003 -0.4493
vn -0.9656 -0.0002 -0.2599
vn -0.9982 -0.0002 -0.0598
vn -0.9898 -0.0002 0.1427
vn -0.9407 -0.0001 0.3394
vn -0.8529 -0.0001 0.5221
vn -0.7777 0.0077 0.6286
vn -0.8634 0.3982 -0.3098
vn -0.8474 0.3947 -0.3553
vn -0.2334 0.4334 -0.8705
vn -0.1831 0.4432 -0.8776
vn 0.7993 0.0183 -0.6006
vn 0.8751 0.0276 -0.4832
vn 0.9593 0.0259 -0.2811
vn 0.9986 0.0248 -0.0457
vn 0.9897 0.0333 0.1389
vn 0.9446 0.0048 0.3281
vn 0.8568 -0.0137 0.5154
vn 0.7528 -0.0059 0.6582
vn 0.5913 -0.0056 0.8064
vn 0.4012 -0.0050 0.9160
vn 0.1917 -0.0042 0.9814
vn -0.0272 -0.0032 0.9996
vn -0.1242 -0.0005 0.9923
vn -0.8718 -0.4191 0.2537
vn -0.8874 -0.4042 0.2218
vn -0.7599 -0.3885 -0.5211
vn -0.7336 -0.4040 -0.5464
vn -0.0015 0.0004 -1.0000
vn 0.0889 -0.0005 -0.9960
vn -0.2009 -0.0002 -0.9796
vn -0.3922 -0.0009 -0.9199
vn -0.5677 -0.0018 -0.8233
vn -0.7203 -0.0027 -0.6936
vn -0.8440 -0.0038 -0.5363
vn -0.9339 -0.0050 -0.3575
vn -0.9864 -0.0063 -0.1644
vn -0.9994 -0.0077 0.0352
vn -0.9724 -0.0092 0.2333
vn -0.9017 -0.0020 0.4324
vn -0.8249 0.0080 0.5652
vn -0.8319 0.4114 -0.3723
vn -0.8144 0.4013 -0.4192
vn -0.1614 0.4333 -0.8867
vn -0.1105 0.4430 -0.8897
vn 0.8405 0.0162 -0.5416
vn 0.9053 0.0237 -0.4241
vn 0.9733 0.0186 -0.2287
vn 0.9998 0.0121 -0.0158
vn 0.9912 0.0123 0.1314
vn 0.9483 0.0032 0.3173
vn 0.8522 -0.0079 0.5232
vn 0.7680 -0.0035 0.6404
vn 0.6177 0.0006 0.7864
vn 0.4402 0.0048 0.8979
vn 0.2433 0.0092 0.9699
vn 0.0355 0.0138 0.9993
vn -0.0897 0.0056 0.9960
vn -0.9276 0.3376 0.1601
vn -0.9273 0.3330 0.1709
vn -0.9368 0.3235 0.1331
vn -0.9163 0.3423 0.2080
vn -0.8148 0.3244 -0.4805
vn -0.8377 0.3146 -0.4464
vn -0.8337 0.3096 -0.4572
vn -0.8592 0.3046 -0.4112
vn 0.0459 0.0096 -0.9989
vn -0.0703 0.0020 -0.9975
vn -0.2582 0.0020 -0.9661
vn -0.4368 0.0021 -0.8996
vn -0.5995 0.0021 -0.8004
vn -0.7404 0.0021 -0.6722
vn -0.8544 0.0020 -0.5196
vn -0.9374 0.0020 -0.3481
vn -0.9864 0.0019 -0.1641
vn -0.9997 0.0018 0.0259
vn -0.9766 0.0018 0.2150
vn -0.9280 0.0054 0.3725
vn -0.8650 0.0087 0.5017
vn -0.8000 0.4114 -0.4368
vn -0.7790 0.4012 -0.4819
vn -0.0882 0.4331 -0.8970
vn -0.0369 0.4429 -0.8958
vn 0.8767 0.0191 -0.4806
vn 0.9305 0.0254 -0.3655
vn 0.9868 0.0224 -0.1605
vn 0.9992 0.0190 0.0358
vn 0.9875 0.0131 0.1573
vn 0.9418 0.0033 0.3361
vn 0.8453 -0.0078 0.5342
vn 0.7655 -0.0033 0.6434
vn 0.6250 0.0010 0.7806
vn 0.4602 0.0055 0.8878
vn 0.2775 0.0102 0.9607
vn 0.0840 0.0151 0.9963
vn -0.0346 0.0081 0.9994
vn -0.9145 0.3332 0.2296
vn -0.9012 0.3425 0.2657
vn -0.8658 0.3147 -0.3889
vn -0.8849 0.3047 -0.3523
vn -0.0135 0.0088 -0.9999
vn -0.1235 0.0019 -0.9923
vn -0.2979 0.0019 -0.9546
vn -0.4628 0.0019 -0.8865
vn -0.6129 0.0019 -0.7901
vn -0.7436 0.0019 -0.6687
vn -0.8505 0.0019 -0.5259
vn -0.9304 0.0018 -0.3665
vn -0.9807 0.0018 -0.1954
vn -0.9998 0.0017 -0.0181
vn -0.9871 0.0016 0.1598
vn -0.9545 -0.0029 0.2981
vn -0.9110 0.0022 0.4123
vn -0.7634 0.4111 -0.4983
vn -0.7389 0.4010 -0.5415
vn -0.0141 0.4329 -0.9013
vn 0.0371 0.4427 -0.8959
vn 0.9084 0.0223 -0.4176
vn 0.9517 0.0274 -0.3059
vn 0.9927 0.0193 -0.1187
vn 0.9990 0.0160 0.0412
vn 0.9831 0.0139 0.1825
vn 0.9350 0.0035 0.3547
vn 0.8381 -0.0078 0.5454
vn 0.7628 -0.0031 0.6467
vn 0.6318 0.0015 0.7751
vn 0.4795 0.0063 0.8775
vn 0.3109 0.0114 0.9504
vn 0.1318 0.0166 0.9911
vn 0.0199 0.0107 0.9997
vn -0.8980 0.3334 0.2871
vn -0.8825 0.3427 0.3220
vn -0.8901 0.3149 -0.3295
vn -0.9067 0.3048 -0.2916
vn -0.0728 0.0079 -0.9973
vn -0.1764 0.0017 -0.9843
vn -0.3370 0.0018 -0.9415
vn -0.4884 0.0018 -0.8726
vn -0.6262 0.0018 -0.7797
vn -0.7467 0.0018 -0.6651
vn -0.8466 0.0018 -0.5323
vn -0.9231 0.0017 -0.3847
vn -0.9740 0.0016 -0.2265
vn -0.9981 0.0016 -0.0620
vn -0.9946 0.0015 0.1041
vn -0.9636 0.0014 0.2674
vn -0.9455 0.0174 0.3252
vn -0.7222 0.4107 -0.5565
vn -0.6945 0.4007 -0.5975
vn 0.0603 0.4326 -0.8995
vn 0.1111 0.4424 -0.8899
vn 0.9353 0.0257 -0.3530
vn 0.9689 0.0295 -0.2456
vn 0.9973 0.0212 -0.0699
vn 0.9969 0.0175 0.0770
vn 0.9782 0.0148 0.2070
vn 0.9278 0.0037 0.3731
vn 0.8305 -0.0078 0.5570
vn 0.7597 -0.0030 0.6503
vn 0.6382 0.0020 0.7699
vn 0.4981 0.0072 0.8671
vn 0.3434 0.0126 0.9391
vn 0.1785 0.0183 0.9838
vn 0.0737 0.0136 0.9972
vn -0.8781 0.3337 0.3431
vn -0.8605 0.3429 0.3767
vn -0.9104 0.3150 -0.2684
vn -0.9244 0.3049 -0.2293
vn -0.1318 0.0070 -0.9912
vn -0.2287 0.0016 -0.9735
vn -0.3756 0.0016 -0.9268
vn -0.5135 0.0017 -0.8581
vn -0.6393 0.0017 -0.7690
vn -0.7499 0.0017 -0.6616
vn -0.8426 0.0016 -0.5385
vn -0.9153 0.0016 -0.4027
vn -0.9663 0.0015 -0.2573
vn -0.9944 0.0014 -0.1059
vn -0.9988 0.0013 0.0481
vn -0.9796 0.0012 0.2009
vn -0.9671 0.0164 0.2539
vn -0.6768 0.4103 -0.6111
vn -0.6462 0.4004 -0.6497
vn 0.1345 0.4324 -0.8916
vn 0.1847 0.4422 -0.8777
vn 0.9574 0.0293 -0.2872
vn 0.9822 0.0320 -0.1851
vn 0.9995 0.0234 -0.0216
vn 0.9935 0.0191 0.1119
vn 0.9729 0.0159 0.2306
vn 0.9203 0.0039 0.3912
vn 0.8224 -0.0079 0.5689
vn 0.7561 -0.0028 0.6544
vn 0.6440 0.0025 0.7650
vn 0.5158 0.0082 0.8567
vn 0.3746 0.0140 0.9271
vn 0.2239 0.0202 0.9744
vn 0.1265 0.0168 0.9918
vn -0.8548 0.3339 0.3973
vn -0.8354 0.3431 0.4294
vn -0.9265 0.3152 -0.2056
vn -0.9379 0.3050 -0.1655
vn -0.1904 0.0061 -0.9817
vn -0.2803 0.0014 -0.9599
vn -0.4135 0.0015 -0.9105
vn -0.5383 0.0015 -0.8428
vn -0.6522 0.0015 -0.7580
vn -0.7530 0.0015 -0.6580
vn -0.8386 0.0015 -0.5448
vn -0.9072 0.0014 -0.4206
vn -0.9577 0.0014 -0.2879
vn -0.9888 0.0013 -0.1495
vn -1.0000 0.0012 -0.0080
vn -0.9910 0.0011 0.1336
vn -0.9833 0.0154 0.1811
vn -0.6277 0.4099 -0.6618
vn -0.5943 0.4001 -0.6977
vn 0.2082 0.4320 -0.8775
vn 0.2574 0.4419 -0.8594
vn 0.9748 0.0333 -0.2207
vn 0.9916 0.0347 -0.1246
vn 0.9993 0.0259 0.0257
vn 0.9891 0.0210 0.1458
vn 0.9673 0.0172 0.2532
vn 0.9125 0.0042 0.4091
vn 0.8136 -0.0080 0.5814
vn 0.7520 -0.0027 0.6591
vn 0.6491 0.0031 0.7607
vn 0.5325 0.0093 0.8464
vn 0.4045 0.0157 0.9144
vn 0.2678 0.0225 0.9632
vn 0.1777 0.0203 0.9839
vn -0.8284 0.3342 0.4495
vn -0.8073 0.3434 0.4800
vn -0.9383 0.3154 -0.1416
vn -0.9470 0.3051 -0.1006
vn -0.2482 0.0053 -0.9687
vn -0.3311 0.0013 -0.9436
vn -0.4506 0.0013 -0.8927
vn -0.5625 0.0014 -0.8268
vn -0.6649 0.0014 -0.7469
vn -0.7561 0.0014 -0.6545
vn -0.8345 0.0014 -0.5510
vn -0.8988 0.0013 -0.4383
vn -0.9480 0.0012 -0.3182
vn -0.9812 0.0011 -0.1928
vn -0.9979 0.0010 -0.0641
vn -0.9978 0.0009 0.0656
vn -0.9941 0.0143 0.1074
vn -0.5575 0.4049 -0.7248
vn -0.5594 0.3838 -0.7347
vn 0.2817 0.5193 -0.8068
vn 0.3282 0.6198 -0.7129
vn 0.9873 0.0486 -0.1511
vn 0.9971 0.0525 -0.0546
vn 0.9970 0.0420 0.0657
vn 0.9857 0.0299 0.1656
vn 0.9600 0.0263 0.2788
vn 0.9046 0.0061 0.4262
vn 0.8040 -0.0131 0.5945
vn 0.7475 -0.0051 0.6642
vn 0.6535 0.0017 0.7569
vn 0.5479 0.0090 0.8365
vn 0.4326 0.0166 0.9014
vn 0.3095 0.0246 0.9506
vn 0.2271 0.0241 0.9736
vn -0.7991 0.3346 0.4995
vn -0.7758 0.3443 0.5288
vn -0.9458 0.3156 -0.0763
vn -0.9515 0.3057 -0.0356
vn -0.3050 0.0044 -0.9523
vn -0.3807 0.0012 -0.9247
vn -0.4866 0.0012 -0.8736
vn -0.5857 0.0012 -0.8105
vn -0.6768 0.0010 -0.7362
vn -0.7586 0.0007 -0.6516
vn -0.8298 0.0003 -0.5580
vn -0.8896 -0.0001 -0.4567
vn -0.9371 -0.0007 -0.3491
vn -0.9717 0.0040 -0.2363
vn -0.9947 0.0063 -0.1030
vn -0.9999 0.0068 0.0152
vn -0.9979 0.0212 0.0605
vn -0.4884 0.5333 -0.6907
vn -0.4849 0.5526 -0.6779
vn 0.3434 0.7166 -0.6070
vn 0.3821 0.7362 -0.5586
vn 0.9949 0.0849 -0.0538
vn 0.9961 0.0809 0.0350
vn 0.9876 0.0670 0.1421
vn 0.9673 0.0532 0.2479
vn 0.9408 0.0452 0.3360
vn 0.8876 0.0106 0.4604
vn 0.7850 -0.0234 0.6190
vn 0.7342 -0.0127 0.6789
vn 0.6495 -0.0031 0.7603
vn 0.5558 0.0068 0.8313
vn 0.4541 0.0167 0.8908
vn 0.3461 0.0268 0.9378
vn 0.2724 0.0282 0.9618
vn -0.7659 0.3354 0.5486
vn -0.7402 0.3451 0.5771
vn -0.9486 0.3163 -0.0123
vn -0.9515 0.3064 0.0275
vn -0.3598 0.0035 -0.9330
vn -0.4275 0.0012 -0.9040
vn -0.5185 0.0013 -0.8551
vn -0.6039 0.0014 -0.7971
vn -0.6828 0.0014 -0.7306
vn -0.7545 0.0014 -0.6563
vn -0.8181 0.0013 -0.5751
vn -0.8730 0.0010 -0.4878
vn -0.9186 0.0008 -0.3953
vn -0.9461 0.0053 -0.3239
vn -0.9779 0.0003 -0.2089
vn -0.9942 -0.0001 -0.1072
vn -0.9998 -0.0014 -0.0178
vn -0.4102 0.6910 -0.5952
vn -0.3630 0.6980 -0.6173
vn 0.4006 0.7442 -0.5345
vn 0.4368 0.7498 -0.4969
vn 0.9935 0.1050 0.0441
vn 0.9879 0.0971 0.1213
vn 0.9743 0.0808 0.2102
vn 0.9524 0.0645 0.2978
vn 0.9274 0.0540 0.3703
vn 0.8682 0.0121 0.4960
vn 0.7595 -0.0273 0.6500
vn 0.7142 -0.0154 0.6997
vn 0.6394 -0.0040 0.7689
vn 0.5577 0.0076 0.8300
vn 0.4700 0.0192 0.8825
vn 0.3772 0.0309 0.9256
vn 0.3127 0.0342 0.9492
vn -0.7292 0.3356 0.5964
vn -0.7018 0.3453 0.6231
vn -0.9473 0.3164 0.0503
vn -0.9476 0.3065 0.0900
vn -0.4126 0.0023 -0.9109
vn -0.4723 0.0009 -0.8815
vn -0.5482 0.0011 -0.8364
vn -0.6198 0.0013 -0.7848
vn -0.6866 0.0013 -0.7271
vn -0.7479 0.0013 -0.6638
vn -0.8035 0.0012 -0.5953
vn -0.8528 0.0010 -0.5223
vn -0.8954 0.0008 -0.4453
vn -0.9208 0.0056 -0.3899
vn -0.9566 0.0000 -0.2913
vn -0.9785 -0.0005 -0.2061
vn -0.9920 -0.0037 -0.1259
vn -0.3350 0.7190 -0.6089
vn -0.2872 0.7123 -0.6404
vn 0.4572 0.7451 -0.4856
vn 0.4883 0.7508 -0.4448
vn 0.9829 0.1244 0.1359
vn 0.9730 0.1145 0.2002
vn 0.9578 0.0955 0.2712
vn 0.9369 0.0765 0.3411
vn 0.9155 0.0646 0.3971
vn 0.8474 0.0130 0.5309
vn 0.7291 -0.0310 0.6837
vn 0.6899 -0.0177 0.7237
vn 0.6248 -0.0043 0.7807
vn 0.5549 0.0091 0.8319
vn 0.4805 0.0227 0.8767
vn 0.4023 0.0364 0.9148
vn 0.3475 0.0415 0.9368
vn -0.6897 0.3358 0.6415
vn -0.6611 0.3454 0.6661
vn -0.9419 0.3164 0.1124
vn -0.9397 0.3065 0.1521
vn -0.4639 0.0010 -0.8859
vn -0.5155 0.0006 -0.8569
vn -0.5770 0.0008 -0.8168
vn -0.6352 0.0010 -0.7723
vn -0.6900 0.0011 -0.7238
vn -0.7411 0.0011 -0.6714
vn -0.7882 0.0010 -0.6154
vn -0.8310 0.0008 -0.5562
vn -0.8694 0.0004 -0.4941
vn -0.8911 0.0052 -0.4538
vn -0.9283 -0.0005 -0.3718
vn -0.9529 -0.0011 -0.3033
vn -0.9723 -0.0060 -0.2335
vn -0.2619 0.7190 -0.6437
vn -0.2108 0.7123 -0.6694
vn 0.5068 0.7463 -0.4316
vn 0.5321 0.7522 -0.3888
vn 0.9643 0.1497 0.2185
vn 0.9533 0.1387 0.2683
vn 0.9397 0.1159 0.3216
vn 0.9226 0.0932 0.3743
vn 0.9074 0.0800 0.4125
vn 0.8243 0.0135 0.5661
vn 0.6916 -0.0368 0.7213
vn 0.6589 -0.0213 0.7519
vn 0.6036 -0.0053 0.7973
vn 0.5449 0.0109 0.8385
vn 0.4830 0.0272 0.8752
vn 0.4185 0.0435 0.9072
vn 0.3742 0.0505 0.9259
vn -0.6480 0.3360 0.6835
vn -0.6186 0.3455 0.7057
vn -0.9325 0.3164 0.1741
vn -0.9276 0.3065 0.2135
vn -0.5134 -0.0003 -0.8581
vn -0.5572 0.0002 -0.8304
vn -0.6048 0.0005 -0.7964
vn -0.6503 0.0008 -0.7597
vn -0.6935 0.0009 -0.7205
vn -0.7343 0.0008 -0.6789
vn -0.7725 0.0007 -0.6350
vn -0.8081 0.0004 -0.5890
vn -0.8409 0.0000 -0.5411
vn -0.8570 0.0048 -0.5152
vn -0.8934 -0.0011 -0.4493
vn -0.9179 -0.0019 -0.3968
vn -0.9411 -0.0083 -0.3380
vn -0.1853 0.7190 -0.6698
vn -0.1314 0.7123 -0.6894
vn 0.5482 0.7480 -0.3742
vn 0.5671 0.7539 -0.3316
vn 0.9407 0.1842 0.2848
vn 0.9324 0.1736 0.3171
vn 0.9241 0.1457 0.3534
vn 0.9135 0.1177 0.3895
vn 0.9071 0.1040 0.4078
vn 0.8072 0.0203 0.5899
vn 0.8313 0.0354 0.5547
vn 0.6410 -0.0465 0.7662
vn 0.6154 -0.0276 0.7877
vn 0.5695 -0.0077 0.8219
vn 0.5213 0.0123 0.8533
vn 0.4710 0.0324 0.8815
vn 0.4188 0.0527 0.9066
vn 0.3876 0.0615 0.9198
vn -0.6050 0.3363 0.7218
vn -0.5757 0.3454 0.7411
vn -0.9191 0.3164 0.2350
vn -0.9116 0.3065 0.2740
vn -0.5610 -0.0017 -0.8278
vn -0.5970 -0.0003 -0.8023
vn -0.6316 0.0002 -0.7753
vn -0.6649 0.0005 -0.7469
vn -0.6969 0.0006 -0.7172
vn -0.7274 0.0006 -0.6862
vn -0.7566 0.0004 -0.6539
vn -0.7842 0.0000 -0.6205
vn -0.8103 -0.0005 -0.5860
vn -0.8192 0.0041 -0.5735
vn -0.8526 -0.0021 -0.5226
vn -0.8743 -0.0031 -0.4855
vn -0.8989 -0.0109 -0.4379
vn -0.1061 0.7190 -0.6868
vn -0.0503 0.7123 -0.7000
vn 0.5800 0.7505 -0.3168
vn 0.5914 0.7558 -0.2811
vn 0.9198 0.2300 0.3178
vn 0.9191 0.2226 0.3252
vn 0.9193 0.1879 0.3458
vn 0.9178 0.1531 0.3664
vn 0.9195 0.1322 0.3701
vn 0.9175 0.1156 0.3807
vn 0.5621 -0.0643 0.8246
vn 0.7384 -0.0201 0.6741
vn 0.5332 -0.0930 0.8409
vn 0.5453 -0.0403 0.8373
vn 0.5082 -0.0155 0.8611
vn 0.4696 0.0096 0.8829
vn 0.4295 0.0348 0.9024
vn 0.3882 0.0602 0.9196
vn 0.3761 0.0714 0.9238
vn -0.5622 0.3365 0.7554
vn -0.5362 0.3440 0.7708
vn -0.9016 0.3164 0.2949
vn -0.8916 0.3065 0.3334
vn -0.6059 -0.0032 -0.7955
vn -0.6337 -0.0011 -0.7735
vn -0.6566 -0.0003 -0.7543
vn -0.6787 0.0002 -0.7344
vn -0.7001 0.0004 -0.7141
vn -0.7208 0.0003 -0.6932
vn -0.7408 0.0000 -0.6718
vn -0.7600 -0.0005 -0.6499
vn -0.7785 -0.0014 -0.6276
vn -0.7789 0.0029 -0.6271
vn -0.8074 -0.0039 -0.5900
vn -0.8239 -0.0055 -0.5667
vn -0.8470 -0.0140 -0.5314
vn -0.0254 0.7190 -0.6945
vn 0.0315 0.7123 -0.7011
vn 0.5982 0.7552 -0.2682
vn 0.6003 0.7581 -0.2547
vn 0.9122 0.2873 0.2922
vn 0.9199 0.2710 0.2835
vn 0.9284 0.2290 0.2926
vn 0.9350 0.1862 0.3017
vn 0.9419 0.1637 0.2932
vn 0.9597 0.1755 0.2195
vn 0.4657 -0.1014 0.8791
vn 0.3980 -0.1482 0.9053
vn 0.4603 -0.0648 0.8854
vn 0.4285 -0.0320 0.9030
vn 0.3956 0.0007 0.9184
vn 0.3616 0.0330 0.9317
vn 0.3269 0.0650 0.9428
vn 0.3221 0.0819 0.9432
vn 0.2010 0.2835 0.9377
vn 0.2254 0.2449 0.9430
vn -0.6237 0.3423 0.7027
vn -0.5146 0.3390 0.7876
vn -0.5247 0.3358 0.7822
vn -0.8796 0.3168 0.3549
vn -0.8739 0.3124 0.3725
vn -0.6394 -0.0037 -0.7689
vn -0.6609 -0.0000 -0.7505
vn -0.6755 0.0002 -0.7373
vn -0.6898 0.0003 -0.7240
vn -0.7039 0.0003 -0.7103
vn -0.7176 0.0002 -0.6965
vn -0.7309 -0.0000 -0.6824
vn -0.7440 -0.0004 -0.6682
vn -0.7568 -0.0008 -0.6537
vn -0.7454 0.0152 -0.6665
vn -0.7727 -0.0009 -0.6348
vn -0.7847 -0.0015 -0.6198
vn -0.8015 -0.0139 -0.5978
vn -0.8227 0.1930 -0.5347
vn -0.8295 0.1355 -0.5418
vn 0.0577 0.7184 -0.6932
vn 0.0847 0.7146 -0.6944
vn 0.3144 -0.9445 -0.0956
vn 0.3303 -0.9385 -0.1004
vn 0.3202 -0.9390 -0.1253
vn 0.3052 -0.9396 -0.1550
vn 0.3278 -0.9296 -0.1687
vn 0.2918 -0.9365 -0.1943
vn 0.2583 -0.9420 -0.2141
vn 0.2532 -0.9368 -0.2415
vn 0.2178 -0.9425 -0.2537
vn 0.2071 -0.9370 -0.2812
vn 0.1713 -0.9429 -0.2858
vn 0.1550 -0.9373 -0.3122
vn 0.1203 -0.9433 -0.3095
vn 0.0984 -0.9375 -0.3338
vn 0.0729 -0.9422 -0.3269
vn 0.0534 -0.9344 -0.3523
vn 0.0249 -0.9408 -0.3381
vn -0.0096 -0.9397 -0.3420
vn -0.0127 -0.9481 -0.3177
vn -0.0441 -0.9429 -0.3301
vn -0.0805 -0.9370 -0.3398
vn -0.0996 -0.9424 -0.3194
vn -0.1386 -0.9367 -0.3216
vn -0.1528 -0.9418 -0.2995
vn -0.1927 -0.9363 -0.2935
vn -0.2000 -0.9391 -0.2794
vn -0.2341 -0.9316 -0.2781
vn -0.2223 -0.9385 -0.2641
vn 0.6015 0.7568 -0.2557
vn 0.5443 0.7655 0.3432
vn 0.5475 0.7665 0.3356
vn 0.5488 0.7672 0.3320
vn 0.5447 0.7653 0.3429
vn 0.5413 0.7644 0.3501
vn 0.5393 0.7641 0.3540
vn 0.5372 0.7639 0.3576
vn 0.0551 0.5390 0.8405
vn 0.0812 0.5510 0.8305
vn 0.0859 0.5540 0.8281
vn 0.0717 0.5455 0.8351
vn 0.0614 0.5403 0.8392
vn 0.0507 0.5357 0.8429
vn 0.0395 0.5316 0.8461
vn 0.0750 0.4393 0.8952
vn 0.1011 0.3783 0.9202
vn -0.5150 0.3304 0.7909
vn -0.8688 0.3254 0.3733
vn -0.8157 0.3287 0.4760
vn -0.7846 0.4775 -0.3956
vn -0.7599 0.4863 -0.4314
vn -0.7574 0.4864 -0.4356
vn -0.7648 0.4858 -0.4232
vn -0.7697 0.4848 -0.4154
vn -0.7745 0.4835 -0.4078
vn -0.7793 0.4818 -0.4006
vn -0.7841 0.4797 -0.3937
vn -0.7890 0.4772 -0.3871
vn -0.7938 0.4742 -0.3808
vn -0.7986 0.4709 -0.3748
vn -0.8035 0.4671 -0.3691
vn -0.8192 0.3618 -0.4450
vn -0.8204 0.2951 -0.4897
vn 0.0808 0.7221 -0.6870
s off
f 1/1/1 2/2/1 10/3/1
f 1/1/1 10/3/1 9/4/1
f 2/5/2 3/6/2 11/7/2
f 2/5/2 11/7/2 10/8/2
f 3/9/3 4/10/3 12/11/3
f 3/9/3 12/11/3 11/12/3
f 4/13/4 5/14/4 13/15/4
f 4/13/4 13/15/4 12/16/4
f 5/1/5 6/2/5 14/3/5
f 5/1/5 14/3/5 13/4/5
f 6/17/6 7/18/6 15/19/6
f 6/17/6 15/19/6 14/20/6
f 7/9/7 8/10/7 16/11/7
f 7/9/7 16/11/7 15/12/7
f 8/21/8 1/22/8 9/23/8
f 8/21/8 9/23/8 16/24/8
f 9/25/9 10/26/9 18/27/10
f 9/25/9 18/27/10 17/28/11
f 10/29/12 11/30/12 19/31/13
f 10/29/12 19/31/13 18/32/13
f 11/33/14 12/34/14 20/35/15
f 11/33/14 20/35/15 19/36/16
f 12/37/17 13/38/17 21/39/18
f 12/37/17 21/39/18 20/40/19
f 13/25/20 14/26/20 21/41/21
f 14/26/20 22/42/22 21/41/21
f 14/43/23 15/44/23 22/45/24
f 15/44/23 23/46/25 22/45/24
f 15/47/26 16/48/26 24/49/27
f 15/47/26 24/49/27 23/50/28
f 16/51/29 9/52/29 17/53/30
f 16/51/29 17/53/30 24/54/31
f 17/28/11 18/27/10 26/55/32
f 17/28/11 26/55/32 25/56/32
f 18/32/13 19/31/13 26/57/33
f 19/31/13 27/58/33 26/57/33
f 19/36/16 20/35/15 28/59/34
f 19/36/16 28/59/34 27/60/34
f 20/40/19 21/39/18 29/61/35
f 20/40/19 29/61/35 28/62/35
f 21/41/21 22/42/22 30/63/36
f 21/41/21 30/63/36 29/64/36
f 22/45/24 23/46/25 30/65/37
f 23/46/25 31/66/37 30/65/37
f 23/50/28 24/49/27 32/67/38
f 23/50/28 32/67/38 31/68/38
f 24/54/31 17/53/30 25/69/39
f 24/54/31 25/69/39 32/70/39
f 25/71/40 26/72/40 34/73/40
f 25/71/40 34/73/40 33/74/40
f 26/75/41 27/76/41 35/77/41
f 26/75/41 35/77/41 34/78/41
f 27/79/42 28/80/42 36/81/42
f 27/79/42 36/81/42 35/82/42
f 28/83/43 29/84/43 37/85/43
f 28/83/43 37/85/43 36/86/43
f 29/87/44 30/88/44 38/89/44
f 29/87/44 38/89/44 37/90/44
f 30/91/45 31/92/45 39/93/45
f 30/91/45 39/93/45 38/94/45
f 31/95/46 32/96/46 40/97/46
f 31/95/46 40/97/46 39/98/46
f 32/99/47 25/100/47 33/101/47
f 32/99/47 33/101/47 40/102/47
f 8/103/48 2/104/48 1/105/48
f 7/106/48 2/104/48 8/103/48
f 7/106/48 3/107/48 2/104/48
f 7/106/48 4/108/48 3/107/48
f 7/106/48 5/109/48 4/108/48
f 5/109/48 7/106/48 6/110/48
f 34/111/49 35/112/49 36/113/49
f 33/114/49 34/111/49 36/113/49
f 33/114/49 36/113/49 37/115/49
f 33/114/49 37/115/49 38/116/49
f 40/117/49 33/114/49 38/116/49
f 38/116/49 39/118/49 40/117/49
f 41/119/50 70/120/50 42/121/51
f 41/122/50 69/123/52 70/124/53
f 42/125/54 71/126/55 43/127/56
f 42/125/54 70/128/57 71/126/55
f 43/129/56 72/130/58 44/131/59
f 43/127/56 71/126/55 72/132/58
f 44/131/59 73/133/60 45/134/61
f 44/131/59 72/130/58 73/133/60
f 45/134/61 74/135/62 46/136/63
f 45/134/61 73/133/60 74/135/62
f 46/136/63 75/137/64 47/138/65
f 46/136/63 74/135/62 75/137/64
f 47/138/65 76/139/66 48/140/67
f 47/138/65 75/137/64 76/139/66
f 48/140/67 77/141/68 49/142/69
f 48/140/67 76/139/66 77/141/68
f 49/142/69 78/143/70 50/144/71
f 49/142/69 77/141/68 78/143/70
f 50/144/71 79/145/72 51/146/73
f 50/144/71 78/143/70 79/145/72
f 51/146/73 79/145/72 52/147/74
f 52/147/74 79/145/72 80/148/75
f 52/149/74 80/150/75 53/151/76
f 53/151/76 80/150/75 81/152/77
f 53/151/76 81/152/77 54/153/78
f 54/154/78 81/155/79 82/156/80
f 54/157/81 83/158/81 55/159/82
f 54/157/81 82/160/83 83/158/81
f 55/161/84 83/162/85 56/163/85
f 56/163/85 83/162/85 84/164/86
f 56/165/87 85/166/88 57/167/89
f 56/165/87 84/168/90 85/166/91
f 57/167/89 86/169/92 58/170/93
f 57/167/89 85/166/91 86/169/94
f 58/170/93 86/169/94 59/171/95
f 59/171/95 86/169/96 87/172/97
f 59/171/95 87/172/98 60/173/99
f 60/173/99 87/172/100 88/174/101
f 60/175/99 88/176/101 61/177/102
f 61/177/102 88/176/101 89/178/103
f 61/177/102 89/178/104 62/179/105
f 62/179/105 89/178/104 90/180/106
f 62/179/105 90/180/107 63/181/108
f 63/181/108 90/180/107 91/182/109
f 63/181/108 91/182/110 64/183/111
f 64/183/111 91/182/110 92/184/112
f 64/185/111 92/186/113 65/187/114
f 65/187/114 92/186/115 93/188/116
f 65/187/114 93/188/117 66/189/118
f 66/189/118 93/188/116 94/190/119
f 66/189/118 94/190/120 67/191/121
f 67/191/121 94/190/119 95/192/122
f 67/191/121 95/192/123 68/193/124
f 68/193/124 95/192/122 96/194/125
f 68/195/126 96/196/127 41/197/127
f 41/197/127 96/196/128 69/198/129
f 69/123/52 98/199/130 70/124/131
f 69/123/52 97/200/132 98/199/130
f 70/201/133 99/202/134 71/203/135
f 70/201/133 98/204/136 99/202/134
f 71/205/135 100/206/137 72/207/138
f 71/205/135 99/208/134 100/206/137
f 72/207/138 101/209/139 73/210/140
f 72/207/138 100/206/137 101/209/139
f 73/210/140 102/211/141 74/212/142
f 73/210/140 101/209/139 102/211/141
f 74/212/142 103/213/143 75/214/144
f 74/212/142 102/211/141 103/213/143
f 75/214/144 104/215/145 76/216/146
f 75/214/144 103/213/143 104/215/145
f 76/216/146 105/217/147 77/218/148
f 76/216/146 104/215/145 105/217/147
f 77/219/148 106/220/149 78/221/150
f 77/219/148 105/222/147 106/220/149
f 78/221/150 107/223/151 79/224/152
f 78/221/150 106/220/149 107/223/151
f 79/224/152 108/225/153 80/226/154
f 79/224/152 107/223/151 108/225/153
f 80/226/154 109/227/155 81/228/156
f 80/226/154 108/225/153 109/227/155
f 81/155/156 110/229/157 82/156/80
f 81/155/156 109/230/155 110/229/157
f 82/231/158 111/232/158 83/233/158
f 82/231/158 110/234/158 111/232/158
f 83/235/159 111/236/159 84/237/159
f 84/237/159 111/236/159 112/238/159
f 84/239/160 112/240/161 85/241/162
f 85/241/162 112/240/161 113/242/163
f 85/241/164 113/242/163 86/243/165
f 86/243/165 113/242/163 114/244/166
f 86/245/167 114/246/166 87/247/168
f 87/247/168 114/246/166 115/248/169
f 87/247/170 115/248/169 88/249/171
f 88/249/171 115/248/169 116/250/172
f 88/249/173 116/250/172 89/251/174
f 89/251/174 116/250/172 117/252/175
f 89/253/176 117/254/175 90/255/177
f 90/255/177 117/254/175 118/256/178
f 90/255/179 118/256/178 91/257/180
f 91/257/180 118/256/178 119/258/181
f 91/257/182 119/258/181 92/259/183
f 92/259/184 119/258/181 120/260/185
f 92/259/186 120/260/185 93/261/187
f 93/261/187 120/260/185 121/262/188
f 93/263/189 121/264/188 94/265/190
f 94/265/190 121/264/188 122/266/191
f 94/265/192 122/266/191 95/267/193
f 95/267/193 122/266/191 123/268/194
f 95/267/195 123/268/194 96/269/196
f 96/269/196 123/268/194 124/270/197
f 96/196/198 124/271/199 69/198/129
f 69/198/129 124/271/199 97/272/200
f 97/200/132 126/273/201 98/199/130
f 97/200/132 125/274/202 126/273/201
f 98/204/136 127/275/203 99/202/134
f 98/204/136 126/276/204 127/275/203
f 99/208/134 128/277/205 100/206/137
f 99/208/134 127/278/203 128/277/205
f 100/206/137 129/279/206 101/209/139
f 100/206/137 128/277/205 129/279/206
f 101/209/139 130/280/207 102/211/141
f 101/209/139 129/279/206 130/280/207
f 102/211/141 131/281/208 103/213/143
f 102/211/141 130/280/207 131/281/208
f 103/213/143 132/282/209 104/215/145
f 103/213/143 131/281/208 132/282/209
f 104/215/145 133/283/210 105/217/147
f 104/215/145 132/282/209 133/283/210
f 105/222/147 134/284/211 106/220/149
f 105/222/147 133/285/210 134/284/211
f 106/220/149 135/286/212 107/223/151
f 106/220/149 134/284/211 135/286/212
f 107/223/151 136/287/213 108/225/153
f 107/223/151 135/286/212 136/287/213
f 108/225/153 137/288/214 109/227/155
f 108/225/153 136/287/213 137/288/214
f 109/230/155 138/289/215 110/229/157
f 109/230/155 137/290/214 138/289/215
f 110/234/158 139/291/158 111/232/158
f 110/234/158 138/292/216 139/291/158
f 111/236/159 139/293/159 112/238/159
f 112/238/159 139/293/159 140/294/159
f 112/240/161 140/295/217 113/242/163
f 113/242/163 140/295/217 141/296/218
f 113/242/163 141/296/218 114/244/166
f 114/244/166 141/296/218 142/297/219
f 114/246/166 142/298/219 115/248/169
f 115/248/169 142/298/219 143/299/220
f 115/248/169 143/299/220 116/250/172
f 116/250/172 143/299/220 144/300/221
f 116/250/172 144/300/221 117/252/175
f 117/252/175 144/300/221 145/301/222
f 117/254/175 145/302/222 118/256/178
f 118/256/178 145/302/222 146/303/223
f 118/256/178 146/303/223 119/258/181
f 119/258/181 146/303/223 147/304/224
f 119/258/181 147/304/224 120/260/185
f 120/260/185 147/304/224 148/305/225
f 120/260/185 148/305/225 121/262/188
f 121/264/188 148/306/225 149/307/226
f 121/264/188 149/307/226 122/266/191
f 122/266/191 149/307/226 150/308/227
f 122/266/191 150/308/227 123/268/194
f 123/268/194 150/308/227 151/309/228
f 123/268/194 151/309/228 124/270/197
f 124/270/197 151/309/228 152/310/229
f 124/271/199 152/311/230 97/272/200
f 97/272/200 152/311/230 125/312/231
f 125/274/202 154/313/232 126/273/201
f 125/274/202 153/314/233 154/313/232
f 126/276/204 155/315/234 127/275/203
f 126/276/204 154/316/235 155/315/234
f 127/278/203 156/317/236 128/277/205
f 127/278/203 155/318/234 156/317/236
f 128/277/205 157/319/237 129/279/206
f 128/277/205 156/317/236 157/319/237
f 129/279/206 158/320/238 130/280/207
f 129/279/206 157/319/237 158/320/238
f 130/280/207 159/321/239 131/281/208
f 130/280/207 158/320/238 159/321/239
f 131/281/208 160/322/240 132/282/209
f 131/281/208 159/321/239 160/322/240
f 132/282/209 161/323/241 133/283/210
f 132/282/209 160/322/240 161/323/241
f 133/285/210 162/324/242 134/284/211
f 133/285/210 161/325/241 162/324/242
f 134/284/211 163/326/243 135/286/212
f 134/284/211 162/324/242 163/326/243
f 135/286/212 164/327/244 136/287/213
f 135/286/212 163/326/243 164/327/244
f 136/287/213 165/328/245 137/288/214
f 136/287/213 164/327/244 165/328/245
f 137/290/214 166/329/246 138/289/215
f 137/290/214 165/330/245 166/329/246
f 138/292/216 167/331/216 139/291/158
f 138/292/216 166/332/247 167/331/216
f 139/293/159 167/333/159 140/294/159
f 140/294/159 167/333/159 168/334/159
f 140/295/217 168/335/248 141/296/218
f 141/296/218 168/335/248 169/336/249
f 141/296/218 169/336/249 142/297/219
f 142/297/219 169/336/249 170/337/250
f 142/298/219 170/338/250 143/299/220
f 143/299/220 170/338/250 171/339/251
f 143/299/220 171/339/251 144/300/221
f 144/300/221 171/339/251 172/340/252
f 144/300/221 172/340/252 145/301/222
f 145/301/222 172/340/252 173/341/253
f 145/302/222 173/342/253 146/303/223
f 146/303/223 173/342/253 174/343/254
f 146/303/223 174/343/254 147/304/224
f 147/304/224 174/343/254 175/344/255
f 147/304/224 175/344/255 148/305/225
f 148/305/225 175/344/255 176/345/256
f 148/306/225 176/346/256 149/307/226
f 149/307/226 176/346/256 177/347/257
f 149/307/226 177/347/257 150/308/227
f 150/308/227 177/347/257 178/348/258
f 150/308/227 178/348/258 151/309/228
f 151/309/228 178/348/258 179/349/259
f 151/309/228 179/349/259 152/310/229
f 152/310/229 179/349/259 180/350/260
f 152/311/230 180/351/261 125/312/231
f 125/312/231 180/351/261 153/352/262
f 153/314/233 182/353/263 154/313/232
f 153/314/233 181/354/264 182/353/263
f 154/316/235 183/355/265 155/315/234
f 154/316/235 182/356/266 183/355/265
f 155/318/234 184/357/267 156/317/236
f 155/318/234 183/358/265 184/357/267
f 156/317/236 185/359/268 157/319/237
f 156/317/236 184/357/267 185/359/268
f 157/319/237 186/360/269 158/320/238
f 157/319/237 185/359/268 186/360/269
f 158/320/238 187/361/270 159/321/239
f 158/320/238 186/360/269 187/361/270
f 159/321/239 188/362/271 160/322/240
f 159/321/239 187/361/270 188/362/271
f 160/322/240 189/363/272 161/323/241
f 160/322/240 188/362/271 189/363/272
f 161/325/241 190/364/273 162/324/242
f 161/325/241 189/365/272 190/364/273
f 162/324/242 191/366/274 163/326/243
f 162/324/242 190/364/273 191/366/274
f 163/326/243 192/367/275 164/327/244
f 163/326/243 191/366/274 192/367/275
f 164/327/244 193/368/276 165/328/245
f 164/327/244 192/367/275 193/368/276
f 165/330/245 194/369/277 166/329/246
f 165/330/245 193/370/276 194/369/277
f 166/332/247 195/371/247 167/331/216
f 166/332/247 194/372/247 195/371/247
f 167/333/159 195/373/159 168/334/159
f 168/334/159 195/373/159 196/374/159
f 168/335/248 196/375/278 169/336/249
f 169/336/249 196/375/278 197/376/279
f 169/336/249 197/376/279 170/337/250
f 170/337/250 197/376/279 198/377/280
f 170/338/250 198/378/280 171/339/251
f 171/339/251 198/378/280 199/379/281
f 171/339/251 199/379/281 172/340/252
f 172/340/252 199/379/281 200/380/282
f 172/340/252 200/380/282 173/341/253
f 173/341/253 200/380/282 201/381/283
f 173/342/253 201/382/283 174/343/254
f 174/343/254 201/382/283 202/383/284
f 174/343/254 202/383/284 175/344/255
f 175/344/255 202/383/284 203/384/285
f 175/344/255 203/384/285 176/345/256
f 176/345/256 203/384/285 204/385/286
f 176/346/256 204/386/286 177/347/257
f 177/347/257 204/386/286 205/387/287
f 177/347/257 205/387/287 178/348/258
f 178/348/258 205/387/287 206/388/288
f 178/348/258 206/388/288 179/349/259
f 179/349/259 206/388/288 207/389/289
f 179/349/259 207/389/289 180/350/260
f 180/350/260 207/389/289 208/390/290
f 180/351/261 208/391/291 153/352/262
f 153/352/262 208/391/291 181/392/292
f 181/354/264 210/393/293 182/353/263
f 181/354/264 209/394/294 210/393/293
f 182/356/266 211/395/295 183/355/265
f 182/356/266 210/396/296 211/395/295
f 183/358/265 212/397/297 184/357/267
f 183/358/265 211/398/295 212/397/297
f 184/357/267 213/399/298 185/359/268
f 184/357/267 212/397/297 213/399/298
f 185/359/268 214/400/299 186/360/269
f 185/359/268 213/399/298 214/400/299
f 186/360/269 215/401/300 187/361/270
f 186/360/269 214/400/299 215/401/300
f 187/361/270 216/402/301 188/362/271
f 187/361/270 215/401/300 216/402/301
f 188/362/271 217/403/302 189/363/272
f 188/362/271 216/402/301 217/403/302
f 189/365/272 218/404/303 190/364/273
f 189/365/272 217/405/302 218/404/303
f 190/364/273 219/406/304 191/366/274
f 190/364/273 218/404/303 219/406/304
f 191/366/274 220/407/305 192/367/275
f 191/366/274 219/406/304 220/407/305
f 192/367/275 221/408/306 193/368/276
f 192/367/275 220/407/305 221/408/306
f 193/370/276 222/409/307 194/369/277
f 193/370/276 221/410/306 222/409/307
f 194/372/247 223/411/247 195/371/247
f 194/372/247 222/412/247 223/411/247
f 195/373/159 223/413/159 196/374/159
f 196/374/159 223/413/159 224/414/159
f 196/375/278 224/415/308 197/376/279
f 197/376/279 224/415/308 225/416/309
f 197/376/279 225/416/309 198/377/280
f 198/377/280 225/416/309 226/417/310
f 198/378/280 226/418/310 199/379/281
f 199/379/281 226/418/310 227/419/311
f 199/379/281 227/419/311 200/380/282
f 200/380/282 227/419/311 228/420/312
f 200/380/282 228/420/312 201/381/283
f 201/381/283 228/420/312 229/421/313
f 201/382/283 229/422/313 202/383/284
f 202/383/284 229/422/313 230/423/314
f 202/383/284 230/423/314 203/384/285
f 203/384/285 230/423/314 231/424/315
f 203/384/285 231/424/315 204/385/286
f 204/385/286 231/424/315 232/425/316
f 204/386/286 232/426/316 205/387/287
f 205/387/287 232/426/316 233/427/317
f 205/387/287 233/427/317 206/388/288
f 206/388/288 233/427/317 234/428/318
f 206/388/288 234/428/318 207/389/289
f 207/389/289 234/428/318 235/429/319
f 207/389/289 235/429/319 208/390/290
f 208/390/290 235/429/319 236/430/320
f 208/391/291 236/431/321 181/392/292
f 181/392/292 236/431/321 209/432/322
f 209/394/294 238/433/323 210/393/293
f 209/394/294 237/434/324 238/433/323
f 210/396/296 239/435/325 211/395/295
f 210/396/296 238/436/326 239/435/325
f 211/398/295 240/437/327 212/397/297
f 211/398/295 239/438/325 240/437/327
f 212/397/297 241/439/328 213/399/298
f 212/397/297 240/437/327 241/439/328
f 213/399/298 242/440/329 214/400/299
f 213/399/298 241/439/328 242/440/329
f 214/400/299 243/441/330 215/401/300
f 214/400/299 242/440/329 243/441/330
f 215/401/300 244/442/331 216/402/301
f 215/401/300 243/441/330 244/442/331
f 216/402/301 245/443/332 217/403/302
f 216/402/301 244/442/331 245/443/332
f 217/405/302 246/444/333 218/404/303
f 217/405/302 245/445/332 246/444/333
f 218/404/303 247/446/334 219/406/304
f 218/404/303 246/444/333 247/446/334
f 219/406/304 248/447/335 220/407/305
f 219/406/304 247/446/334 248/447/335
f 220/407/305 249/448/336 221/408/306
f 220/407/305 248/447/335 249/448/336
f 221/410/306 250/449/337 222/409/307
f 221/410/306 249/450/336 250/449/337
f 222/412/247 251/451/247 223/411/247
f 222/412/247 250/452/247 251/451/247
f 223/413/159 251/453/159 224/414/159
f 224/414/159 251/453/159 252/454/159
f 224/415/308 252/455/338 225/416/309
f 225/416/309 252/455/338 253/456/339
f 225/416/309 253/456/339 226/417/310
f 226/417/310 253/456/339 254/457/340
f 226/418/310 254/458/340 227/419/311
f 227/419/311 254/458/340 255/459/341
f 227/419/311 255/459/341 228/420/312
f 228/420/312 255/459/341 256/460/342
f 228/420/312 256/460/342 229/421/313
f 229/421/313 256/460/342 257/461/343
f 229/422/313 257/462/343 230/423/314
f 230/423/314 257/462/343 258/463/344
f 230/423/314 258/463/344 231/424/315
f 231/424/315 258/463/344 259/464/345
f 231/424/315 259/464/345 232/425/316
f 232/425/316 259/464/345 260/465/346
f 232/426/316 260/466/346 233/427/317
f 233/427/317 260/466/346 261/467/347
f 233/427/317 261/467/347 234/428/318
f 234/428/318 261/467/347 262/468/348
f 234/428/318 262/468/348 235/429/319
f 235/429/319 262/468/348 263/469/349
f 235/429/319 263/469/349 236/430/320
f 236/430/320 263/469/349 264/470/350
f 236/431/321 264/471/351 209/432/322
f 209/432/322 264/471/351 237/472/352
f 237/434/324 266/473/353 238/433/323
f 237/434/324 265/474/354 266/473/353
f 238/436/326 267/475/355 239/435/325
f 238/436/326 266/476/356 267/475/355
f 239/438/325 268/477/357 240/437/327
f 239/438/325 267/478/355 268/477/357
f 240/437/327 269/479/358 241/439/328
f 240/437/327 268/477/357 269/479/358
f 241/439/328 270/480/359 242/440/329
f 241/439/328 269/479/358 270/480/359
f 242/440/329 271/481/360 243/441/330
f 242/440/329 270/480/359 271/481/360
f 243/441/330 272/482/361 244/442/331
f 243/441/330 271/481/360 272/482/361
f 244/442/331 273/483/362 245/443/332
f 244/442/331 272/482/361 273/483/362
f 245/445/332 274/484/363 246/444/333
f 245/445/332 273/485/362 274/484/363
f 246/444/333 275/486/364 247/446/334
f 246/444/333 274/484/363 275/486/364
f 247/446/334 276/487/365 248/447/335
f 247/446/334 275/486/364 276/487/365
f 248/447/335 277/488/366 249/448/336
f 248/447/335 276/487/365 277/488/366
f 249/450/336 278/489/367 250/449/337
f 249/450/336 277/490/366 278/489/367
f 250/452/247 279/491/368 251/451/247
f 250/452/247 278/492/369 279/491/368
f 251/453/159 279/493/370 252/454/159
f 252/454/159 279/493/370 280/494/371
f 252/455/338 280/495/372 253/456/339
f 253/456/339 280/495/372 281/496/373
f 253/456/339 281/496/373 254/457/340
f 254/457/340 281/496/373 282/497/374
f 254/458/340 282/498/374 255/459/341
f 255/459/341 282/498/374 283/499/375
f 255/459/341 283/499/375 256/460/342
f 256/460/342 283/499/375 284/500/376
f 256/460/342 284/500/376 257/461/343
f 257/461/343 284/500/376 285/501/377
f 257/462/343 285/502/377 258/463/344
f 258/463/344 285/502/377 286/503/378
f 258/463/344 286/503/378 259/464/345
f 259/464/345 286/503/378 287/504/379
f 259/464/345 287/504/379 260/465/346
f 260/465/346 287/504/379 288/505/380
f 260/466/346 288/506/380 261/467/347
f 261/467/347 288/506/380 289/507/381
f 261/467/347 289/507/381 262/468/348
f 262/468/348 289/507/381 290/508/382
f 262/468/348 290/508/382 263/469/349
f 263/469/349 290/508/382 291/509/383
f 263/469/349 291/509/383 264/470/350
f 264/470/350 291/509/383 292/510/384
f 264/471/351 292/511/385 237/472/352
f 237/472/352 292/511/385 265/512/386
f 265/474/354 294/513/387 266/473/353
f 265/474/354 293/514/388 294/513/387
f 266/476/356 295/515/389 267/475/355
f 266/476/356 294/516/390 295/515/389
f 267/478/355 296/517/391 268/477/357
f 267/478/355 295/518/389 296/517/391
f 268/477/357 297/519/392 269/479/358
f 268/477/357 296/517/391 297/519/392
f 269/479/358 298/520/393 270/480/359
f 269/479/358 297/519/392 298/520/393
f 270/480/359 299/521/394 271/481/360
f 270/480/359 298/520/393 299/521/394
f 271/481/360 300/522/395 272/482/361
f 271/481/360 299/521/394 300/522/395
f 272/482/361 301/523/396 273/483/362
f 272/482/361 300/522/395 301/523/396
f 273/485/362 302/524/397 274/484/363
f 273/485/362 301/525/396 302/524/397
f 274/484/363 303/526/398 275/486/364
f 274/484/363 302/524/397 303/526/398
f 275/486/364 303/526/398 276/487/365
f 276/487/365 303/526/398 304/527/399
f 276/487/365 304/527/399 277/488/366
f 277/490/366 304/528/399 305/529/400
f 277/490/366 305/529/400 278/489/367
f 278/489/367 305/529/400 306/530/401
f 278/492/369 306/531/402 279/491/368
f 279/491/368 306/531/402 307/532/403
f 279/493/370 308/533/404 280/494/371
f 279/493/370 307/534/405 308/533/404
f 280/495/372 308/535/406 281/496/373
f 281/496/373 308/535/406 309/536/407
f 281/496/373 309/536/407 282/497/374
f 282/497/374 309/536/407 310/537/408
f 282/498/374 310/538/408 283/499/375
f 283/499/375 310/538/408 311/539/409
f 283/499/375 311/539/409 284/500/376
f 284/500/376 311/539/409 312/540/410
f 284/500/376 312/540/410 285/501/377
f 285/501/377 312/540/410 313/541/411
f 285/502/377 313/542/411 286/503/378
f 286/503/378 313/542/411 314/543/412
f 286/503/378 314/543/412 287/504/379
f 287/504/379 314/543/412 315/544/413
f 287/504/379 315/544/413 288/505/380
f 288/505/380 315/544/413 316/545/414
f 288/506/380 316/546/414 289/507/381
f 289/507/381 316/546/414 317/547/415
f 289/507/381 317/547/415 290/508/382
f 290/508/382 317/547/415 318/548/416
f 290/508/382 318/548/416 291/509/383
f 291/509/383 318/548/416 319/549/417
f 291/509/383 319/549/417 292/510/384
f 292/510/384 319/549/417 320/550/418
f 292/511/385 320/551/419 265/512/386
f 265/512/386 320/551/419 293/552/420
f 293/514/388 322/553/421 294/513/387
f 293/514/388 321/554/422 322/553/421
f 294/516/390 323/555/423 295/515/389
f 294/516/390 322/556/424 323/555/423
f 295/518/389 324/557/425 296/517/391
f 295/518/389 323/558/423 324/557/425
f 296/517/391 325/559/426 297/519/392
f 296/517/391 324/557/425 325/559/426
f 297/519/392 326/560/427 298/520/393
f 297/519/392 325/559/426 326/560/427
f 298/520/393 327/561/428 299/521/394
f 298/520/393 326/560/427 327/561/428
f 299/521/394 328/562/429 300/522/395
f 299/521/394 327/561/428 328/562/429
f 300/522/395 328/562/429 301/523/396
f 301/523/396 328/562/429 329/563/430
f 301/525/396 329/564/430 302/524/397
f 302/524/397 329/564/430 330/565/431
f 302/524/397 330/565/431 303/526/398
f 303/526/398 330/565/431 331/566/432
f 303/526/398 331/566/432 304/527/399
f 304/527/399 331/566/432 332/567/433
f 304/528/399 332/568/433 305/529/400
f 305/529/400 332/568/433 333/569/434
f 305/529/400 333/569/434 306/530/401
f 306/530/401 333/569/434 334/570/435
f 306/571/402 334/572/436 307/573/403
f 307/573/403 334/572/436 335/574/437
f 307/534/405 336/575/438 308/533/404
f 307/576/405 335/577/439 336/578/438
f 308/535/406 337/579/440 309/536/407
f 308/535/406 336/580/441 337/579/440
f 309/536/407 338/581/442 310/537/408
f 309/536/407 337/579/440 338/581/442
f 310/538/408 339/582/443 311/539/409
f 310/538/408 338/583/442 339/582/443
f 311/539/409 340/584/444 312/540/410
f 311/539/409 339/582/443 340/584/444
f 312/540/410 340/584/444 313/541/411
f 313/541/411 340/584/444 341/585/445
f 313/542/411 341/586/445 314/543/412
f 314/543/412 341/586/445 342/587/446
f 314/543/412 342/587/446 315/544/413
f 315/544/413 342/587/446 343/588/447
f 315/544/413 343/588/447 316/545/414
f 316/545/414 343/588/447 344/589/448
f 316/546/414 344/590/448 317/547/415
f 317/591/415 344/589/448 345/592/449
f 317/547/415 345/593/449 318/548/416
f 318/548/416 345/593/449 346/594/450
f 318/548/416 346/594/450 319/549/417
f 319/549/417 346/594/450 347/595/451
f 319/549/417 347/595/451 320/550/418
f 320/550/418 347/595/451 348/596/452
f 320/551/419 348/597/453 293/552/420
f 293/552/420 348/597/453 321/598/454
f 321/554/422 350/599/455 322/553/421
f 321/554/422 349/600/456 350/599/455
f 322/556/424 351/601/457 323/555/423
f 322/556/424 350/602/458 351/601/457
f 323/558/423 352/603/459 324/557/425
f 323/558/423 351/604/457 352/603/459
f 324/557/425 353/605/460 325/559/426
f 324/557/425 352/603/459 353/605/460
f 325/559/426 354/606/461 326/560/427
f 325/559/426 353/605/460 354/606/461
f 326/560/427 355/607/462 327/561/428
f 326/560/427 354/606/461 355/607/462
f 327/561/428 356/608/463 328/562/429
f 327/561/428 355/607/462 356/608/463
f 328/562/429 356/608/463 329/563/430
f 329/563/430 356/608/463 357/609/464
f 329/564/430 357/610/464 330/565/431
f 330/565/431 357/610/464 358/611/465
f 330/565/431 358/611/465 331/566/432
f 331/566/432 358/611/465 359/612/466
f 331/566/432 359/612/466 332/567/433
f 332/567/433 359/612/466 360/613/467
f 332/568/433 360/614/467 333/569/434
f 333/569/434 360/614/467 361/615/468
f 333/569/434 361/615/468 334/570/435
f 334/570/435 361/615/468 362/616/469
f 334/572/436 362/617/470 335/574/437
f 335/574/437 362/617/470 363/618/471
f 335/577/439 364/619/472 336/578/438
f 335/577/439 363/620/473 364/619/472
f 336/580/441 365/621/474 337/579/440
f 336/580/441 364/622/475 365/621/474
f 337/579/440 366/623/476 338/581/442
f 337/579/440 365/621/474 366/623/476
f 338/583/442 367/624/477 339/582/443
f 338/581/442 366/623/476 367/625/477
f 339/582/443 368/626/478 340/584/444
f 339/582/443 367/624/477 368/626/478
f 340/584/444 368/626/478 341/585/445
f 341/585/445 368/626/478 369/627/479
f 341/586/445 369/628/479 342/587/446
f 342/629/446 369/627/479 370/630/480
f 342/587/446 370/631/480 343/588/447
f 343/588/447 370/631/480 371/632/481
f 343/588/447 371/632/481 344/589/448
f 344/589/448 371/632/481 372/633/482
f 344/589/448 372/633/482 345/592/449
f 345/592/449 372/633/482 373/634/483
f 345/593/449 373/635/483 346/594/450
f 346/594/450 373/635/483 374/636/484
f 346/594/450 374/636/484 347/595/451
f 347/595/451 374/636/484 375/637/485
f 347/595/451 375/637/485 348/596/452
f 348/596/452 375/637/485 376/638/486
f 348/597/453 376/639/487 321/598/454
f 321/598/454 376/639/487 349/640/488
f 349/600/456 377/641/489 350/599/455
f 350/599/455 377/641/489 378/642/490
f 350/602/458 378/643/491 351/601/457
f 351/604/457 378/644/491 379/645/492
f 351/604/457 379/645/492 352/603/459
f 352/603/459 379/645/492 380/646/493
f 352/603/459 380/646/493 353/605/460
f 353/605/460 380/646/493 381/647/494
f 353/605/460 381/647/494 354/606/461
f 354/606/461 381/647/494 382/648/495
f 354/606/461 382/648/495 355/607/462
f 355/607/462 382/648/495 383/649/496
f 355/607/462 383/649/496 356/608/463
f 356/608/463 383/649/496 384/650/497
f 356/608/463 384/650/497 357/609/464
f 357/610/464 384/651/497 385/652/498
f 357/610/464 385/652/498 358/611/465
f 358/611/465 385/652/498 386/653/499
f 358/611/465 386/653/499 359/612/466
f 359/612/466 386/653/499 387/654/500
f 359/612/466 387/654/500 360/613/467
f 360/614/467 387/655/500 388/656/501
f 360/614/467 388/656/501 361/615/468
f 361/615/468 388/656/501 389/657/502
f 361/615/468 389/657/502 362/616/469
f 362/616/469 389/657/502 390/658/503
f 362/617/470 390/659/504 363/618/471
f 363/618/471 390/659/504 391/660/505
f 363/620/473 392/661/506 364/619/472
f 363/620/473 391/662/507 392/661/506
f 364/622/475 393/663/508 365/621/474
f 364/622/475 392/664/509 393/663/508
f 365/621/474 394/665/510 366/623/476
f 365/621/474 393/663/508 394/665/510
f 366/623/476 395/666/511 367/625/477
f 366/623/476 394/665/510 395/666/511
f 367/624/477 396/667/512 368/626/478
f 367/624/477 395/668/511 396/667/512
f 368/626/478 397/669/513 369/627/479
f 368/626/478 396/667/512 397/669/513
f 369/627/479 398/670/514 370/630/480
f 369/627/479 397/669/513 398/670/514
f 370/631/480 399/671/515 371/632/481
f 370/631/480 398/672/514 399/671/515
f 371/632/481 400/673/516 372/633/482
f 371/632/481 399/671/515 400/673/516
f 372/633/482 401/674/517 373/634/483
f 372/633/482 400/673/516 401/674/517
f 373/635/483 402/675/518 374/636/484
f 373/635/483 401/676/517 402/675/518
f 374/636/484 403/677/519 375/637/485
f 374/636/484 402/675/518 403/677/519
f 375/637/485 404/678/520 376/638/486
f 375/637/485 403/677/519 404/678/520
f 376/639/487 377/679/521 349/640/488
f 376/639/487 404/680/522 377/679/521
f 377/641/489 405/681/523 378/642/490
f 378/642/490 405/681/523 406/682/524
f 378/683/491 406/684/525 379/685/492
f 379/645/492 406/686/525 407/687/526
f 379/645/492 407/687/526 380/646/493
f 380/646/493 407/687/526 408/688/527
f 380/646/493 408/688/527 381/647/494
f 381/647/494 408/688/527 409/689/528
f 381/647/494 409/689/528 382/648/495
f 382/648/495 409/689/528 410/690/529
f 382/648/495 410/690/529 383/649/496
f 383/649/496 410/690/529 411/691/530
f 383/649/496 411/691/530 384/650/497
f 384/650/497 411/691/530 412/692/531
f 384/651/497 412/693/531 385/652/498
f 385/652/498 412/693/531 413/694/532
f 385/652/498 413/694/532 386/653/499
f 386/653/499 413/694/532 414/695/533
f 386/653/499 414/695/533 387/654/500
f 387/654/500 414/695/533 415/696/534
f 387/655/500 415/697/534 388/656/501
f 388/656/501 415/697/534 416/698/535
f 388/656/501 416/698/535 389/657/502
f 389/657/502 416/698/535 417/699/536
f 389/657/502 417/699/536 390/658/503
f 390/658/503 417/699/536 418/700/537
f 390/659/504 418/701/538 391/660/505
f 391/660/505 418/701/538 419/702/539
f 391/662/507 420/703/540 392/661/506
f 391/662/507 419/704/541 420/703/540
f 392/664/509 421/705/542 393/663/508
f 392/664/509 420/706/543 421/705/542
f 393/663/508 422/707/544 394/665/510
f 393/663/508 421/705/542 422/707/544
f 394/665/510 423/708/545 395/666/511
f 394/665/510 422/707/544 423/708/545
f 395/668/511 424/709/546 396/667/512
f 395/666/511 423/708/545 424/710/546
f 396/667/512 425/711/547 397/669/513
f 396/667/512 424/709/546 425/711/547
f 397/669/513 426/712/548 398/670/514
f 397/669/513 425/711/547 426/712/548
f 398/672/514 427/713/549 399/671/515
f 398/670/514 426/712/548 427/714/549
f 399/671/515 428/715/550 400/673/516
f 399/671/515 427/713/549 428/715/550
f 400/673/516 429/716/551 401/674/517
f 400/673/516 428/715/550 429/716/551
f 401/676/517 430/717/552 402/675/518
f 401/676/517 429/718/551 430/717/552
f 402/675/518 431/719/553 403/677/519
f 402/675/518 430/717/552 431/719/553
f 403/677/519 432/720/554 404/678/520
f 403/677/519 431/719/553 432/720/554
f 404/680/522 405/721/555 377/679/521
f 404/680/522 432/722/556 405/721/555
f 405/681/523 433/723/557 406/682/524
f 406/682/524 433/723/557 434/724/558
f 406/686/525 434/725/559 407/687/526
f 407/687/526 434/725/559 435/726/560
f 407/687/526 435/726/560 408/688/527
f 408/688/527 435/726/560 436/727/561
f 408/688/527 436/727/561 409/689/528
f 409/689/528 436/727/561 437/728/562
f 409/689/528 438/729/563 410/690/529
f 409/689/528 437/728/562 438/729/563
f 410/690/529 439/730/564 411/691/530
f 410/690/529 438/729/563 439/730/564
f 411/691/530 440/731/565 412/692/531
f 411/691/530 439/730/564 440/731/565
f 412/693/531 441/732/566 413/694/532
f 412/693/531 440/733/565 441/732/566
f 413/694/532 442/734/567 414/695/533
f 413/694/532 441/732/566 442/734/567
f 414/695/533 443/735/568 415/696/534
f 414/695/533 442/734/567 443/735/568
f 415/697/534 444/736/569 416/698/535
f 415/697/534 443/737/568 444/736/569
f 416/698/535 445/738/570 417/699/536
f 416/698/535 444/736/569 445/738/570
f 417/699/536 446/739/571 418/700/537
f 417/699/536 445/738/570 446/739/571
f 418/740/572 447/741/573 419/742/574
f 418/740/572 446/743/575 447/741/573
f 419/744/576 447/745/577 420/746/578
f 420/746/578 447/745/577 448/747/579
f 420/706/543 448/748/580 421/705/542
f 421/705/542 448/748/580 449/749/581
f 421/705/542 449/749/581 422/707/544
f 422/707/544 449/749/581 450/750/582
f 422/707/544 450/750/582 423/708/545
f 423/708/545 450/750/582 451/751/583
f 423/708/545 451/751/583 424/710/546
f 424/709/546 451/752/583 452/753/584
f 424/709/546 452/753/584 425/711/547
f 425/711/547 452/753/584 453/754/585
f 425/711/547 453/754/585 426/712/548
f 426/712/548 453/754/585 454/755/586
f 426/712/548 454/755/586 427/714/549
f 427/714/549 454/755/586 455/756/587
f 427/713/549 455/757/587 428/715/550
f 428/715/550 455/757/587 456/758/588
f 428/715/550 456/758/588 429/716/551
f 429/716/551 456/758/588 457/759/589
f 429/718/551 457/760/589 430/717/552
f 430/761/552 457/759/589 458/762/590
f 430/717/552 458/763/590 431/719/553
f 431/719/553 458/763/590 459/764/591
f 431/719/553 460/765/592 432/720/554
f 431/719/553 459/764/591 460/765/592
f 432/722/556 433/766/593 405/721/555
f 432/722/556 460/767/594 433/766/593
f 433/723/557 461/768/595 434/724/558
f 434/769/558 461/770/595 462/771/596
f 434/725/559 462/772/597 435/726/560
f 435/726/560 462/772/597 463/773/598
f 435/726/560 463/773/598 436/727/561
f 436/727/561 463/773/598 464/774/599
f 436/727/561 464/774/599 437/728/562
f 437/728/562 464/774/599 465/775/600
f 437/728/562 466/776/601 438/729/563
f 437/728/562 465/775/600 466/776/601
f 438/729/563 467/777/602 439/730/564
f 438/729/563 466/776/601 467/777/602
f 439/730/564 468/778/603 440/731/565
f 439/779/564 467/780/602 468/781/603
f 440/733/565 469/782/604 441/732/566
f 440/733/565 468/781/603 469/782/604
f 441/732/566 470/783/605 442/734/567
f 441/732/566 469/782/604 470/783/605
f 442/734/567 471/784/606 443/735/568
f 442/734/567 470/783/605 471/784/606
f 443/737/568 472/785/607 444/736/569
f 443/737/568 471/786/606 472/785/607
f 444/736/569 473/787/608 445/738/570
f 444/736/569 472/785/607 473/787/608
f 445/738/570 474/788/609 446/739/571
f 445/738/570 473/787/608 474/788/609
f 446/743/575 475/789/610 447/741/573
f 446/743/575 474/790/611 475/789/610
f 447/745/577 475/791/612 448/747/579
f 448/747/579 475/791/612 476/792/613
f 448/748/580 476/793/614 449/749/581
f 449/749/581 476/793/614 477/794/615
f 449/749/581 477/794/615 450/750/582
f 450/750/582 477/794/615 478/795/616
f 450/750/582 478/795/616 451/751/583
f 451/751/583 478/795/616 479/796/617
f 451/752/583 479/797/617 452/753/584
f 452/753/584 479/797/617 480/798/618
f 452/753/584 480/798/618 453/754/585
f 453/754/585 480/798/618 481/799/619
f 453/754/585 481/799/619 454/755/586
f 454/755/586 481/799/619 482/800/620
f 454/755/586 482/800/620 455/756/587
f 455/756/587 482/800/620 483/801/621
f 455/757/587 483/802/621 456/758/588
f 456/758/588 483/802/621 484/803/622
f 456/758/588 484/803/622 457/759/589
f 457/759/589 484/803/622 485/804/623
f 457/759/589 485/804/623 458/762/590
f 458/762/590 485/804/623 486/805/624
f 458/763/590 486/806/624 459/764/591
f 459/764/591 486/806/624 487/807/625
f 459/764/591 488/808/626 460/765/592
f 459/764/591 487/807/625 488/808/626
f 460/767/594 461/809/627 433/766/593
f 460/767/594 488/810/628 461/809/627
f 461/770/595 489/811/629 462/771/596
f 462/771/596 489/811/629 490/812/630
f 462/772/597 490/813/631 463/773/598
f 463/773/598 490/813/631 491/814/632
f 463/773/598 491/814/632 464/774/599
f 464/774/599 491/814/632 492/815/633
f 464/774/599 493/816/634 465/775/600
f 464/774/599 492/815/633 493/816/634
f 465/775/600 494/817/635 466/776/601
f 465/775/600 493/816/634 494/817/635
f 466/776/601 495/818/636 467/777/602
f 466/776/601 494/817/635 495/818/636
f 467/780/602 496/819/637 468/781/603
f 467/780/602 495/820/636 496/819/637
f 468/781/603 497/821/638 469/782/604
f 468/781/603 496/819/637 497/821/638
f 469/782/604 498/822/639 470/783/605
f 469/782/604 497/821/638 498/822/639
f 470/783/605 499/823/640 471/784/606
f 470/783/605 498/822/639 499/823/640
f 471/786/606 500/824/641 472/785/607
f 471/786/606 499/825/640 500/824/641
f 472/785/607 501/826/642 473/787/608
f 472/785/607 500/824/641 501/826/642
f 473/787/608 502/827/643 474/788/609
f 473/787/608 501/826/642 502/827/643
f 474/790/611 503/828/644 475/789/610
f 474/790/611 502/829/645 503/828/644
f 475/791/612 503/830/646 476/792/613
f 476/792/613 503/830/646 504/831/647
f 476/793/614 504/832/648 477/794/615
f 477/794/615 504/832/648 505/833/649
f 477/794/615 505/833/649 478/795/616
f 478/795/616 505/833/649 506/834/650
f 478/795/616 506/834/650 479/796/617
f 479/796/617 506/834/650 507/835/651
f 479/797/617 507/836/651 480/798/618
f 480/798/618 507/836/651 508/837/652
f 480/798/618 508/837/652 481/799/619
f 481/799/619 508/837/652 509/838/653
f 481/799/619 509/838/653 482/800/620
f 482/800/620 509/838/653 510/839/654
f 482/800/620 510/839/654 483/801/621
f 483/801/621 510/839/654 511/840/655
f 483/802/621 511/841/655 484/803/622
f 484/803/622 511/841/655 512/842/656
f 484/803/622 512/842/656 485/804/623
f 485/804/623 512/842/656 513/843/657
f 485/804/623 513/843/657 486/805/624
f 486/805/624 513/843/657 514/844/658
f 486/806/624 514/845/658 487/807/625
f 487/807/625 514/845/658 515/846/659
f 487/807/625 515/846/659 488/808/626
f 488/808/626 515/846/659 516/847/660
f 488/810/628 489/848/661 461/809/627
f 488/810/628 516/849/662 489/848/661
f 489/811/629 517/850/663 490/812/630
f 490/812/630 517/850/663 518/851/664
f 490/813/631 518/852/665 491/814/632
f 491/814/632 518/852/665 519/853/666
f 491/814/632 519/853/666 492/815/633
f 492/815/633 519/853/666 520/854/667
f 492/815/633 521/855/668 493/816/634
f 492/815/633 520/854/667 521/855/668
f 493/816/634 522/856/669 494/817/635
f 493/816/634 521/855/668 522/856/669
f 494/817/635 523/857/670 495/818/636
f 494/817/635 522/856/669 523/857/670
f 495/820/636 524/858/671 496/819/637
f 495/820/636 523/859/670 524/858/671
f 496/819/637 525/860/672 497/821/638
f 496/819/637 524/858/671 525/860/672
f 497/821/638 526/861/673 498/822/639
f 497/821/638 525/860/672 526/861/673
f 498/822/639 527/862/674 499/823/640
f 498/822/639 526/861/673 527/862/674
f 499/825/640 528/863/675 500/824/641
f 499/825/640 527/864/674 528/863/675
f 500/824/641 529/865/676 501/826/642
f 500/824/641 528/863/675 529/865/676
f 501/826/642 530/866/677 502/827/643
f 501/826/642 529/865/676 530/866/677
f 502/829/645 531/867/678 503/828/644
f 502/868/645 530/869/679 531/870/678
f 503/830/646 531/871/680 504/831/647
f 504/831/647 531/871/680 532/872/681
f 504/832/648 532/873/682 505/833/649
f 505/833/649 532/873/682 533/874/683
f 505/833/649 533/874/683 506/834/650
f 506/834/650 533/874/683 534/875/684
f 506/834/650 534/875/684 507/835/651
f 507/835/651 534/875/684 535/876/685
f 507/836/651 535/877/685 508/837/652
f 508/837/652 535/877/685 536/878/686
f 508/837/652 536/878/686 509/838/653
f 509/838/653 536/878/686 537/879/687
f 509/838/653 537/879/687 510/839/654
f 510/839/654 537/879/687 538/880/688
f 510/839/654 538/880/688 511/840/655
f 511/840/655 538/880/688 539/881/689
f 511/841/655 539/882/689 512/842/656
f 512/842/656 539/882/689 540/883/690
f 512/842/656 540/883/690 513/843/657
f 513/843/657 540/883/690 541/884/691
f 513/843/657 541/884/691 514/844/658
f 514/844/658 541/884/691 542/885/692
f 514/845/658 542/886/692 515/846/659
f 515/887/659 542/885/692 543/888/693
f 515/846/659 543/889/693 516/847/660
f 516/847/660 543/889/693 544/890/694
f 516/849/662 517/891/695 489/848/661
f 516/849/662 544/892/696 517/891/695
f 517/850/663 545/893/697 518/851/664
f 518/851/664 545/893/697 546/894/698
f 518/852/665 546/895/699 519/853/666
f 519/853/666 546/895/699 547/896/700
f 519/853/666 547/896/700 520/854/667
f 520/854/667 547/896/700 548/897/701
f 520/854/667 549/898/702 521/855/668
f 520/854/667 548/897/701 549/898/702
f 521/855/668 550/899/703 522/856/669
f 521/855/668 549/898/702 550/899/703
f 522/856/669 551/900/704 523/857/670
f 522/856/669 550/899/703 551/900/704
f 523/859/670 552/901/705 524/858/671
f 523/859/670 551/902/704 552/901/705
f 524/858/671 553/903/706 525/860/672
f 524/858/671 552/901/705 553/903/706
f 525/860/672 554/904/707 526/861/673
f 525/860/672 553/903/706 554/904/707
f 526/861/673 555/905/708 527/862/674
f 526/861/673 554/904/707 555/905/708
f 527/864/674 556/906/709 528/863/675
f 527/864/674 555/907/708 556/906/709
f 528/863/675 557/908/710 529/865/676
f 528/863/675 556/906/709 557/908/710
f 529/865/676 558/909/711 530/866/677
f 529/865/676 557/908/710 558/909/711
f 530/869/679 559/910/712 531/870/678
f 530/869/679 558/911/713 559/910/712
f 531/871/680 559/912/714 532/872/681
f 532/913/681 559/914/714 560/915/715
f 532/873/682 560/916/716 533/874/683
f 533/874/683 560/916/716 561/917/717
f 533/874/683 561/917/717 534/875/684
f 534/875/684 561/917/717 562/918/718
f 534/875/684 562/918/718 535/876/685
f 535/876/685 562/918/718 563/919/719
f 535/877/685 563/920/719 536/878/686
f 536/878/686 563/920/719 564/921/720
f 536/878/686 564/921/720 537/879/687
f 537/879/687 564/921/720 565/922/721
f 537/879/687 565/922/721 538/880/688
f 538/880/688 565/922/721 566/923/722
f 538/880/688 566/923/722 539/881/689
f 539/881/689 566/923/722 567/924/723
f 539/882/689 567/925/723 540/883/690
f 540/883/690 567/925/723 568/926/724
f 540/883/690 568/926/724 541/884/691
f 541/884/691 568/926/724 569/927/725
f 541/884/691 569/927/725 542/885/692
f 542/885/692 569/927/725 570/928/726
f 542/885/692 570/928/726 543/888/693
f 543/888/693 570/928/726 571/929/727
f 543/889/693 571/930/727 544/890/694
f 544/890/694 571/930/727 572/931/728
f 544/932/696 545/933/729 517/934/695
f 544/932/696 572/935/730 545/933/729
f 545/893/697 573/936/731 546/894/698
f 546/894/698 573/936/731 574/937/732
f 546/895/699 574/938/733 547/896/700
f 547/896/700 574/938/733 575/939/734
f 547/896/700 575/939/734 548/897/701
f 548/897/701 575/939/734 576/940/735
f 548/897/701 577/941/736 549/898/702
f 548/897/701 576/940/735 577/941/736
f 549/898/702 578/942/737 550/899/703
f 549/898/702 577/941/736 578/942/737
f 550/899/703 579/943/738 551/900/704
f 550/899/703 578/942/737 579/943/738
f 551/902/704 580/944/739 552/901/705
f 551/902/704 579/945/738 580/944/739
f 552/901/705 581/946/740 553/903/706
f 552/901/705 580/944/739 581/946/740
f 553/903/706 582/947/741 554/904/707
f 553/903/706 581/946/740 582/947/741
f 554/904/707 583/948/742 555/905/708
f 554/904/707 582/947/741 583/948/742
f 555/907/708 584/949/743 556/906/709
f 555/905/708 583/948/742 584/950/743
f 556/906/709 585/951/744 557/908/710
f 556/906/709 584/949/743 585/951/744
f 557/908/710 586/952/745 558/909/711
f 557/908/710 585/951/744 586/952/745
f 558/911/713 587/953/746 559/910/712
f 558/911/713 586/954/747 587/953/746
f 559/914/714 587/955/748 560/915/715
f 560/915/715 587/955/748 588/956/749
f 560/916/716 588/957/750 561/917/717
f 561/917/717 588/957/750 589/958/751
f 561/917/717 589/958/751 562/918/718
f 562/918/718 589/958/751 590/959/752
f 562/918/718 590/959/752 563/919/719
f 563/919/719 590/959/752 591/960/753
f 563/920/719 591/961/753 564/921/720
f 564/921/720 591/961/753 592/962/754
f 564/921/720 592/962/754 565/922/721
f 565/922/721 592/962/754 593/963/755
f 565/922/721 593/963/755 566/923/722
f 566/923/722 593/963/755 594/964/756
f 566/923/722 594/964/756 567/924/723
f 567/924/723 594/964/756 595/965/757
f 567/925/723 595/966/757 568/926/724
f 568/926/724 595/966/757 596/967/758
f 568/926/724 596/967/758 569/927/725
f 569/927/725 596/967/758 597/968/759
f 569/927/725 597/968/759 570/928/726
f 570/928/726 597/968/759 598/969/760
f 570/928/726 598/969/760 571/929/727
f 571/929/727 598/969/760 599/970/761
f 571/930/727 599/971/761 572/931/728
f 572/972/728 599/970/761 600/973/762
f 572/935/730 573/974/763 545/933/729
f 572/935/730 600/975/764 573/974/763
f 573/936/731 601/976/765 574/937/732
f 574/937/732 601/976/765 602/977/766
f 574/938/733 602/978/767 575/939/734
f 575/939/734 602/978/767 603/979/768
f 575/939/734 603/979/768 576/940/735
f 576/940/735 603/979/768 604/980/769
f 576/940/735 605/981/770 577/941/736
f 576/940/735 604/980/769 605/981/770
f 577/941/736 606/982/771 578/942/737
f 577/941/736 605/981/770 606/982/771
f 578/942/737 607/983/772 579/943/738
f 578/942/737 606/982/771 607/983/772
f 579/945/738 608/984/773 580/944/739
f 579/945/738 607/985/772 608/984/773
f 580/944/739 609/986/774 581/946/740
f 580/944/739 608/984/773 609/986/774
f 581/946/740 610/987/775 582/947/741
f 581/946/740 609/986/774 610/987/775
f 582/947/741 611/988/776 583/948/742
f 582/947/741 610/987/775 611/988/776
f 583/948/742 612/989/777 584/950/743
f 583/948/742 611/988/776 612/989/777
f 584/949/743 613/990/778 585/951/744
f 584/949/743 612/991/777 613/990/778
f 585/951/744 614/992/779 586/952/745
f 585/951/744 613/990/778 614/992/779
f 586/954/747 615/993/780 587/953/746
f 586/954/747 614/994/781 615/993/780
f 587/955/748 615/995/782 588/956/749
f 588/956/749 615/995/782 616/996/783
f 588/957/750 616/997/784 589/958/751
f 589/958/751 616/997/784 617/998/785
f 589/958/751 617/998/785 590/959/752
f 590/959/752 617/998/785 618/999/786
f 590/1000/752 618/1001/786 591/961/753
f 591/961/753 618/1001/786 619/1002/787
f 591/961/753 619/1002/787 592/962/754
f 592/962/754 619/1002/787 620/1003/788
f 592/962/754 620/1003/788 593/963/755
f 593/963/755 620/1003/788 621/1004/789
f 593/963/755 621/1004/789 594/964/756
f 594/964/756 621/1004/789 622/1005/790
f 594/964/756 622/1005/790 595/965/757
f 595/965/757 622/1005/790 623/1006/791
f 595/966/757 623/1007/791 596/967/758
f 596/967/758 623/1007/791 624/1008/792
f 596/967/758 624/1008/792 597/968/759
f 597/968/759 624/1008/792 625/1009/793
f 597/968/759 625/1009/793 598/969/760
f 598/969/760 625/1009/793 626/1010/794
f 598/969/760 626/1010/794 599/970/761
f 599/970/761 626/1010/794 627/1011/795
f 599/970/761 627/1011/795 600/973/762
f 600/973/762 627/1011/795 628/1012/796
f 600/975/764 628/1013/797 573/974/763
f 573/974/763 628/1013/797 601/1014/798
f 601/1015/765 629/1016/799 602/1017/766
f 602/1017/766 629/1016/799 630/1018/800
f 602/978/767 630/1019/801 603/979/768
f 603/979/768 630/1019/801 631/1020/802
f 603/979/768 631/1020/802 604/980/769
f 604/980/769 631/1020/802 632/1021/803
f 604/980/769 632/1021/803 605/981/770
f 605/981/770 632/1021/803 633/1022/804
f 605/981/770 633/1022/804 606/982/771
f 606/982/771 633/1022/804 634/1023/805
f 606/982/771 635/1024/806 607/983/772
f 606/982/771 634/1023/805 635/1024/806
f 607/985/772 636/1025/807 608/984/773
f 607/985/772 635/1026/806 636/1025/807
f 608/984/773 637/1027/808 609/986/774
f 608/984/773 636/1025/807 637/1027/808
f 609/986/774 638/1028/809 610/987/775
f 609/986/774 637/1027/808 638/1028/809
f 610/987/775 639/1029/810 611/988/776
f 610/987/775 638/1028/809 639/1029/810
f 611/988/776 640/1030/811 612/989/777
f 611/988/776 639/1029/810 640/1030/811
f 612/991/777 641/1031/812 613/990/778
f 612/991/777 640/1032/811 641/1031/812
f 613/990/778 642/1033/813 614/992/779
f 613/990/778 641/1031/812 642/1033/813
f 614/994/781 643/1034/814 615/993/780
f 614/994/781 642/1035/815 643/1034/814
f 615/995/782 643/1036/816 616/996/783
f 616/996/783 643/1036/816 644/1037/817
f 616/997/784 644/1038/818 617/998/785
f 617/998/785 644/1038/818 645/1039/819
f 617/998/785 645/1039/819 618/999/786
f 618/999/786 645/1039/819 646/1040/820
f 618/1001/786 646/1041/820 619/1002/787
f 619/1002/787 646/1041/820 647/1042/821
f 619/1002/787 647/1042/821 620/1003/788
f 620/1003/788 647/1042/821 648/1043/822
f 620/1003/788 648/1043/822 621/1004/789
f 621/1004/789 648/1043/822 649/1044/823
f 621/1004/789 649/1044/823 622/1005/790
f 622/1005/790 649/1044/823 650/1045/824
f 622/1005/790 650/1045/824 623/1006/791
f 623/1006/791 650/1045/824 651/1046/825
f 623/1007/791 651/1047/825 624/1008/792
f 624/1048/792 651/1046/825 652/1049/826
f 624/1008/792 652/1050/826 625/1009/793
f 625/1009/793 652/1050/826 653/1051/827
f 625/1009/793 654/1052/828 626/1010/794
f 625/1009/793 653/1051/827 654/1052/828
f 626/1010/794 655/1053/829 627/1011/795
f 626/1010/794 654/1052/828 655/1053/829
f 627/1011/795 656/1054/830 628/1012/796
f 627/1011/795 655/1053/829 656/1054/830
f 628/1055/797 629/1056/831 601/1057/798
f 628/1055/797 656/1058/832 629/1056/831
f 629/1016/799 657/1059/833 630/1018/800
f 630/1018/800 657/1059/833 658/1060/834
f 630/1019/801 658/1061/835 631/1020/802
f 631/1020/802 658/1061/835 659/1062/836
f 631/1020/802 659/1062/836 632/1021/803
f 632/1021/803 659/1062/836 660/1063/837
f 632/1021/803 660/1063/837 633/1022/804
f 633/1022/804 660/1063/837 661/1064/838
f 633/1022/804 661/1064/838 634/1023/805
f 634/1023/805 661/1064/838 662/1065/839
f 634/1023/805 663/1066/840 635/1024/806
f 634/1023/805 662/1065/839 663/1066/840
f 635/1026/806 664/1067/841 636/1025/807
f 635/1026/806 663/1068/840 664/1067/841
f 636/1025/807 665/1069/842 637/1027/808
f 636/1025/807 664/1067/841 665/1069/842
f 637/1027/808 666/1070/843 638/1028/809
f 637/1027/808 665/1069/842 666/1070/843
f 638/1028/809 667/1071/844 639/1029/810
f 638/1028/809 666/1070/843 667/1071/844
f 639/1029/810 668/1072/845 640/1030/811
f 639/1029/810 667/1071/844 668/1072/845
f 640/1032/811 669/1073/846 641/1031/812
f 640/1032/811 668/1074/845 669/1073/846
f 641/1031/812 670/1075/847 642/1033/813
f 641/1031/812 669/1073/846 670/1075/847
f 642/1035/815 671/1076/848 643/1034/814
f 642/1035/815 670/1077/849 671/1076/848
f 643/1036/816 671/1078/850 644/1037/817
f 644/1037/817 671/1078/850 672/1079/851
f 644/1038/818 672/1080/852 645/1039/819
f 645/1039/819 672/1080/852 673/1081/853
f 645/1039/819 673/1081/853 646/1040/820
f 646/1041/820 673/1082/853 674/1083/854
f 646/1041/820 674/1083/854 647/1042/821
f 647/1042/821 674/1083/854 675/1084/855
f 647/1042/821 675/1084/855 648/1043/822
f 648/1043/822 675/1084/855 676/1085/856
f 648/1043/822 676/1085/856 649/1044/823
f 649/1044/823 676/1085/856 677/1086/857
f 649/1044/823 677/1086/857 650/1045/824
f 650/1045/824 677/1086/857 678/1087/858
f 650/1045/824 678/1087/858 651/1046/825
f 651/1046/825 678/1087/858 679/1088/859
f 651/1046/825 679/1088/859 652/1049/826
f 652/1049/826 679/1088/859 680/1089/860
f 652/1050/826 680/1090/860 653/1051/827
f 653/1051/827 680/1090/860 681/1091/861
f 653/1051/827 682/1092/862 654/1052/828
f 653/1051/827 681/1091/861 682/1092/862
f 654/1052/828 683/1093/863 655/1053/829
f 654/1052/828 682/1092/862 683/1093/863
f 655/1053/829 684/1094/864 656/1054/830
f 655/1053/829 683/1093/863 684/1094/864
f 656/1058/832 657/1095/865 629/1056/831
f 656/1058/832 684/1096/866 657/1095/865
f 657/1059/833 685/1097/867 658/1060/834
f 658/1060/834 685/1097/867 686/1098/868
f 658/1061/835 686/1099/869 659/1062/836
f 659/1062/836 686/1099/869 687/1100/870
f 659/1062/836 687/1100/870 660/1063/837
f 660/1063/837 687/1100/870 688/1101/871
f 660/1063/837 688/1101/871 661/1064/838
f 661/1064/838 688/1101/871 689/1102/872
f 661/1064/838 689/1102/872 662/1065/839
f 662/1065/839 689/1102/872 690/1103/873
f 662/1065/839 691/1104/874 663/1066/840
f 662/1065/839 690/1103/873 691/1104/874
f 663/1068/840 692/1105/875 664/1067/841
f 663/1068/840 691/1106/874 692/1105/875
f 664/1067/841 693/1107/876 665/1069/842
f 664/1067/841 692/1105/875 693/1107/876
f 665/1069/842 694/1108/877 666/1070/843
f 665/1069/842 693/1107/876 694/1108/877
f 666/1070/843 695/1109/878 667/1071/844
f 666/1070/843 694/1108/877 695/1109/878
f 667/1071/844 696/1110/879 668/1072/845
f 667/1071/844 695/1109/878 696/1110/879
f 668/1074/845 697/1111/880 669/1073/846
f 668/1074/845 696/1112/879 697/1111/880
f 669/1073/846 698/1113/881 670/1075/847
f 669/1073/846 697/1111/880 698/1113/881
f 670/1077/849 699/1114/882 671/1076/848
f 670/1077/849 698/1115/883 699/1114/882
f 671/1078/850 699/1116/884 672/1079/851
f 672/1079/851 699/1116/884 700/1117/885
f 672/1080/852 700/1118/886 673/1081/853
f 673/1081/853 700/1118/886 701/1119/887
f 673/1082/853 701/1120/887 674/1083/854
f 674/1083/854 701/1120/887 702/1121/888
f 674/1083/854 702/1121/888 675/1084/855
f 675/1084/855 702/1121/888 703/1122/889
f 675/1084/855 703/1122/889 676/1085/856
f 676/1085/856 703/1122/889 704/1123/890
f 676/1085/856 704/1123/890 677/1086/857
f 677/1086/857 704/1123/890 705/1124/891
f 677/1086/857 705/1124/891 678/1087/858
f 678/1087/858 705/1124/891 706/1125/892
f 678/1087/858 706/1125/892 679/1088/859
f 679/1088/859 706/1125/892 707/1126/893
f 679/1088/859 707/1126/893 680/1089/860
f 680/1089/860 707/1126/893 708/1127/894
f 680/1090/860 708/1128/894 681/1091/861
f 681/1129/861 708/1127/894 709/1130/895
f 681/1091/861 710/1131/896 682/1092/862
f 681/1091/861 709/1132/895 710/1131/896
f 682/1092/862 711/1133/897 683/1093/863
f 682/1092/862 710/1131/896 711/1133/897
f 683/1093/863 712/1134/898 684/1094/864
f 683/1093/863 711/1133/897 712/1134/898
f 684/1096/866 685/1135/899 657/1095/865
f 684/1096/866 712/1136/900 685/1135/899
f 685/1097/867 713/1137/901 686/1098/868
f 686/1098/868 713/1137/901 714/1138/902
f 686/1099/869 714/1139/903 687/1100/870
f 687/1100/870 714/1139/903 715/1140/904
f 687/1100/870 715/1140/904 688/1101/871
f 688/1101/871 715/1140/904 716/1141/905
f 688/1101/871 716/1141/905 689/1102/872
f 689/1102/872 716/1141/905 717/1142/906
f 689/1102/872 717/1142/906 690/1103/873
f 690/1103/873 717/1142/906 718/1143/907
f 690/1103/873 719/1144/908 691/1104/874
f 690/1103/873 718/1143/907 719/1144/908
f 691/1106/874 720/1145/909 692/1105/875
f 691/1106/874 719/1146/908 720/1145/909
f 692/1105/875 721/1147/910 693/1107/876
f 692/1105/875 720/1145/909 721/1147/910
f 693/1107/876 722/1148/911 694/1108/877
f 693/1107/876 721/1147/910 722/1148/911
f 694/1108/877 723/1149/912 695/1109/878
f 694/1108/877 722/1148/911 723/1149/912
f 695/1109/878 724/1150/913 696/1110/879
f 695/1109/878 723/1149/912 724/1150/913
f 696/1112/879 725/1151/914 697/1111/880
f 696/1112/879 724/1152/913 725/1151/914
f 697/1111/880 726/1153/915 698/1113/881
f 697/1111/880 725/1151/914 726/1153/915
f 698/1115/883 727/1154/916 699/1114/882
f 698/1115/883 726/1155/917 727/1154/916
f 699/1116/884 727/1156/918 700/1117/885
f 700/1117/885 727/1156/918 728/1157/919
f 700/1118/886 728/1158/920 701/1119/887
f 701/1120/887 728/1159/920 729/1160/921
f 701/1120/887 729/1160/921 702/1121/888
f 702/1121/888 729/1160/921 730/1161/922
f 702/1121/888 730/1161/922 703/1122/889
f 703/1122/889 730/1161/922 731/1162/923
f 703/1122/889 731/1162/923 704/1123/890
f 704/1123/890 731/1162/923 732/1163/924
f 704/1123/890 732/1163/924 705/1124/891
f 705/1124/891 732/1163/924 733/1164/925
f 705/1124/891 733/1164/925 706/1125/892
f 706/1125/892 733/1164/925 734/1165/926
f 706/1125/892 734/1165/926 707/1126/893
f 707/1126/893 734/1165/926 735/1166/927
f 707/1126/893 735/1166/927 708/1127/894
f 708/1127/894 735/1166/927 736/1167/928
f 708/1127/894 736/1167/928 709/1130/895
f 709/1130/895 736/1167/928 737/1168/929
f 709/1132/895 738/1169/930 710/1131/896
f 709/1130/895 737/1168/929 738/1170/930
f 710/1131/896 739/1171/931 711/1133/897
f 710/1131/896 738/1169/930 739/1171/931
f 711/1133/897 740/1172/932 712/1134/898
f 711/1133/897 739/1171/931 740/1172/932
f 712/1136/900 713/1173/933 685/1135/899
f 712/1136/900 740/1174/934 713/1173/933
f 713/1137/901 741/1175/935 714/1138/902
f 714/1138/902 741/1175/935 742/1176/936
f 714/1139/903 742/1177/937 715/1140/904
f 715/1140/904 742/1177/937 743/1178/938
f 715/1140/904 743/1178/938 716/1141/905
f 716/1141/905 743/1178/938 744/1179/939
f 716/1141/905 744/1179/939 717/1142/906
f 717/1142/906 744/1179/939 745/1180/940
f 717/1142/906 745/1180/940 718/1143/907
f 718/1143/907 745/1180/940 746/1181/941
f 718/1182/907 747/1183/942 719/1146/908
f 718/1143/907 746/1181/941 747/1184/943
f 719/1146/908 748/1185/944 720/1145/909
f 719/1146/908 747/1183/942 748/1185/944
f 720/1145/909 749/1186/945 721/1147/910
f 720/1145/909 748/1185/944 749/1186/945
f 721/1147/910 750/1187/946 722/1148/911
f 721/1147/910 749/1186/945 750/1187/946
f 722/1148/911 751/1188/947 723/1149/912
f 722/1148/911 750/1187/946 751/1188/947
f 723/1149/912 752/1189/948 724/1150/913
f 723/1149/912 751/1188/947 752/1189/948
f 724/1152/913 753/1190/949 725/1151/914
f 724/1152/913 752/1191/948 753/1190/949
f 725/1151/914 754/1192/950 726/1153/915
f 725/1151/914 753/1190/949 754/1192/950
f 726/1155/917 755/1193/951 727/1154/916
f 726/1155/917 754/1194/952 755/1193/951
f 727/1156/918 755/1195/953 728/1157/919
f 728/1157/919 755/1195/953 756/1196/954
f 728/1159/920 756/1197/955 729/1160/921
f 729/1160/921 756/1197/955 757/1198/956
f 729/1160/921 757/1198/956 730/1161/922
f 730/1161/922 757/1198/956 758/1199/957
f 730/1161/922 758/1199/957 731/1162/923
f 731/1162/923 758/1199/957 759/1200/958
f 731/1162/923 759/1200/958 732/1163/924
f 732/1163/924 759/1200/958 760/1201/959
f 732/1163/924 760/1201/959 733/1164/925
f 733/1164/925 760/1201/959 761/1202/960
f 733/1164/925 761/1202/960 734/1165/926
f 734/1165/926 761/1202/960 762/1203/961
f 734/1165/926 762/1203/961 735/1166/927
f 735/1166/927 762/1203/961 763/1204/962
f 735/1166/927 763/1204/962 736/1167/928
f 736/1167/928 763/1204/962 764/1205/963
f 736/1167/928 764/1205/963 737/1168/929
f 737/1168/929 764/1205/963 765/1206/964
f 737/1168/929 766/1207/965 738/1170/930
f 737/1168/929 765/1206/964 766/1207/965
f 738/1169/930 767/1208/966 739/1171/931
f 738/1170/930 766/1207/965 767/1209/966
f 739/1171/931 768/1210/967 740/1172/932
f 739/1211/931 767/1209/966 768/1212/967
f 740/1174/934 741/1213/968 713/1173/933
f 740/1174/934 768/1214/969 741/1213/968
f 741/1175/935 769/1215/970 742/1176/936
f 742/1176/936 769/1215/970 770/1216/971
f 742/1177/937 770/1217/972 743/1178/938
f 743/1178/938 770/1217/972 771/1218/973
f 743/1178/938 771/1218/973 744/1179/939
f 744/1179/939 771/1218/973 772/1219/974
f 744/1179/939 772/1219/974 745/1180/940
f 745/1180/940 772/1219/974 773/1220/975
f 745/1180/940 773/1220/975 746/1181/941
f 746/1181/941 773/1220/975 774/1221/976
f 746/1222/941 774/1223/976 747/1224/943
f 747/1184/943 774/1221/976 775/1225/977
f 747/1183/942 776/1226/978 748/1185/944
f 747/1183/979 775/1227/980 776/1226/978
f 748/1185/944 777/1228/981 749/1186/945
f 748/1185/944 776/1226/978 777/1228/981
f 749/1186/945 778/1229/982 750/1187/946
f 749/1186/945 777/1228/981 778/1229/982
f 750/1187/946 779/1230/983 751/1188/947
f 750/1187/946 778/1229/982 779/1230/983
f 751/1188/947 780/1231/984 752/1189/948
f 751/1232/947 779/1233/983 780/1234/984
f 752/1191/948 781/1235/985 753/1190/949
f 752/1191/948 780/1234/984 781/1235/985
f 753/1190/949 782/1236/986 754/1192/950
f 753/1190/949 781/1235/985 782/1236/986
f 754/1194/952 783/1237/987 755/1193/951
f 754/1194/952 782/1238/988 783/1237/987
f 755/1195/953 783/1239/989 756/1196/954
f 756/1196/954 783/1239/989 784/1240/990
f 756/1197/955 784/1241/991 757/1198/956
f 757/1198/956 784/1241/991 785/1242/992
f 757/1198/956 785/1242/992 758/1199/957
f 758/1199/957 785/1242/992 786/1243/993
f 758/1199/957 786/1243/993 759/1200/958
f 759/1200/958 786/1243/993 787/1244/994
f 759/1200/958 787/1244/994 760/1201/959
f 760/1201/959 787/1244/994 788/1245/995
f 760/1201/959 788/1245/995 761/1202/960
f 761/1202/960 788/1245/995 789/1246/996
f 761/1202/960 789/1246/996 762/1203/961
f 762/1203/961 789/1246/996 790/1247/997
f 762/1203/961 790/1247/997 763/1204/962
f 763/1204/962 790/1247/997 791/1248/998
f 763/1204/962 791/1248/998 764/1205/963
f 764/1205/963 791/1248/998 792/1249/999
f 764/1205/963 792/1249/999 765/1206/964
f 765/1206/964 792/1249/999 793/1250/1000
f 765/1206/964 794/1251/1001 766/1207/965
f 765/1206/964 793/1250/1000 794/1251/1001
f 766/1207/965 795/1252/1002 767/1209/966
f 766/1207/965 794/1251/1001 795/1252/1002
f 767/1209/966 796/1253/1003 768/1212/967
f 767/1209/966 795/1252/1002 796/1253/1003
f 768/1214/969 769/1254/1004 741/1213/968
f 768/1214/969 796/1255/1005 769/1254/1004
f 769/1215/970 797/1256/1006 770/1216/971
f 770/1216/971 797/1256/1006 798/1257/1007
f 770/1217/972 798/1258/1008 771/1218/973
f 771/1218/973 798/1258/1008 799/1259/1009
f 771/1218/973 799/1259/1009 772/1219/974
f 772/1219/974 799/1259/1009 800/1260/1010
f 772/1219/974 800/1260/1010 773/1220/975
f 773/1220/975 800/1260/1010 801/1261/1011
f 773/1220/975 801/1261/1011 774/1221/976
f 774/1221/976 801/1261/1011 802/1262/1012
f 774/1221/976 802/1262/1012 775/1225/977
f 775/1225/977 802/1262/1012 803/1263/1013
f 775/1227/980 804/1264/1014 776/1226/978
f 775/1265/980 803/1266/1015 804/1267/1014
f 776/1226/978 805/1268/1016 777/1228/981
f 776/1269/978 804/1270/1014 805/1271/1016
f 777/1228/981 806/1272/1017 778/1229/982
f 777/1273/981 805/1274/1016 806/1275/1017
f 778/1229/982 807/1276/1018 779/1230/983
f 778/1277/982 806/1278/1017 807/1279/1018
f 779/1233/983 808/1280/1019 780/1234/984
f 779/1233/983 807/1281/1018 808/1280/1019
f 780/1234/984 809/1282/1020 781/1235/985
f 780/1234/984 808/1280/1019 809/1282/1020
f 781/1235/985 810/1283/1021 782/1236/986
f 781/1235/985 809/1282/1022 810/1283/1023
f 782/1238/988 811/1284/1024 783/1237/987
f 782/1238/988 810/1285/1025 811/1284/1026
f 783/1239/989 811/1286/1027 784/1240/990
f 784/1240/990 811/1286/1027 812/1287/1028
f 784/1241/991 812/1288/1029 785/1242/992
f 785/1242/992 812/1288/1029 813/1289/1030
f 785/1242/992 813/1289/1030 786/1243/993
f 786/1243/993 813/1289/1030 814/1290/1031
f 786/1243/993 814/1290/1031 787/1244/994
f 787/1244/994 814/1290/1031 815/1291/1032
f 787/1244/994 815/1291/1032 788/1245/995
f 788/1245/995 815/1291/1032 816/1292/1033
f 788/1245/995 816/1292/1033 789/1246/996
f 789/1246/996 816/1292/1033 817/1293/1034
f 789/1246/996 817/1293/1034 790/1247/997
f 790/1247/997 817/1293/1034 818/1294/1035
f 790/1247/997 818/1294/1035 791/1248/998
f 791/1248/998 818/1294/1035 819/1295/1036
f 791/1248/998 819/1295/1036 792/1249/999
f 792/1249/999 819/1295/1036 820/1296/1037
f 792/1249/999 820/1296/1037 793/1250/1000
f 793/1250/1000 820/1296/1037 821/1297/1038
f 793/1250/1000 822/1298/1039 794/1251/1001
f 793/1250/1000 821/1297/1038 822/1298/1039
f 794/1251/1001 823/1299/1040 795/1252/1002
f 794/1251/1001 822/1298/1039 823/1299/1040
f 795/1252/1002 824/1300/1041 796/1253/1003
f 795/1252/1002 823/1299/1042 824/1300/1043
f 796/1255/1005 797/1301/1044 769/1254/1004
f 796/1255/1005 824/1302/1045 797/1301/1044
f 54/1303/1046 55/1304/1047 56/1305/1048
f 53/1306/1049 54/1303/1046 56/1305/1048
f 53/1306/1049 56/1305/1048 57/1307/1050
f 53/1306/1049 57/1307/1050 58/1308/1051
f 52/1309/1052 53/1306/1049 58/1308/1051
f 52/1309/1052 58/1308/1051 59/1310/1053
f 51/1311/1054 52/1309/1052 59/1310/1053
f 51/1311/1054 59/1310/1053 60/1312/1055
f 50/1313/1056 51/1311/1054 60/1312/1055
f 50/1313/1056 60/1312/1055 61/1314/1057
f 49/1315/1058 50/1313/1056 61/1314/1057
f 49/1315/1058 61/1314/1057 62/1316/1059
f 48/1317/1060 49/1315/1058 62/1316/1059
f 48/1317/1060 62/1316/1059 63/1318/1061
f 47/1319/1062 48/1317/1060 63/1318/1061
f 47/1319/1062 63/1318/1061 64/1320/1063
f 46/1321/1064 47/1319/1062 64/1320/1063
f 45/1322/1065 46/1321/1064 64/1320/1063
f 45/1322/1065 64/1320/1063 65/1323/1066
f 44/1324/1067 45/1322/1065 65/1323/1066
f 44/1324/1067 65/1323/1066 66/1325/1068
f 43/1326/1069 44/1324/1067 66/1325/1068
f 43/1326/1069 66/1325/1068 67/1327/1070
f 42/1328/1071 43/1326/1069 67/1327/1070
f 42/1328/1071 67/1327/1070 68/1329/1072
f 41/1330/1073 42/1328/1071 68/1329/1072
f 825/1331/1074 798/1257/1007 797/1256/1006
f 825/1332/1075 799/1333/1076 798/1334/1077
f 825/1332/1075 800/1335/1078 799/1333/1076
f 825/1332/1075 801/1336/1079 800/1335/1078
f 825/1332/1075 802/1337/1080 801/1336/1079
f 825/1332/1075 803/1338/1081 802/1337/1080
f 825/1339/1082 804/1340/1083 803/1341/1084
f 825/1339/1082 805/1342/1085 804/1340/1083
f 825/1339/1082 806/1343/1086 805/1342/1085
f 825/1339/1082 807/1344/1087 806/1343/1086
f 825/1339/1082 808/1345/1088 807/1344/1087
f 825/1339/1082 809/1346/1089 808/1345/1088
f 825/1339/1082 810/1347/1090 809/1346/1089
f 825/1348/1091 811/1284/1026 810/1285/1025
f 825/1349/1092 812/1287/1028 811/1286/1093
f 825/1350/1094 813/1289/1095 812/1288/1096
f 825/1350/1094 814/1290/1097 813/1289/1095
f 825/1350/1094 815/1291/1098 814/1290/1097
f 825/1350/1094 816/1292/1099 815/1291/1098
f 825/1350/1094 817/1293/1100 816/1292/1099
f 825/1350/1094 818/1294/1101 817/1293/1100
f 825/1350/1094 819/1295/1102 818/1294/1101
f 825/1350/1094 820/1296/1103 819/1295/1102
f 825/1350/1094 821/1297/1104 820/1296/1103
f 825/1350/1094 822/1298/1105 821/1297/1104
f 825/1350/1094 823/1299/1106 822/1298/1105
f 825/1350/1094 824/1300/1107 823/1299/1106
f 825/1351/1108 797/1301/1044 824/1302/1045
