# mech2 legs - Leg_L_White.obj  (generated by source/build.py; do not edit by hand)
# frame: Leg_L hip-joint centre = origin, studs, +Y up, -Z forward
# segment: whole leg  colour: White RGB (236, 236, 232)  pieces: thigh_plate_out, thigh_plate_in, knee_block, shin_plate, shin_flank_out, shin_flank_in, achilles, toe_plate
# bbox centre in leg frame: [-0.1693, -4.3852, -0.5957]  size: [2.7948, 8.1502, 4.6512]
# segment pivot (Hip) in leg frame: [0.0, 0.0, 0.0]
o Leg_L_White
v -1.43208 -0.31008 -1.17983
v -1.45574 -0.31008 -1.14420
v -1.47288 -0.31008 -1.12706
v -1.47288 -0.31008 -1.05445
v -1.45574 -0.31008 -1.03731
v -1.43208 -0.31008 -1.03731
v -0.67842 -0.81600 -1.61426
v -1.22400 -0.81600 -1.43474
v -1.37088 -0.81600 -1.28786
v -1.37088 -0.81600 -0.66973
v -1.28928 -0.81600 -0.58813
v -0.67842 -0.81600 -0.58813
v -0.20400 -1.12608 -1.88053
v -1.10617 -1.12608 -1.70101
v -1.25305 -1.12608 -1.55413
v -1.25305 -1.12608 -0.39443
v -1.17145 -1.12608 -0.31283
v -0.20400 -1.12608 -0.31283
v -0.21288 -1.63200 -2.31496
v -0.91392 -1.63200 -2.13544
v -1.06080 -1.63200 -1.98856
v -1.06080 -1.63200 0.05476
v -0.97920 -1.63200 0.13636
v -0.21288 -1.63200 0.13636
v -0.21459 -1.72992 -2.39904
v -0.89140 -1.72992 -2.21952
v -1.03828 -1.72992 -2.07264
v -1.03828 -1.72992 0.14169
v -0.95668 -1.72992 0.22329
v -0.21459 -1.72992 0.22329
v -0.21889 -1.97472 -2.18169
v -0.83509 -1.97472 -2.00217
v -0.98197 -1.97472 -1.85529
v -0.98197 -1.97472 0.35904
v -0.90037 -1.97472 0.44064
v -0.21889 -1.97472 0.44064
v -0.22719 -2.44800 -1.76149
v -0.72624 -2.44800 -1.58197
v -0.87312 -2.44800 -1.43509
v -0.87312 -2.44800 -0.04736
v -0.79152 -2.44800 0.03424
v -0.22719 -2.44800 0.03424
v -0.23507 -2.89680 -1.36303
v -0.66912 -2.89680 -1.18351
v -0.81600 -2.89680 -1.03663
v -0.81600 -2.89680 -0.43275
v -0.73440 -2.89680 -0.35115
v -0.23507 -2.89680 -0.35115
v -0.22440 -3.45168 -0.87037
v -0.24806 -3.45168 -0.85969
v -0.26520 -3.45168 -0.84255
v -0.26520 -3.45168 -0.84476
v -0.24806 -3.45168 -0.82762
v -0.22440 -3.45168 -0.82762
v 1.18728 -0.42432 -1.27793
v 1.18728 -0.42432 -0.93588
v 1.21094 -0.42432 -0.93588
v 1.22808 -0.42432 -0.95302
v 1.22808 -0.42432 -1.17528
v 1.21094 -0.42432 -1.19242
v -0.20400 -1.12608 -1.88053
v -0.20400 -1.12608 -0.31283
v 0.91271 -1.12608 -0.31283
v 0.99431 -1.12608 -0.39443
v 0.99431 -1.12608 -1.55413
v 0.84743 -1.12608 -1.70101
v -0.21288 -1.63200 -2.31496
v -0.21288 -1.63200 0.13636
v 0.75888 -1.63200 0.13636
v 0.84048 -1.63200 0.05476
v 0.84048 -1.63200 -1.98856
v 0.69360 -1.63200 -2.13544
v -0.21459 -1.72992 -2.39904
v -0.21459 -1.72992 0.22329
v 0.72755 -1.72992 0.22329
v 0.80915 -1.72992 0.14169
v 0.80915 -1.72992 -2.07264
v 0.66227 -1.72992 -2.21952
v -0.21889 -1.97472 -2.18169
v -0.21889 -1.97472 0.44064
v 0.64921 -1.97472 0.44064
v 0.73081 -1.97472 0.35904
v 0.73081 -1.97472 -1.85529
v 0.58393 -1.97472 -2.00217
v -0.22719 -2.44800 -1.76149
v -0.22719 -2.44800 0.03424
v 0.49776 -2.44800 0.03424
v 0.57936 -2.44800 -0.04736
v 0.57936 -2.44800 -1.43509
v 0.43248 -2.44800 -1.58197
v -0.23507 -2.89680 -1.36303
v -0.23507 -2.89680 -0.35115
v 0.40800 -2.89680 -0.35115
v 0.48960 -2.89680 -0.43275
v 0.48960 -2.89680 -1.03663
v 0.34272 -2.89680 -1.18351
v -0.26520 -3.45168 -0.87037
v -0.26520 -3.45168 -0.82762
v -0.24154 -3.45168 -0.82762
v -0.22440 -3.45168 -0.84476
v -0.22440 -3.45168 -0.84255
v -0.24154 -3.45168 -0.85969
v -0.15738 -2.92128 -0.36312
v -0.80220 -2.92128 -0.35292
v -0.81934 -2.92128 -0.33578
v -0.81934 -2.92128 -0.33946
v -0.80220 -2.92128 -0.32232
v -0.15738 -2.92128 -0.32232
v 0.48745 -2.92128 -0.32232
v 0.50458 -2.92128 -0.33946
v 0.50458 -2.92128 -0.33578
v 0.48745 -2.92128 -0.35292
v -0.15906 -3.02736 -0.42180
v -0.72383 -3.02736 -0.32388
v -0.82175 -3.02736 -0.22596
v -0.82175 -3.02736 -0.03264
v -0.78095 -3.02736 0.00816
v -0.15906 -3.02736 0.00816
v 0.46282 -3.02736 0.00816
v 0.50362 -3.02736 -0.03264
v 0.50362 -3.02736 -0.22596
v 0.40570 -3.02736 -0.32388
v -0.16452 -3.37008 -0.67728
v -0.73162 -3.37008 -0.57936
v -0.82954 -3.37008 -0.48144
v -0.82954 -3.37008 0.00544
v -0.78874 -3.37008 0.04624
v -0.16452 -3.37008 0.04624
v 0.45970 -3.37008 0.04624
v 0.50050 -3.37008 0.00544
v 0.50050 -3.37008 -0.48144
v 0.40258 -3.37008 -0.57936
v -0.17737 -4.17792 -0.50592
v -0.74998 -4.17792 -0.40800
v -0.84790 -4.17792 -0.31008
v -0.84790 -4.17792 0.09520
v -0.80710 -4.17792 0.13600
v -0.17737 -4.17792 0.13600
v 0.45236 -4.17792 0.13600
v 0.49316 -4.17792 0.09520
v 0.49316 -4.17792 -0.31008
v 0.39524 -4.17792 -0.40800
v -0.18360 -4.56960 0.15912
v -0.83966 -4.56960 0.16932
v -0.85680 -4.56960 0.18646
v -0.85680 -4.56960 0.18278
v -0.83966 -4.56960 0.19992
v -0.18360 -4.56960 0.19992
v 0.47246 -4.56960 0.19992
v 0.48960 -4.56960 0.18278
v 0.48960 -4.56960 0.18646
v 0.47246 -4.56960 0.16932
v -0.23679 -4.16160 -0.52632
v -0.42055 -4.16160 -0.51612
v -0.43769 -4.16160 -0.49898
v -0.43769 -4.16160 -0.50266
v -0.42055 -4.16160 -0.48552
v -0.23679 -4.16160 -0.48552
v -0.10845 -4.16160 -0.48552
v -0.09131 -4.16160 -0.50266
v -0.09131 -4.16160 -0.50180
v -0.10845 -4.16160 -0.51893
v -0.18082 -4.52880 -0.65781
v -0.94656 -4.52880 -0.49461
v -1.07712 -4.52880 -0.36405
v -1.07712 -4.52880 0.02938
v -0.99552 -4.52880 0.11098
v -0.18082 -4.52880 0.11098
v 0.38663 -4.52880 0.11098
v 0.46823 -4.52880 0.02938
v 0.46823 -4.52880 -0.40907
v 0.33767 -4.52880 -0.53963
v -0.14742 -4.56960 -0.67468
v -0.95291 -4.56960 -0.51148
v -1.08347 -4.56960 -0.38092
v -1.08347 -4.56960 0.09792
v -1.00187 -4.56960 0.17952
v -0.14742 -4.56960 0.17952
v 0.44880 -4.56960 0.17952
v 0.53040 -4.56960 0.09792
v 0.53040 -4.56960 -0.42594
v 0.39984 -4.56960 -0.55650
v -0.16342 -4.81440 -0.77594
v -0.99099 -4.81440 -0.61274
v -1.12155 -4.81440 -0.48218
v -1.12155 -4.81440 0.42432
v -1.03995 -4.81440 0.50592
v -0.16342 -4.81440 0.50592
v 0.44880 -4.81440 0.50592
v 0.53040 -4.81440 0.42432
v 0.53040 -4.81440 -0.52720
v 0.39984 -4.81440 -0.65776
v -0.16875 -4.89600 -0.80969
v -1.00368 -4.89600 -0.64649
v -1.13424 -4.89600 -0.51593
v -1.13424 -4.89600 0.42585
v -1.05264 -4.89600 0.50745
v -0.16875 -4.89600 0.50745
v 0.44880 -4.89600 0.50745
v 0.53040 -4.89600 0.42585
v 0.53040 -4.89600 -0.56096
v 0.39984 -4.89600 -0.69152
v -0.20016 -5.30400 -0.97846
v -1.11792 -5.30400 -0.81526
v -1.24848 -5.30400 -0.68470
v -1.24848 -5.30400 0.43350
v -1.16688 -5.30400 0.51510
v -0.20016 -5.30400 0.51510
v 0.47736 -5.30400 0.51510
v 0.55896 -5.30400 0.43350
v 0.55896 -5.30400 -0.72972
v 0.42840 -5.30400 -0.86028
v -0.22130 -5.71200 -1.14722
v -1.20768 -5.71200 -0.98402
v -1.33824 -5.71200 -0.85346
v -1.33824 -5.71200 0.44115
v -1.25664 -5.71200 0.52275
v -0.22130 -5.71200 0.52275
v 0.50592 -5.71200 0.52275
v 0.58752 -5.71200 0.44115
v 0.58752 -5.71200 -0.89848
v 0.45696 -5.71200 -1.02904
v -0.22255 -5.95680 -1.24848
v -1.24534 -5.95680 -1.08528
v -1.37590 -5.95680 -0.95472
v -1.37590 -5.95680 0.44574
v -1.29430 -5.95680 0.52734
v -0.22255 -5.95680 0.52734
v 0.53103 -5.95680 0.52734
v 0.61263 -5.95680 0.44574
v 0.61263 -5.95680 -0.99974
v 0.48207 -5.95680 -1.13030
v -0.22293 -6.03024 -1.22695
v -1.25664 -6.03024 -1.06375
v -1.38720 -6.03024 -0.93319
v -1.38720 -6.03024 0.44712
v -1.30560 -6.03024 0.52872
v -0.22293 -6.03024 0.52872
v 0.53856 -6.03024 0.52872
v 0.62016 -6.03024 0.44712
v 0.62016 -6.03024 -0.97822
v 0.48960 -6.03024 -1.10878
v -0.90168 -6.03024 -1.22695
v -1.32192 -6.03024 -1.22695
v -1.38720 -6.03024 -1.16167
v -1.38720 -6.03024 0.47976
v -1.33824 -6.03024 0.52872
v -0.90168 -6.03024 0.52872
v -0.46512 -6.03024 0.52872
v -0.41616 -6.03024 0.47976
v -0.41616 -6.03024 -1.16167
v -0.48144 -6.03024 -1.22695
v -0.96354 -6.12000 -1.20065
v -1.38720 -6.12000 -1.20065
v -1.45248 -6.12000 -1.13537
v -1.45248 -6.12000 0.48144
v -1.40352 -6.12000 0.53040
v -0.96354 -6.12000 0.53040
v -0.52357 -6.12000 0.53040
v -0.47461 -6.12000 0.48144
v -0.47461 -6.12000 -1.13537
v -0.53989 -6.12000 -1.20065
v -1.09551 -6.43008 -1.10976
v -1.44922 -6.43008 -1.10976
v -1.51450 -6.43008 -1.04448
v -1.51450 -6.43008 0.44880
v -1.46554 -6.43008 0.49776
v -1.09551 -6.43008 0.49776
v -0.72548 -6.43008 0.49776
v -0.67652 -6.43008 0.44880
v -0.67652 -6.43008 -1.04448
v -0.74180 -6.43008 -1.10976
v -1.13718 -6.52800 -1.06209
v -1.46880 -6.52800 -1.06209
v -1.53408 -6.52800 -0.99681
v -1.53408 -6.52800 0.43849
v -1.48512 -6.52800 0.48745
v -1.13718 -6.52800 0.48745
v -0.78924 -6.52800 0.48745
v -0.74028 -6.52800 0.43849
v -0.74028 -6.52800 -0.99681
v -0.80556 -6.52800 -1.06209
v -1.21380 -6.73200 -0.96277
v -1.48920 -6.73200 -0.96277
v -1.55448 -6.73200 -0.89749
v -1.55448 -6.73200 0.41702
v -1.50552 -6.73200 0.46598
v -1.21380 -6.73200 0.46598
v -0.92208 -6.73200 0.46598
v -0.87312 -6.73200 0.41702
v -0.87312 -6.73200 -0.89749
v -0.93840 -6.73200 -0.96277
v -1.27529 -6.85440 -0.90318
v -1.50144 -6.85440 -0.90318
v -1.56672 -6.85440 -0.83790
v -1.56672 -6.85440 0.40413
v -1.51776 -6.85440 0.45309
v -1.27529 -6.85440 0.45309
v -1.03282 -6.85440 0.45309
v -0.98386 -6.85440 0.40413
v -0.98386 -6.85440 -0.83790
v -1.04914 -6.85440 -0.90318
v -1.29239 -6.89520 -0.88332
v -1.49872 -6.89520 -0.88332
v -1.56400 -6.89520 -0.81804
v -1.56400 -6.89520 0.39984
v -1.51504 -6.89520 0.44880
v -1.29239 -6.89520 0.44880
v -1.06974 -6.89520 0.44880
v -1.02078 -6.89520 0.39984
v -1.02078 -6.89520 -0.81804
v -1.08606 -6.89520 -0.88332
v -1.36762 -7.07472 -0.79592
v -1.48675 -7.07472 -0.79592
v -1.55203 -7.07472 -0.73064
v -1.55203 -7.07472 0.17875
v -1.50307 -7.07472 0.22771
v -1.36762 -7.07472 0.22771
v -1.23216 -7.07472 0.22771
v -1.18320 -7.07472 0.17875
v -1.18320 -7.07472 -0.73064
v -1.24848 -7.07472 -0.79592
v -1.42215 -7.34400 -0.66483
v -1.46880 -7.34400 -0.66483
v -1.53408 -7.34400 -0.59955
v -1.53408 -7.34400 -0.15289
v -1.48512 -7.34400 -0.10393
v -1.42215 -7.34400 -0.10393
v -1.35918 -7.34400 -0.10393
v -1.31022 -7.34400 -0.15289
v -1.31022 -7.34400 -0.59955
v -1.37550 -7.34400 -0.66483
v -1.45520 -7.50720 -0.58537
v -1.46608 -7.50720 -0.58537
v -1.52320 -7.50720 -0.52825
v -1.52320 -7.50720 -0.35389
v -1.47424 -7.50720 -0.30493
v -1.45520 -7.50720 -0.30493
v -1.43616 -7.50720 -0.30493
v -1.38720 -7.50720 -0.35389
v -1.38720 -7.50720 -0.52825
v -1.44432 -7.50720 -0.58537
v -1.45629 -7.67040 -0.52632
v -1.49518 -7.67040 -0.52632
v -1.51232 -7.67040 -0.50918
v -1.51232 -7.67040 -0.50266
v -1.49518 -7.67040 -0.48552
v -1.45629 -7.67040 -0.48552
v -1.41739 -7.67040 -0.48552
v -1.40026 -7.67040 -0.50266
v -1.40026 -7.67040 -0.50918
v -1.41739 -7.67040 -0.52632
v 0.10200 -6.03024 -1.22695
v -0.35088 -6.03024 -1.22695
v -0.41616 -6.03024 -1.16167
v -0.41616 -6.03024 0.47976
v -0.36720 -6.03024 0.52872
v 0.10200 -6.03024 0.52872
v 0.57120 -6.03024 0.52872
v 0.62016 -6.03024 0.47976
v 0.62016 -6.03024 -1.16167
v 0.55488 -6.03024 -1.22695
v 0.14527 -6.12000 -1.20065
v -0.28882 -6.12000 -1.20065
v -0.35410 -6.12000 -1.13537
v -0.35410 -6.12000 0.48144
v -0.30514 -6.12000 0.53040
v 0.14527 -6.12000 0.53040
v 0.59568 -6.12000 0.53040
v 0.64464 -6.12000 0.48144
v 0.64464 -6.12000 -1.13537
v 0.57936 -6.12000 -1.20065
v 0.26693 -6.43008 -1.10976
v -0.07445 -6.43008 -1.10976
v -0.13973 -6.43008 -1.04448
v -0.13973 -6.43008 0.44880
v -0.09077 -6.43008 0.49776
v 0.26693 -6.43008 0.49776
v 0.62462 -6.43008 0.49776
v 0.67358 -6.43008 0.44880
v 0.67358 -6.43008 -1.04448
v 0.60830 -6.43008 -1.10976
v 0.36938 -6.69120 -0.98264
v 0.10608 -6.69120 -0.98264
v 0.04080 -6.69120 -0.91736
v 0.04080 -6.69120 0.42131
v 0.08976 -6.69120 0.47027
v 0.36938 -6.69120 0.47027
v 0.64899 -6.69120 0.47027
v 0.69795 -6.69120 0.42131
v 0.69795 -6.69120 -0.91736
v 0.63267 -6.69120 -0.98264
v 0.38080 -6.73200 -0.96277
v 0.12512 -6.73200 -0.96277
v 0.05984 -6.73200 -0.89749
v 0.05984 -6.73200 0.41702
v 0.10880 -6.73200 0.46598
v 0.38080 -6.73200 0.46598
v 0.65280 -6.73200 0.46598
v 0.70176 -6.73200 0.41702
v 0.70176 -6.73200 -0.89749
v 0.63648 -6.73200 -0.96277
v 0.40909 -6.89520 -0.88332
v 0.20128 -6.89520 -0.88332
v 0.13600 -6.89520 -0.81804
v 0.13600 -6.89520 0.39984
v 0.18496 -6.89520 0.44880
v 0.40909 -6.89520 0.44880
v 0.63322 -6.89520 0.44880
v 0.68218 -6.89520 0.39984
v 0.68218 -6.89520 -0.81804
v 0.61690 -6.89520 -0.88332
v 0.41616 -6.93600 -0.86346
v 0.22032 -6.93600 -0.86346
v 0.15504 -6.93600 -0.79818
v 0.15504 -6.93600 0.34959
v 0.20400 -6.93600 0.39855
v 0.41616 -6.93600 0.39855
v 0.62832 -6.93600 0.39855
v 0.67728 -6.93600 0.34959
v 0.67728 -6.93600 -0.79818
v 0.61200 -6.93600 -0.86346
v 0.45043 -7.18080 -0.74428
v 0.33456 -7.18080 -0.74428
v 0.26928 -7.18080 -0.67900
v 0.26928 -7.18080 0.04810
v 0.31824 -7.18080 0.09706
v 0.45043 -7.18080 0.09706
v 0.58262 -7.18080 0.09706
v 0.63158 -7.18080 0.04810
v 0.63158 -7.18080 -0.67900
v 0.56630 -7.18080 -0.74428
v 0.46893 -7.50720 -0.58537
v 0.43248 -7.50720 -0.58537
v 0.36720 -7.50720 -0.52009
v 0.36720 -7.50720 -0.35389
v 0.41616 -7.50720 -0.30493
v 0.46893 -7.50720 -0.30493
v 0.52170 -7.50720 -0.30493
v 0.57066 -7.50720 -0.35389
v 0.57066 -7.50720 -0.52009
v 0.50538 -7.50720 -0.58537
v 0.47903 -7.54800 -0.56551
v 0.46030 -7.54800 -0.56551
v 0.39502 -7.54800 -0.50023
v 0.39502 -7.54800 -0.40413
v 0.44398 -7.54800 -0.35517
v 0.47903 -7.54800 -0.35517
v 0.51408 -7.54800 -0.35517
v 0.56304 -7.54800 -0.40413
v 0.56304 -7.54800 -0.50023
v 0.49776 -7.54800 -0.56551
v 0.48836 -7.67040 -0.52632
v 0.48509 -7.67040 -0.52632
v 0.46796 -7.67040 -0.50918
v 0.46796 -7.67040 -0.50266
v 0.48509 -7.67040 -0.48552
v 0.48836 -7.67040 -0.48552
v 0.49162 -7.67040 -0.48552
v 0.50876 -7.67040 -0.50266
v 0.50876 -7.67040 -0.50918
v 0.49162 -7.67040 -0.52632
v -0.42840 -5.87520 1.19179
v -0.82813 -5.87520 1.19179
v -0.85680 -5.87520 1.22046
v -0.85680 -5.87520 1.21432
v -0.82813 -5.87520 1.24299
v -0.42840 -5.87520 1.26006
v -0.02867 -5.87520 1.24299
v -0.00000 -5.87520 1.21432
v -0.00000 -5.87520 1.22046
v -0.02867 -5.87520 1.19179
v -0.42840 -6.12000 1.10160
v -0.78219 -6.12000 1.10160
v -0.86379 -6.12000 1.18320
v -0.86379 -6.12000 1.20862
v -0.72759 -6.12000 1.34482
v -0.42840 -6.12000 1.42589
v -0.12921 -6.12000 1.34482
v 0.00699 -6.12000 1.20862
v 0.00699 -6.12000 1.18320
v -0.07461 -6.12000 1.10160
v -0.42840 -6.32400 0.69360
v -0.78802 -6.32400 0.69360
v -0.86962 -6.32400 0.77520
v -0.86962 -6.32400 1.30297
v -0.70642 -6.32400 1.46617
v -0.42840 -6.32400 1.56409
v -0.15038 -6.32400 1.46617
v 0.01282 -6.32400 1.30297
v 0.01282 -6.32400 0.77520
v -0.06878 -6.32400 0.69360
v -0.42840 -6.56880 0.71585
v -0.79502 -6.56880 0.71585
v -0.87662 -6.56880 0.79745
v -0.87662 -6.56880 1.46880
v -0.71342 -6.56880 1.63200
v -0.42840 -6.56880 1.72992
v -0.14338 -6.56880 1.63200
v 0.01982 -6.56880 1.46880
v 0.01982 -6.56880 0.79745
v -0.06178 -6.56880 0.71585
v -0.42840 -6.77280 0.73440
v -0.80085 -6.77280 0.73440
v -0.88245 -6.77280 0.81600
v -0.88245 -6.77280 1.43520
v -0.71925 -6.77280 1.59840
v -0.42840 -6.77280 1.69632
v -0.13755 -6.77280 1.59840
v 0.02565 -6.77280 1.43520
v 0.02565 -6.77280 0.81600
v -0.05595 -6.77280 0.73440
v -0.42840 -6.96048 1.06896
v -0.80621 -6.96048 1.06896
v -0.88781 -6.96048 1.15056
v -0.88781 -6.96048 1.40429
v -0.72461 -6.96048 1.56749
v -0.42840 -6.96048 1.66541
v -0.13219 -6.96048 1.56749
v 0.03101 -6.96048 1.40429
v 0.03101 -6.96048 1.15056
v -0.05059 -6.96048 1.06896
v -0.42840 -7.26240 1.59528
v -0.87930 -7.26240 1.59528
v -0.89643 -7.26240 1.61242
v -0.89643 -7.26240 1.60874
v -0.87930 -7.26240 1.62588
v -0.42840 -7.26240 1.63608
v 0.02250 -7.26240 1.62588
v 0.03963 -7.26240 1.60874
v 0.03963 -7.26240 1.61242
v 0.02250 -7.26240 1.59528
v -0.51816 -7.14000 -1.36181
v -1.22400 -7.14000 -1.28021
v -1.32192 -7.14000 -1.18229
v -1.32192 -7.14000 -0.78728
v -1.27296 -7.14000 -0.73832
v -0.51816 -7.14000 -0.73832
v 0.23664 -7.14000 -0.73832
v 0.28560 -7.14000 -0.78728
v 0.28560 -7.14000 -1.18229
v 0.18768 -7.14000 -1.28021
v -0.50621 -7.83360 -2.23388
v -1.23661 -7.83360 -2.15228
v -1.33453 -7.83360 -2.05436
v -1.33453 -7.83360 -0.29376
v -1.28557 -7.83360 -0.24480
v -0.50621 -7.83360 -0.24480
v 0.27315 -7.83360 -0.24480
v 0.32211 -7.83360 -0.29376
v 0.32211 -7.83360 -2.05436
v 0.22419 -7.83360 -2.15228
v -0.50481 -7.91520 -2.33648
v -1.23809 -7.91520 -2.25488
v -1.33601 -7.91520 -2.15696
v -1.33601 -7.91520 -0.35751
v -1.28705 -7.91520 -0.30855
v -0.50481 -7.91520 -0.30855
v 0.27744 -7.91520 -0.30855
v 0.32640 -7.91520 -0.35751
v 0.32640 -7.91520 -2.15696
v 0.22848 -7.91520 -2.25488
v -0.54257 -8.03760 -2.49037
v -1.24032 -8.03760 -2.40877
v -1.33824 -8.03760 -2.31085
v -1.33824 -8.03760 -0.45313
v -1.28928 -8.03760 -0.40417
v -0.54257 -8.03760 -0.40417
v 0.20415 -8.03760 -0.40417
v 0.25311 -8.03760 -0.45313
v 0.25311 -8.03760 -2.31085
v 0.15519 -8.03760 -2.40877
v -0.54263 -8.38032 -2.92128
v -1.03522 -8.38032 -2.83968
v -1.13314 -8.38032 -2.74176
v -1.13314 -8.38032 -0.72088
v -1.08418 -8.38032 -0.67192
v -0.54263 -8.38032 -0.67192
v -0.00107 -8.38032 -0.67192
v 0.04789 -8.38032 -0.72088
v 0.04789 -8.38032 -2.74176
v -0.05003 -8.38032 -2.83968
v -0.54264 -8.46029 -2.81520
v -0.98736 -8.46029 -2.73360
v -1.08528 -8.46029 -2.63568
v -1.08528 -8.46029 -0.78336
v -1.03632 -8.46029 -0.73440
v -0.54264 -8.46029 -0.73440
v -0.04896 -8.46029 -0.73440
v -0.00000 -8.46029 -0.78336
v -0.00000 -8.46029 -2.63568
v -0.09792 -8.46029 -2.73360
vt -0.00600 0.19449
vt -0.11516 0.29579
vt 0.00432 0.19650
vt 0.30784 0.23147
vt 0.12001 0.39726
vt 0.26113 0.37175
vt -0.06475 0.30826
vt 0.01020 0.19795
vt -0.28177 -0.01898
vt -0.32197 0.10982
vt -0.26361 -0.01898
vt -0.16743 0.10982
vt -0.45371 -0.05985
vt -0.41945 0.09738
vt -0.44802 -0.05778
vt -0.39234 0.10726
vt -0.36394 -0.11421
vt -0.32232 0.05493
vt -0.35802 -0.11421
vt -0.16961 0.05493
vt 0.25593 -0.25933
vt 0.02900 -0.40357
vt 0.25593 -0.29496
vt 0.02900 -0.14703
vt 0.23008 0.47336
vt 0.00183 0.49888
vt -0.15031 0.37117
vt -0.20072 0.35870
vt -0.38853 0.19229
vt -0.09861 0.19229
vt -0.38235 0.19854
vt -0.35525 0.20842
vt -0.29286 0.15860
vt -0.05100 0.15860
vt -0.11269 -0.47013
vt -0.11269 -0.07821
vt 0.17941 0.63916
vt 0.00031 0.66468
vt -0.28991 0.47381
vt -0.34031 0.46134
vt -0.49714 0.32685
vt 0.01369 0.32685
vt -0.32182 0.36358
vt -0.29472 0.37346
vt -0.24480 0.32773
vt -0.05322 0.32773
vt 0.07821 0.28224
vt 0.57874 0.40874
vt 0.47013 0.28224
vt -0.03409 0.40874
vt 0.17319 0.67125
vt 0.00001 0.69677
vt 0.21548 0.65037
vt 0.22170 0.61829
vt -0.51816 0.35195
vt 0.03542 0.35195
vt -0.31287 0.39553
vt -0.28577 0.40541
vt -0.23917 0.36047
vt -0.05365 0.36047
vt 0.59976 0.43323
vt -0.05582 0.43323
vt -0.19367 -0.10426
vt -0.19376 -0.02248
vt -0.02338 -0.07314
vt -0.03774 0.00864
vt 0.02007 -0.04767
vt 0.00570 0.03410
vt -0.46382 0.41472
vt 0.08976 0.41472
vt -0.29050 0.47539
vt -0.26339 0.48527
vt -0.22509 0.44231
vt -0.05472 0.44231
vt 0.54542 0.49443
vt -0.11016 0.49443
vt -0.19392 0.13562
vt -0.06552 0.16674
vt -0.02207 0.19220
vt -0.35877 0.53607
vt -0.01184 0.53607
vt -0.02728 0.24273
vt -0.08905 0.38046
vt -0.05142 0.22693
vt -0.06491 0.39626
vt -0.22509 0.30278
vt -0.19788 0.45873
vt -0.05472 0.30278
vt -0.05680 0.45873
vt 0.44037 0.61277
vt -0.00856 0.61277
vt -0.19407 0.28554
vt -0.08099 0.31666
vt -0.03754 0.34212
vt -0.25916 0.64820
vt -0.10819 0.64820
vt -0.11500 0.52606
vt -0.09086 0.54186
vt -0.18360 0.60662
vt -0.05877 0.60662
vt 0.34076 0.72499
vt 0.08779 0.72499
vt -0.19285 0.47275
vt -0.19907 0.47089
vt -0.18778 0.47572
vt -0.25916 0.37026
vt -0.21119 0.56572
vt -0.10819 0.37026
vt 0.25916 0.37026
vt 0.21064 0.56572
vt 0.21119 0.56572
vt -0.22985 0.70938
vt -0.23492 0.70606
vt -0.06202 0.78947
vt -0.05610 0.78947
vt 0.21759 0.86365
vt 0.20690 0.86365
vt 0.36822 -0.26361
vt 0.36394 -0.25933
vt 0.35802 -0.25933
vt 0.36822 -0.28177
vt 0.36394 -0.28605
vt 0.35802 -0.29496
vt 0.06630 0.21119
vt 0.05610 0.20690
vt 0.06202 0.20690
vt 0.05610 0.21759
vt 0.06630 0.21064
vt 0.06202 0.21492
vt 0.05610 -0.21759
vt 0.06630 -0.21119
vt 0.06630 -0.21064
vt -0.21801 -0.31948
vt 0.17155 -0.47013
vt -0.21801 -0.23397
vt 0.17155 -0.07821
vt 0.29682 -0.07601
vt 0.22818 0.15860
vt 0.30274 -0.07601
vt 0.39658 -0.01767
vt 0.33221 0.20100
vt 0.40228 -0.01970
vt 0.30504 0.21068
vt 0.23825 0.01279
vt 0.38853 0.19763
vt 0.29382 0.01279
vt 0.09861 0.19763
vt 0.05125 0.21590
vt 0.20317 0.35542
vt 0.05708 0.21425
vt 0.25314 0.34131
vt 0.20647 0.00951
vt 0.33796 0.20422
vt 0.22858 0.01130
vt -0.26470 0.27132
vt -0.18284 0.47561
vt 0.08254 0.50157
vt -0.47013 0.28250
vt -0.57874 0.40900
vt -0.07821 0.28250
vt 0.03409 0.40900
vt 0.18972 0.32773
vt 0.27770 0.36562
vt 0.25052 0.37530
vt 0.49714 0.32983
vt -0.01369 0.32983
vt 0.34001 0.45741
vt 0.38999 0.44331
vt -0.14255 0.64160
vt 0.08698 0.66756
vt -0.59976 0.43348
vt 0.05582 0.43348
vt 0.18189 0.36047
vt 0.26685 0.39748
vt 0.23968 0.40717
vt 0.51816 0.35553
vt -0.03542 0.35553
vt 0.36674 0.47701
vt 0.41672 0.46290
vt -0.13436 0.67373
vt 0.08784 0.69969
vt -0.54542 0.49469
vt 0.11016 0.49469
vt 0.16230 0.44231
vt 0.23974 0.47714
vt 0.21257 0.48682
vt 0.46382 0.41978
vt -0.08976 0.41978
vt -0.01232 -0.05480
vt 0.05010 0.00120
vt 0.03012 -0.08054
vt 0.00765 0.02694
vt 0.25196 -0.03026
vt 0.24980 -0.11200
vt -0.44037 0.61303
vt 0.00856 0.61303
vt 0.12444 0.45873
vt 0.16230 0.30278
vt 0.10971 0.24657
vt 0.15264 0.40116
vt 0.08520 0.26179
vt 0.12813 0.41638
vt 0.35877 0.54399
vt 0.01184 0.54399
vt 0.08872 0.15922
vt 0.04627 0.18496
vt 0.25614 0.12776
vt -0.34076 0.72524
vt -0.08779 0.72524
vt 0.10200 0.60662
vt 0.18216 0.54775
vt 0.15765 0.56297
vt 0.25916 0.65789
vt 0.10819 0.65789
vt 0.11238 0.30907
vt 0.06994 0.33481
vt 0.26009 0.27760
vt -0.21759 0.86409
vt -0.20690 0.86409
vt -0.06038 0.78947
vt -0.06630 0.78947
vt 0.33106 0.16013
vt 0.53273 0.29685
vt 0.31328 0.18043
vt 0.53647 0.29259
vt 0.30445 0.33063
vt 0.34774 -0.25916
vt 0.57381 -0.21119
vt 0.57381 -0.21064
vt 0.25873 0.46775
vt 0.26368 0.46474
vt 0.26990 0.46287
vt -0.22330 -0.23397
vt -0.22713 -0.23825
vt -0.22713 -0.29382
vt -0.22330 -0.29810
vt 0.06630 0.20690
vt 0.05610 0.21119
vt 0.06038 0.20690
vt 0.05610 0.21064
vt 0.06630 0.21759
vt 0.06038 0.21492
vt 0.06630 -0.21759
vt 0.05610 -0.21064
vt 0.05610 -0.21119
vt 0.03496 0.67735
vt 0.17659 0.70554
vt 0.19619 0.67805
vt 0.03934 0.64567
vt 0.03977 0.67576
vt 0.18096 0.66145
vt -0.17030 -0.45040
vt -0.19425 -0.47420
vt -0.16507 -0.45345
vt -0.16433 -0.49162
vt 0.08395 0.73479
vt 0.05649 0.76131
vt 0.08486 0.73479
vt -0.08486 0.73479
vt -0.05649 0.76131
vt -0.00816 0.76131
vt 0.20483 0.13271
vt 0.20544 0.21382
vt 0.20055 0.13681
vt 0.19524 0.22357
vt 0.03934 0.13681
vt 0.03977 0.22357
vt -0.11571 0.22357
vt -0.12186 0.13681
vt -0.12591 0.21382
vt -0.12615 0.13271
vt -0.08486 0.72914
vt -0.05649 0.75566
vt -0.08395 0.72914
vt 0.08486 0.72914
vt 0.00816 0.75566
vt 0.05649 0.75566
vt 0.22932 -0.44444
vt 0.25938 -0.46494
vt 0.23453 -0.44135
vt 0.22961 -0.48262
vt -0.11750 0.67792
vt -0.09707 0.70541
vt 0.04372 0.67721
vt -0.10143 0.66145
vt 0.18290 0.76831
vt 0.04113 0.78261
vt -0.26076 0.71043
vt -0.31103 0.79448
vt -0.22951 0.72534
vt -0.34227 0.77956
vt 0.00136 0.84701
vt -0.12036 0.84701
vt -0.06662 0.77944
vt -0.05193 0.86440
vt -0.05228 0.77787
vt -0.03759 0.86283
vt -0.19524 0.75128
vt -0.04113 0.83748
vt -0.03977 0.75128
vt -0.19718 0.83748
vt 0.11493 0.83748
vt 0.11571 0.75128
vt 0.14626 0.75135
vt 0.16085 0.83629
vt 0.16063 0.75009
vt 0.14648 0.83755
vt -0.00136 0.84135
vt 0.12036 0.84135
vt -0.35099 0.64293
vt -0.34999 0.74980
vt -0.31956 0.65745
vt -0.31856 0.76431
vt -0.10065 0.76831
vt 0.04113 0.78924
vt 0.04434 0.99569
vt 0.18290 0.79430
vt 0.18749 1.00076
vt 0.13251 0.79377
vt 0.19257 0.99135
vt 0.16683 0.78921
vt 0.22689 0.98679
vt -0.07752 1.04903
vt 0.02380 1.04903
vt -0.01732 1.06466
vt -0.00298 1.06309
vt -0.04434 1.04067
vt -0.20177 1.04067
vt 0.11309 1.04067
vt 0.16135 1.03948
vt 0.14698 1.04073
vt 0.07752 1.04332
vt -0.02380 1.04332
vt -0.12636 0.79561
vt -0.15202 0.99848
vt -0.09215 0.80089
vt -0.18624 0.99320
vt -0.10065 0.79430
vt -0.09881 1.00076
vt 0.04434 -0.45265
vt 0.04590 -0.64550
vt 0.18749 -0.47332
vt 0.20992 -0.64765
vt -0.30719 -0.57456
vt -0.28074 -0.74840
vt -0.27831 -0.59364
vt -0.27568 -0.75174
vt 0.04661 1.14697
vt -0.02380 1.04903
vt -0.04661 1.14697
vt -0.04570 1.14697
vt 0.00730 1.16175
vt 0.01333 1.16110
vt -0.04590 1.13981
vt -0.20992 1.13981
vt 0.11812 1.13981
vt 0.15390 1.13935
vt 0.14786 1.13987
vt -0.04661 1.14124
vt 0.02380 1.04332
vt 0.04570 1.14124
vt 0.04661 1.14124
vt 0.35172 -0.58300
vt 0.35780 -0.73773
vt 0.38048 -0.56373
vt 0.35277 -0.74110
vt -0.09881 -0.47332
vt -0.11812 -0.64765
vt -0.12615 -0.08395
vt -0.12186 -0.08823
vt 0.03934 -0.09078
vt 0.20055 -0.08823
vt 0.20483 -0.08395
vt 0.20483 0.08395
vt 0.20483 0.08486
vt -0.12615 0.08486
vt -0.12615 0.08395
vt 0.21420 -0.04570
vt 0.04590 -0.04998
vt 0.20992 -0.04998
vt -0.12240 -0.04570
vt -0.11812 -0.04998
vt -0.12240 -0.04661
vt 0.04590 -0.03978
vt -0.11812 -0.04233
vt 0.21420 -0.04661
vt 0.20992 -0.04233
vt 0.21420 0.04661
vt -0.12240 0.04570
vt 0.21420 0.04570
vt -0.12240 0.04661
vt 0.06672 1.01174
vt 0.05286 1.10914
vt 0.11271 1.01077
vt 0.24525 1.09355
vt -0.42896 0.90636
vt -0.39121 1.05764
vt -0.42344 0.90886
vt -0.34916 1.07668
vt 0.44209 0.12475
vt 0.62312 0.09101
vt 0.44209 0.12566
vt 0.61299 -0.12566
vt 0.79734 -0.09101
vt 0.79734 0.00734
vt 0.10942 0.45342
vt 0.24888 0.63213
vt 0.10514 0.45703
vt 0.26928 0.61493
vt 0.04520 0.63213
vt 0.05920 0.45703
vt 0.02711 0.45703
vt -0.09666 0.63213
vt -0.11706 0.61493
vt 0.02283 0.45342
vt -0.55174 0.12566
vt -0.71905 0.10227
vt -0.55174 0.12545
vt -0.53688 -0.29276
vt -0.71545 -0.17640
vt -0.70563 -0.28456
vt -0.53690 -0.29254
vt -0.67549 -0.31677
vt -0.53295 -0.29677
vt 0.03469 1.01104
vt -0.07597 1.09785
vt 0.24684 1.10459
vt 0.04451 1.12018
vt -0.35537 1.08589
vt -0.39742 1.06685
vt -0.09101 1.16329
vt -0.09523 1.17360
vt 0.00734 1.16329
vt 0.02448 1.17360
vt 0.27087 0.63486
vt 0.25047 0.65206
vt 0.03686 0.65206
vt -0.11220 0.65206
vt -0.13260 0.63486
vt -0.72376 -0.29038
vt -0.73550 -0.16114
vt -0.69363 -0.32258
vt -0.09150 1.10889
vt 0.04851 1.18641
vt 0.25636 1.17082
vt -0.39266 1.14115
vt -0.43471 1.12211
vt -0.12055 1.23546
vt 0.10608 1.23546
vt 0.28039 0.73656
vt 0.25999 0.75376
vt 0.04085 0.75376
vt -0.11220 0.75376
vt -0.13260 0.73656
vt -0.02448 1.14875
vt 0.13180 1.20981
vt 0.10649 1.14875
vt -0.10608 1.20981
vt -0.34239 1.08868
vt -0.34337 1.15489
vt -0.29814 1.10181
vt -0.29912 1.16802
vt -0.09150 1.17512
vt 0.04984 1.20848
vt 0.25953 1.19289
vt -0.40509 1.15957
vt -0.44714 1.14053
vt 0.10646 1.25608
vt -0.12898 1.25608
vt -0.32273 1.19558
vt -0.29957 1.22023
vt -0.29427 1.20029
vt -0.32803 1.21552
vt -0.25999 1.20576
vt -0.04219 1.22616
vt -0.04085 1.20576
vt -0.26316 1.22616
vt 0.11220 1.22616
vt 0.11220 1.20576
vt -0.08908 1.20882
vt -0.06189 1.23101
vt -0.06029 1.21070
vt -0.09068 1.22913
vt -0.10646 1.23017
vt 0.14024 1.23017
vt -0.34369 1.17696
vt -0.29944 1.19010
vt -0.09150 1.19719
vt 0.05769 1.31886
vt 0.28808 1.30328
vt -0.46072 1.25907
vt -0.50277 1.24003
vt 0.10837 1.36175
vt -0.17117 1.36175
vt -0.33516 1.31991
vt -0.36362 1.31521
vt -0.05004 1.32818
vt -0.29172 1.32818
vt 0.11934 1.32818
vt -0.09365 1.33136
vt -0.06486 1.33324
vt -0.10837 1.33242
vt 0.18243 1.33242
vt -0.35060 1.28732
vt -0.30634 1.30045
vt -0.09864 1.30758
vt 0.06297 1.42925
vt 0.31051 1.41366
vt -0.51950 1.35501
vt -0.56155 1.33597
vt 0.11029 1.46618
vt -0.21337 1.46618
vt -0.36636 1.41960
vt -0.39483 1.41489
vt -0.05532 1.43020
vt -0.31416 1.43020
vt 0.12648 1.43020
vt -0.09662 1.43358
vt -0.06784 1.43546
vt -0.11029 1.43466
vt 0.22462 1.43466
vt -0.35750 1.39767
vt -0.31324 1.41081
vt -0.10578 1.41796
vt 0.06329 1.49547
vt 0.31992 1.47989
vt -0.55683 1.41021
vt -0.59888 1.39117
vt 0.11143 1.52802
vt -0.23868 1.52802
vt -0.38219 1.47941
vt -0.41065 1.47470
vt -0.05564 1.49141
vt -0.32358 1.49141
vt 0.13276 1.49141
vt -0.09701 1.49510
vt -0.06822 1.49698
vt -0.11143 1.49615
vt 0.24994 1.49615
vt -0.36311 1.46388
vt -0.31885 1.47702
vt -0.11205 1.48419
vt 0.03804 1.34838
vt 0.03814 1.36751
vt 0.29464 1.35946
vt 0.29746 1.37859
vt 0.16876 1.43203
vt 0.17634 1.44982
vt 0.21470 1.42752
vt 0.22228 1.44532
vt -0.23330 1.54657
vt 0.11178 1.54657
vt -0.38693 1.49736
vt -0.41539 1.49265
vt -0.05573 1.50977
vt -0.32640 1.50977
vt 0.13464 1.50977
vt -0.09712 1.51355
vt -0.06833 1.51543
vt 0.24455 1.51459
vt -0.11178 1.51459
vt -0.32856 1.49166
vt -0.37281 1.47853
vt -0.13735 1.35640
vt -0.13923 1.37554
vt 0.02283 -0.12545
vt 0.02711 -0.12973
vt 0.05920 -0.13158
vt 0.10514 -0.12903
vt 0.10942 -0.12475
vt 0.36021 0.12566
vt 0.36021 0.12545
vt -0.15504 0.24455
vt 0.05573 0.30674
vt -0.12240 0.27719
vt -0.15504 -0.11178
vt 0.31416 0.26594
vt 0.05573 -0.13218
vt -0.13464 -0.13218
vt 0.32640 -0.13218
vt 0.34680 0.23330
vt 0.34680 -0.11178
vt 0.22542 1.28681
vt 0.24089 1.31009
vt 0.33048 1.28681
vt 0.34680 1.31009
vt -0.28381 1.33785
vt -0.27248 1.36123
vt -0.26129 1.34292
vt -0.24996 1.36629
vt -0.29042 1.54145
vt -0.28384 1.56598
vt 0.11994 1.54145
vt 0.12036 1.56598
vt -0.28026 1.51154
vt -0.27604 1.53525
vt -0.26300 1.51290
vt -0.29330 1.53389
vt -0.33456 1.48980
vt -0.24089 1.51212
vt -0.22542 1.48980
vt -0.35088 1.51212
vt -0.13089 1.51212
vt -0.11628 1.48980
vt -0.73275 1.10012
vt -0.73749 1.12505
vt -0.71720 1.10771
vt -0.75305 1.11745
vt -0.11994 1.30466
vt 0.28384 1.33143
vt 0.29042 1.30466
vt -0.12036 1.33143
vt 0.81924 -0.83894
vt 0.83784 -0.85926
vt 0.83911 -0.82720
vt 0.85771 -0.84753
vt 0.12036 1.28681
vt 0.13497 1.31009
vt 0.27388 1.39051
vt 0.36230 1.39051
vt -0.26294 1.44197
vt -0.24042 1.44704
vt -0.26112 1.64491
vt 0.11220 1.64491
vt -0.29884 1.61138
vt -0.31610 1.61002
vt -0.27388 1.59005
vt -0.36638 1.59005
vt -0.18137 1.59005
vt -0.80295 1.19090
vt -0.81851 1.18330
vt 0.26112 1.42392
vt -0.11220 1.42392
vt 0.90208 -0.92948
vt 0.92196 -0.91774
vt 0.18545 1.39051
vt 0.28430 1.41766
vt 0.36720 1.41766
vt -0.25682 1.46894
vt -0.23430 1.47401
vt -0.24920 1.66983
vt 0.10962 1.66983
vt -0.30604 1.63542
vt -0.32329 1.63406
vt -0.28430 1.61467
vt -0.37128 1.61467
vt -0.19731 1.61467
vt -0.82362 1.21170
vt -0.83918 1.20410
vt 0.24920 1.45313
vt -0.10962 1.45313
vt 0.92049 -0.95506
vt 0.94037 -0.94332
vt 0.20139 1.41766
vt 0.30345 1.47423
vt 0.37230 1.47423
vt -0.24777 1.52513
vt -0.22525 1.53019
vt -0.22437 1.72104
vt 0.10425 1.72104
vt -0.31742 1.68551
vt -0.33467 1.68415
vt -0.30345 1.66594
vt -0.37638 1.66594
vt -0.23052 1.66594
vt -0.86669 1.25502
vt -0.88224 1.24742
vt 0.22437 1.51397
vt -0.10425 1.51397
vt 0.95884 -1.00836
vt 0.97872 -0.99662
vt 0.23460 1.47423
vt 0.31882 1.50817
vt 0.37536 1.50817
vt -0.24234 1.55884
vt -0.21982 1.56391
vt -0.20948 1.75177
vt 0.10103 1.75177
vt -0.32425 1.71556
vt -0.34150 1.71420
vt -0.31882 1.69671
vt -0.37944 1.69671
vt -0.25821 1.69671
vt -0.89863 1.28101
vt -0.91419 1.27342
vt 0.20948 1.55485
vt -0.10103 1.55485
vt 0.98822 -1.04033
vt 1.00810 -1.02860
vt 0.26229 1.50817
vt 0.32310 1.51949
vt 0.37468 1.51949
vt -0.24176 1.57008
vt -0.21925 1.57514
vt -0.20451 1.76177
vt 0.09996 1.76177
vt -0.32532 1.72558
vt -0.34257 1.72421
vt -0.32310 1.70696
vt -0.37876 1.70696
vt -0.26743 1.70696
vt -0.90928 1.28968
vt -0.92484 1.28208
vt 0.20451 1.56847
vt -0.09996 1.56847
vt 0.99802 -1.05099
vt 1.01789 -1.03926
vt 0.27151 1.51949
vt 0.34190 1.56927
vt 0.37169 1.56927
vt -0.23922 1.61952
vt -0.21670 1.62459
vt 0.04469 1.80578
vt -0.18266 1.80578
vt -0.41469 0.99911
vt -0.43192 1.06075
vt -0.42912 0.98955
vt -0.41749 1.07030
vt 0.52844 0.94633
vt 0.49207 1.01748
vt 0.47309 0.94633
vt 0.52574 1.01748
vt 0.45839 1.01748
vt 0.41773 0.94633
vt 0.40479 0.95612
vt 0.44544 1.02727
vt -0.04469 1.62842
vt 0.18266 1.62842
vt 1.04111 -1.09789
vt 1.06099 -1.08616
vt 0.31212 1.56927
vt 0.35554 1.64394
vt 0.36720 1.64394
vt -0.23541 1.69369
vt -0.21289 1.69876
vt -0.03822 1.87178
vt -0.14989 1.87178
vt -0.43613 1.16754
vt -0.42170 1.17710
vt 0.50604 1.12421
vt 0.52170 1.12421
vt 0.49039 1.12421
vt 0.47744 1.13399
vt 0.03822 1.70194
vt 0.14989 1.70194
vt 1.10169 -1.15651
vt 1.08181 -1.16825
vt 0.34387 1.64394
vt 0.36380 1.68919
vt 0.36652 1.68919
vt -0.23162 1.73864
vt -0.21191 1.74308
vt -0.08847 1.91179
vt -0.13206 1.91179
vt -0.43868 1.23227
vt -0.42424 1.24182
vt 0.51451 1.18889
vt 0.51925 1.18889
vt 0.50978 1.18889
vt 0.49683 1.19867
vt 0.08847 1.74650
vt 0.13206 1.74650
vt 1.12468 -1.19915
vt 1.10729 -1.20942
vt 0.36108 1.68919
vt 0.36407 1.73256
vt 0.37380 1.73256
vt -0.22540 1.78201
vt -0.21949 1.78334
vt -0.12566 1.95180
vt -0.12730 1.95180
vt -0.43617 1.29301
vt -0.43111 1.29636
vt 0.51536 1.24950
vt 0.52503 1.24950
vt 0.50569 1.24950
vt -1.02650 1.38637
vt -1.02074 1.44713
vt -1.01149 1.39499
vt -1.01549 1.45015
vt 0.12566 1.78206
vt 0.12730 1.78206
vt 1.13004 -1.23812
vt 1.12482 -1.24120
vt 0.35435 1.73256
vt 0.10404 -0.29042
vt 0.12036 -0.30674
vt 0.22542 -0.30674
vt 0.10404 0.11994
vt 0.33048 -0.30674
vt 0.34680 0.11994
vt 0.33456 0.13218
vt 0.22542 0.13218
vt 0.34680 -0.29042
vt 0.11628 0.13218
vt 0.36407 0.13158
vt 0.37808 0.12730
vt 0.37380 0.13158
vt 0.36407 0.12138
vt 0.35006 0.12566
vt 0.35435 0.12138
vt 0.37808 0.12566
vt 0.37380 0.12138
vt 0.35006 0.12730
vt 0.35435 0.13158
vt -0.02550 1.28555
vt 0.07221 1.30883
vt 0.08772 1.28555
vt -0.03632 1.30883
vt 0.39837 1.03338
vt 0.42631 1.04911
vt 0.41853 1.02215
vt 0.40615 1.06034
vt -0.29042 1.24817
vt -0.28384 1.27537
vt 0.11994 1.24817
vt 0.12036 1.27537
vt 0.53865 1.14643
vt 0.55925 1.16430
vt 0.55438 1.13921
vt 0.57498 1.15708
vt -0.09180 1.49009
vt -0.07629 1.51241
vt 0.02550 1.49009
vt 0.03632 1.51241
vt 0.14280 1.49009
vt 0.14892 1.51241
vt -0.01450 1.50450
vt -0.01080 1.52693
vt 0.00280 1.50476
vt 0.00651 1.52718
vt -0.11994 1.50929
vt 0.28384 1.53180
vt 0.29042 1.50929
vt -0.12036 1.53180
vt -0.30824 1.29943
vt -0.30121 1.32407
vt -0.28622 1.30635
vt -0.32323 1.31715
vt -0.13872 1.28555
vt -0.14484 1.30883
vt 0.01861 1.38924
vt -0.06673 1.38924
vt 0.45320 1.14224
vt 0.43303 1.15347
vt -0.26112 1.36935
vt 0.11220 1.36935
vt 0.62555 1.23170
vt 0.64128 1.22448
vt -0.02269 1.59035
vt 0.06673 1.59035
vt 0.15616 1.59035
vt -0.00105 1.60460
vt 0.01626 1.60485
vt 0.26112 1.60940
vt -0.11220 1.60940
vt -0.34452 1.39120
vt -0.36654 1.38428
vt -0.15208 1.38924
vt -0.02652 1.46166
vt -0.09234 1.46166
vt 0.48608 1.22066
vt 0.46591 1.23189
vt -0.22934 1.44849
vt 0.10533 1.44849
vt 0.68137 1.28847
vt 0.69710 1.28124
vt 0.02244 1.65598
vt 0.09234 1.65598
vt 0.16225 1.65598
vt 0.00716 1.67001
vt 0.02447 1.67026
vt 0.22934 1.67475
vt -0.10533 1.67475
vt -0.39037 1.44773
vt -0.41239 1.44081
vt -0.15817 1.46166
vt -0.03128 1.47297
vt -0.09520 1.47297
vt 0.47203 1.24257
vt 0.49219 1.23133
vt -0.22437 1.45970
vt 0.10425 1.45970
vt 0.68831 1.29733
vt 0.70404 1.29011
vt 0.02720 1.66623
vt 0.09520 1.66623
vt 0.16320 1.66623
vt 0.00844 1.68023
vt 0.02575 1.68048
vt 0.22437 1.68496
vt -0.10425 1.68496
vt -0.39754 1.45657
vt -0.41955 1.44964
vt -0.15912 1.47297
vt -0.05032 1.51823
vt -0.10227 1.51823
vt 0.49648 1.28527
vt 0.51664 1.27404
vt -0.20451 1.50452
vt 0.09996 1.50452
vt 0.71607 1.33281
vt 0.73180 1.32559
vt 0.04624 1.70725
vt 0.10227 1.70725
vt 0.15830 1.70725
vt 0.02473 1.72136
vt 0.00742 1.72111
vt 0.20451 1.72570
vt -0.09996 1.72570
vt -0.42090 1.49559
vt -0.44292 1.48867
vt -0.15422 1.51823
vt -0.05508 1.52955
vt -0.10404 1.52955
vt 0.50259 1.29595
vt 0.52276 1.28471
vt 0.08740 1.51573
vt -0.19954 1.51573
vt -0.18477 0.97581
vt -0.20251 0.98230
vt -0.19773 0.96613
vt -0.18954 0.99198
vt -0.25345 0.96613
vt -0.25525 0.98230
vt -0.30917 0.96613
vt -0.30799 0.98230
vt 0.60135 0.91289
vt 0.60290 0.92904
vt 0.58719 0.92284
vt 0.58873 0.93899
vt -0.08740 1.73588
vt 0.19954 1.73588
vt -0.42674 1.50535
vt -0.44876 1.49842
vt -0.15300 1.52955
vt -0.08364 1.59744
vt -0.11261 1.59744
vt 0.53928 1.36000
vt 0.55944 1.34877
vt 0.01203 1.58297
vt -0.16975 1.58297
vt -0.23115 1.07937
vt -0.21818 1.08905
vt -0.26401 1.07937
vt -0.29687 1.07937
vt 0.61571 1.02596
vt 0.60155 1.03591
vt -0.01203 1.79694
vt 0.16975 1.79694
vt -0.45931 1.56561
vt -0.48133 1.55869
vt -0.14158 1.59744
vt -0.10812 1.68796
vt -0.11723 1.68796
vt 0.59398 1.43605
vt 0.61414 1.42482
vt -0.08847 1.66575
vt -0.13002 1.66575
vt -0.25581 1.20878
vt -0.24285 1.21846
vt -0.26893 1.20878
vt -0.28205 1.20878
vt 0.63279 1.15517
vt 0.61863 1.16512
vt 0.08847 1.87835
vt 0.13002 1.87835
vt -0.50273 1.64597
vt -0.52475 1.63905
vt -0.12634 1.68796
vt -0.11507 1.69927
vt -0.11976 1.69927
vt 0.61932 1.43701
vt 0.59916 1.44824
vt -0.10103 1.67807
vt -0.12506 1.67807
vt -0.26277 1.22496
vt -0.24980 1.23464
vt -0.27148 1.22496
vt -0.28020 1.22496
vt 0.63493 1.17133
vt 0.62076 1.18128
vt 0.10103 1.88853
vt 0.12506 1.88853
vt -0.50816 1.65601
vt -0.53018 1.64909
vt -0.12444 1.69927
vt -0.12127 1.73132
vt -0.12209 1.73132
vt 0.62211 1.47176
vt 0.61681 1.47470
vt -0.12566 1.71369
vt -0.12730 1.71369
vt -0.27344 1.26946
vt -0.26890 1.27285
vt -0.27425 1.26946
vt -0.27506 1.26946
vt 0.64275 1.21564
vt 0.63779 1.21912
vt 0.12566 1.91897
vt 0.12730 1.91897
vt -0.52898 1.68256
vt -0.52320 1.68438
vt -0.12291 1.73132
vt -0.15504 -0.29042
vt -0.13872 -0.30674
vt -0.02550 -0.30674
vt -0.15504 0.11994
vt 0.08772 -0.30674
vt 0.09180 0.13218
vt -0.02550 0.13218
vt -0.14280 0.13218
vt -0.12127 0.13158
vt -0.11699 0.12566
vt -0.11699 0.12730
vt -0.12127 0.12138
vt -0.12291 0.12138
vt -0.12719 0.12730
vt -0.12719 0.12566
vt -0.12291 0.13158
vt -0.12209 0.13158
vt -0.12209 0.12138
vt 0.10710 1.27524
vt 0.19555 1.34046
vt 0.20703 1.27524
vt 0.10710 1.34046
vt 0.17198 1.48220
vt 0.16897 1.54401
vt 0.18204 1.48348
vt 0.14034 1.54038
vt -0.30512 1.47432
vt -0.30215 1.53554
vt -0.30358 1.47432
vt 0.30512 1.47432
vt 0.29580 1.53554
vt 0.30215 1.53554
vt 0.52000 1.41769
vt 0.53556 1.47367
vt 0.52966 1.41460
vt 0.58142 1.45899
vt -0.20703 1.41965
vt -0.18190 1.48523
vt -0.10710 1.42184
vt -0.10710 1.49565
vt -0.03230 1.48523
vt -0.00717 1.41965
vt 0.23093 1.45931
vt 0.26042 1.51083
vt 0.24059 1.45622
vt 0.21455 1.52550
vt 0.30358 1.46820
vt 0.30215 1.52943
vt 0.30512 1.46820
vt -0.30512 1.46820
vt -0.30215 1.52943
vt -0.29580 1.52943
vt -0.03419 1.44537
vt -0.02112 1.50590
vt -0.02414 1.44409
vt 0.00750 1.50227
vt 0.00717 1.27524
vt 0.01865 1.34046
vt 0.10710 -0.43633
vt 0.10710 -0.55037
vt 0.19555 -0.43633
vt 0.19701 -0.55037
vt 0.21741 -0.53211
vt 0.21595 -0.41807
vt 0.32574 1.58656
vt 0.19380 1.58656
vt 0.56691 1.52032
vt 0.62187 1.50273
vt -0.17661 1.54457
vt -0.10710 1.55715
vt -0.03759 1.54457
vt 0.26197 1.56701
vt 0.20701 1.58460
vt -0.32574 1.58045
vt -0.19380 1.58045
vt -0.00175 -0.41807
vt -0.00321 -0.53211
vt 0.01865 -0.43633
vt 0.01719 -0.55037
vt 0.10710 1.59021
vt 0.10710 1.65166
vt 0.19701 1.59021
vt 0.19875 1.65166
vt 0.33112 1.56568
vt 0.33898 1.62665
vt 0.35994 1.56441
vt 0.36780 1.62538
vt 0.19936 1.64779
vt 0.36720 1.64779
vt 0.61431 1.57630
vt 0.66926 1.55871
vt -0.17835 1.61838
vt -0.10710 1.63096
vt -0.03585 1.61838
vt 0.25587 1.64010
vt 0.20092 1.65769
vt -0.19936 1.64167
vt -0.36720 1.64167
vt -0.20892 1.57774
vt -0.18796 1.63998
vt -0.18010 1.57901
vt -0.21678 1.63871
vt 0.01719 1.59021
vt 0.01545 1.65166
vt 0.10710 1.70287
vt 0.20021 1.70287
vt 0.34553 1.67746
vt 0.37435 1.67619
vt 0.35880 1.69881
vt 0.20400 1.69881
vt -0.04792 1.59763
vt -0.00231 1.65347
vt 0.00952 1.60313
vt -0.05974 1.64797
vt -0.06325 1.62557
vt 0.01024 1.67592
vt 0.01176 1.62464
vt -0.06618 1.67685
vt -0.21999 1.62464
vt -0.21848 1.67592
vt -0.14499 1.62557
vt -0.14206 1.67685
vt -0.15891 1.63203
vt -0.14708 1.68236
vt -0.10147 1.62652
vt -0.08964 1.67686
vt -0.35880 1.69269
vt -0.20400 1.69269
vt -0.19451 1.69079
vt -0.22333 1.68952
vt 0.01399 1.70287
vt 0.10710 -0.99101
vt 0.10710 -1.08691
vt 0.20021 -0.99101
vt 0.20155 -1.08691
vt 0.22061 -1.00878
vt 0.22195 -1.10468
vt 0.28764 1.74575
vt 0.35107 1.74575
vt -0.01319 1.69978
vt -0.07062 1.69428
vt 0.00885 1.72310
vt -0.06887 1.72403
vt -0.21708 1.72310
vt -0.13936 1.72403
vt -0.13620 1.72867
vt -0.07876 1.72317
vt -0.28764 1.73963
vt -0.35107 1.73963
vt -0.00641 -1.00878
vt 0.01265 -1.08691
vt 0.01399 -0.99101
vt -0.00775 -1.10468
vt 0.10710 -1.23860
vt 0.21982 -1.23860
vt 0.22411 -1.24233
vt 0.40310 1.82126
vt -0.35107 1.74575
vt -0.40310 1.82126
vt -0.40219 1.82126
vt -0.62524 1.62414
vt -0.62802 1.71528
vt -0.57255 1.64767
vt -0.62249 1.71775
vt 0.00780 1.79880
vt -0.10238 1.79890
vt -0.21604 1.79880
vt -0.10585 1.79890
vt 0.40667 1.64767
vt 0.46215 1.71528
vt 0.45936 1.62414
vt 0.45661 1.71775
vt -0.40310 1.81514
vt 0.35107 1.73963
vt 0.40219 1.81514
vt 0.40310 1.81514
vt -0.00562 -1.23860
vt -0.00991 -1.24233
vt 0.10710 0.29795
vt 0.20703 0.29795
vt 0.21420 0.30512
vt 0.00000 0.30512
vt 0.00717 0.29795
vt 0.21420 0.30358
vt 0.20703 0.31075
vt 0.10710 0.31502
vt 0.00717 0.31075
vt 0.00000 0.30358
vt 0.21420 -0.30512
vt 0.21420 -0.30358
vt 0.00000 -0.30358
vt 0.00000 -0.30512
vt 0.22411 -0.40219
vt 0.10710 -0.40902
vt 0.21982 -0.40647
vt -0.00991 -0.40219
vt -0.00562 -0.40647
vt 0.22411 0.40310
vt -0.00991 0.40219
vt 0.22411 0.40219
vt -0.00991 0.40310
vt 0.09794 -1.38104
vt 0.27717 -1.64368
vt 0.27400 -1.36511
vt 0.09498 -1.65961
vt 0.87190 -1.43499
vt 0.89413 -1.69484
vt 0.90138 -1.41684
vt 0.86465 -1.71299
vt -0.29557 1.79071
vt -0.07344 1.96414
vt -0.19682 1.79071
vt -0.51359 1.96414
vt 0.34032 1.63672
vt 0.49893 1.77865
vt 0.35606 1.62950
vt 0.51466 1.77143
vt -0.31824 1.34739
vt -0.12655 1.56021
vt -0.12954 1.34739
vt -0.32139 1.56021
vt 0.05916 1.34739
vt 0.06829 1.56021
vt -0.50048 1.45422
vt -0.64243 1.60497
vt -0.48485 1.46165
vt -0.65807 1.59753
vt 0.19682 1.78629
vt 0.07344 1.95993
vt 0.29557 1.78629
vt 0.51359 1.95993
vt -0.10367 -1.34600
vt -0.11278 -1.62457
vt -0.07879 -1.36511
vt -0.08790 -1.64368
vt 0.27755 -1.67645
vt 0.09463 -1.69238
vt 0.89328 -1.72755
vt 0.86380 -1.74570
vt -0.08938 1.98454
vt -0.53924 1.98454
vt -0.50523 1.32279
vt -0.52235 1.33881
vt -0.51981 1.31346
vt -0.50777 1.34814
vt -0.32139 1.58094
vt -0.12620 1.60683
vt -0.12655 1.58094
vt -0.32176 1.60683
vt 0.06829 1.58094
vt 0.06936 1.60683
vt 0.73056 1.24526
vt 0.73299 1.27034
vt 0.71622 1.25495
vt 0.71864 1.28003
vt 0.08938 1.98035
vt 0.53924 1.98035
vt -0.11385 -1.65734
vt -0.08897 -1.67645
vt 0.10407 -1.74154
vt 0.27811 -1.72561
vt 0.89200 -1.77661
vt 0.86252 -1.79476
vt -0.11328 2.01515
vt -0.57771 2.01515
vt -0.52616 1.37683
vt -0.51158 1.38617
vt -0.13564 1.64566
vt -0.32232 1.64566
vt 0.05104 1.64566
vt 0.75364 1.30796
vt 0.73929 1.31765
vt 0.08938 1.65578
vt 0.11328 1.69145
vt 0.53924 1.65578
vt 0.57771 1.69145
vt 1.06781 1.69754
vt 1.11794 1.71302
vt 1.09970 1.68407
vt 1.14983 1.69955
vt -0.07065 -1.72561
vt 0.22686 -1.86325
vt 0.10410 -1.87918
vt 0.84454 -1.91397
vt 0.81506 -1.93212
vt -0.57771 1.55242
vt -0.18022 1.65227
vt -0.11328 1.55242
vt -0.68544 1.65227
vt -0.58118 1.48330
vt -0.56660 1.49264
vt -0.27104 1.75439
vt -0.13566 1.75439
vt -0.00027 1.75439
vt 0.81145 1.41331
vt 0.79710 1.42299
vt 0.18022 1.79132
vt 0.68544 1.79132
vt 1.25829 1.75636
vt 1.29019 1.74289
vt -0.01935 -1.86325
vt 0.13566 -0.57246
vt 0.24684 -0.62251
vt 0.25880 -0.58934
vt 0.13566 -0.60563
vt 0.28328 -0.60960
vt 0.27132 -0.64277
vt -0.65892 1.67557
vt -0.19584 1.67557
vt -0.59402 1.50815
vt -0.57944 1.51748
vt -0.25908 1.77976
vt -0.13566 1.77976
vt -0.01224 1.77976
vt 0.82494 1.43789
vt 0.81059 1.44757
vt 0.65892 1.81462
vt 0.19584 1.81462
vt -0.01197 -0.60960
vt 0.02448 -0.62251
vt 0.01251 -0.58934
vt 0.00000 -0.64277
vt 0.30600 -0.32005
vt 0.33048 -0.29557
vt 0.33048 -0.19682
vt 0.12954 -0.34045
vt -0.04692 -0.32005
vt -0.07140 -0.19682
vt -0.07140 -0.29557
vt 0.31824 -0.18458
vt 0.12954 -0.18458
vt -0.05916 -0.18458
vt 0.00000 0.65892
vt 0.13566 0.70380
vt 0.02448 0.68340
vt 0.00000 0.19584
vt 0.24684 0.68340
vt 0.13566 0.18360
vt 0.01224 0.18360
vt 0.25908 0.18360
vt 0.27132 0.65892
vt 0.27132 0.19584
vn -0.8313 -0.0637 -0.5521
vn -0.7050 0.1955 -0.6817
vn -0.7273 0.0595 -0.6837
vn -0.2950 0.3304 -0.8966
vn -0.2397 0.4516 -0.8595
vn -0.4215 0.3758 -0.8253
vn -0.6968 0.1705 -0.6968
vn -0.7047 0.0819 -0.7047
vn -0.4974 0.2767 -0.8222
vn -0.9803 -0.1976 0.0000
vn -0.9667 -0.2560 0.0000
vn -0.9537 -0.3008 0.0000
vn -0.6576 0.3675 0.6576
vn -0.6603 0.3577 0.6603
vn -0.6620 0.3514 0.6620
vn 0.0000 0.6639 0.7478
vn 0.5574 0.8303 0.0000
vn 0.5537 0.8327 0.0000
vn 0.5511 0.8344 0.0000
vn -0.2877 0.5295 -0.7980
vn -0.3681 0.4174 -0.8308
vn -0.1714 0.5913 -0.7880
vn -0.1797 0.5658 -0.8047
vn -0.4358 0.3655 -0.8225
vn -0.6698 0.3206 -0.6698
vn -0.5083 0.4417 -0.7393
vn -0.9348 -0.3552 0.0000
vn -0.6655 0.3380 0.6655
vn 0.5471 0.8371 0.0000
vn -0.1728 0.6230 -0.7629
vn -0.1920 0.6375 -0.7462
vn -0.6679 0.3285 -0.6679
vn -0.6636 0.3454 -0.6636
vn -0.9398 -0.3416 0.0000
vn -0.9477 -0.3193 0.0000
vn -0.6635 0.3457 0.6635
vn -0.6591 0.3623 0.6591
vn 0.9998 -0.0175 0.0000
vn -0.2495 0.6102 -0.7519
vn -0.1913 0.6181 -0.7624
vn -0.1968 0.6407 -0.7421
vn -0.5106 0.4594 -0.7268
vn -0.6461 0.4062 -0.6461
vn -0.9746 -0.2241 0.0000
vn -0.6411 0.4218 0.6411
vn -0.1950 -0.6493 -0.7351
vn -0.2066 -0.6548 -0.7270
vn -0.2483 -0.6626 -0.7066
vn -0.2981 -0.6617 -0.6880
vn -0.5547 -0.6201 -0.5547
vn -0.2393 -0.6535 -0.7181
vn -0.3527 -0.6508 -0.6724
vn -0.5676 -0.5963 -0.5676
vn -0.9801 -0.1985 0.0000
vn -0.9857 -0.1683 0.0000
vn -0.5603 -0.6100 0.5603
vn -0.5666 -0.5982 0.5666
vn -0.5732 -0.5855 0.5732
vn 0.0000 -0.6515 0.7587
vn -0.2820 -0.6436 -0.7115
vn -0.3980 -0.6471 -0.6502
vn -0.5399 -0.6458 -0.5399
vn -0.9920 -0.1263 0.0000
vn -0.5194 -0.6786 0.5194
vn -0.5025 -0.7036 0.5025
vn 1.0000 -0.0062 0.0000
vn 1.0000 0.0032 0.0000
vn -0.3068 -0.6419 -0.7027
vn -0.3188 -0.6327 -0.7057
vn -0.5129 -0.6885 -0.5129
vn -0.7097 -0.7045 0.0000
vn 0.7097 0.7045 0.0000
vn -0.4467 -0.7752 0.4467
vn 0.9998 0.0192 0.0000
vn 0.0000 1.0000 0.0000
vn 0.0000 -1.0000 0.0000
vn -0.4443 0.8959 0.0000
vn -0.4504 0.8929 0.0000
vn -0.4473 0.8944 0.0000
vn 0.6720 0.3111 0.6720
vn 0.6655 0.3381 0.6655
vn 0.6615 0.3534 0.6615
vn 0.9487 -0.3160 0.0000
vn 0.9518 -0.3066 0.0000
vn 0.9541 -0.2994 0.0000
vn 0.6997 0.1446 -0.6997
vn 0.6872 0.2358 -0.6872
vn 0.6789 0.2798 -0.6789
vn 0.9216 -0.2926 -0.2550
vn 0.1498 0.4563 -0.8771
vn 0.1423 0.5337 -0.8336
vn 0.1445 0.5660 -0.8117
vn -0.9998 0.0175 0.0000
vn 0.6538 0.3808 0.6538
vn 0.6543 0.3791 0.6543
vn 0.9563 -0.2924 0.0000
vn 0.9555 -0.2949 0.0000
vn 0.6585 0.3643 -0.6585
vn 0.6590 0.3626 -0.6590
vn 0.1409 0.6307 -0.7631
vn 0.1501 0.6389 -0.7545
vn 0.6562 0.3726 0.6562
vn 0.9524 -0.3048 0.0000
vn 0.6608 0.3560 -0.6608
vn 0.1535 0.6287 -0.7623
vn 0.1537 0.6422 -0.7510
vn 0.5377 -0.6494 -0.5377
vn 0.2399 -0.6771 -0.6957
vn 0.1972 -0.6740 -0.7119
vn 0.1596 -0.6638 -0.7307
vn 0.1511 -0.6578 -0.7379
vn 0.5432 -0.6402 0.5432
vn 0.5505 -0.6276 0.5505
vn 0.5581 -0.6140 0.5581
vn 0.9610 -0.2767 0.0000
vn 0.9700 -0.2433 0.0000
vn 0.2872 -0.6716 -0.6830
vn 0.5526 -0.6240 -0.5526
vn 0.1835 -0.6649 -0.7240
vn -0.9996 0.0289 -0.0000
vn -0.9993 0.0382 0.0000
vn 0.4895 -0.7216 0.4895
vn 0.4691 -0.7483 0.4691
vn 0.9806 -0.1961 0.0000
vn 0.3294 -0.6790 -0.6561
vn 0.5041 -0.7013 -0.5041
vn 0.2159 -0.6596 -0.7199
vn -0.9985 0.0542 0.0000
vn 0.5817 -0.8093 0.0817
vn 0.5919 -0.7976 0.1163
vn 0.4043 -0.8204 0.4043
vn 0.5867 -0.8068 0.0698
vn 0.5898 -0.7993 -0.1154
vn -0.6136 0.7896 0.0000
vn 0.5942 -0.7836 -0.1815
vn 0.4623 -0.7566 -0.4623
vn 0.2383 -0.6617 -0.7109
vn 0.3165 -0.6393 -0.7007
vn 0.0000 -0.2747 -0.9615
vn -0.0152 -0.2745 -0.9615
vn -0.0000 0.4840 -0.8751
vn -0.0000 0.5844 -0.8114
vn -0.1404 0.5698 -0.8097
vn -0.5749 -0.5822 -0.5749
vn 0.9997 -0.0227 0.0000
vn -0.9997 0.0227 0.0000
vn -0.0465 0.9978 0.0465
vn -0.3086 0.8997 0.3086
vn -0.0243 0.9554 0.2942
vn -0.0096 0.9519 0.3062
vn 0.0000 0.9566 0.2915
vn 0.0000 0.9522 0.3056
vn 0.0096 0.9519 0.3063
vn 0.0243 0.9554 0.2945
vn 0.3114 0.8978 0.3114
vn 0.0465 0.9978 0.0465
vn -1.0000 0.0091 0.0000
vn 1.0000 -0.0091 0.0000
vn 0.5688 -0.5941 -0.5688
vn 0.0152 -0.2749 -0.9613
vn 0.1407 0.5667 -0.8118
vn -0.1372 0.5937 -0.7929
vn -0.0000 0.5977 -0.8017
vn -0.6214 0.4773 -0.6214
vn -0.7040 0.0942 0.7040
vn 0.0000 0.1104 0.9939
vn 0.7053 0.0720 0.7053
vn 0.6272 0.4618 -0.6272
vn 0.1375 0.5909 -0.7949
vn 0.0000 -0.2075 -0.9782
vn 0.0000 -0.2070 -0.9784
vn -0.1659 -0.2016 -0.9653
vn -0.1651 -0.2011 -0.9656
vn -0.7008 -0.1327 -0.7008
vn -0.7029 0.1095 0.7029
vn -0.7015 0.1261 0.7015
vn 0.0000 0.1229 0.9924
vn 0.0000 0.1358 0.9907
vn 0.0000 0.1274 0.9919
vn 0.7044 0.0873 0.7044
vn 0.7033 0.1040 0.7033
vn 0.6986 -0.1545 -0.6986
vn 0.1657 -0.2066 -0.9643
vn 0.1649 -0.2061 -0.9645
vn 0.0000 -0.8617 -0.5075
vn 0.0000 -0.8445 -0.5356
vn -0.0839 -0.8375 -0.5400
vn -0.0471 -0.8433 -0.5354
vn -0.0087 -0.8269 -0.5623
vn -0.1510 -0.8425 -0.5171
vn -0.5307 -0.6608 -0.5307
vn -0.6966 0.1716 0.6966
vn 0.0000 0.1611 0.9869
vn 0.6991 0.1500 0.6991
vn 0.5248 -0.6701 -0.5248
vn 0.1504 -0.8439 -0.5150
vn 0.0837 -0.8383 -0.5388
vn 0.0471 -0.8437 -0.5347
vn 0.0087 -0.8269 -0.5622
vn -0.0085 0.3360 -0.9418
vn -0.0370 0.2964 -0.9544
vn -0.1738 0.2537 -0.9515
vn -0.2017 0.2524 -0.9464
vn -0.5072 0.6968 -0.5072
vn -0.5313 0.6598 -0.5313
vn -0.5218 0.6749 -0.5218
vn 0.3255 -0.9455 0.0000
vn 0.4980 -0.8672 0.0000
vn 0.3491 -0.9371 0.0000
vn -0.4313 0.8981 0.0865
vn -0.4980 0.8672 0.0000
vn -0.4479 0.8901 0.0839
vn -0.0558 0.8710 0.4881
vn -0.0087 0.8565 0.5162
vn -0.0087 0.8553 0.5181
vn 0.0000 0.8526 0.5226
vn 0.0000 0.8516 0.5242
vn 0.0604 0.8716 0.4864
vn 0.0605 0.8734 0.4832
vn 0.0603 0.8725 0.4849
vn 0.4911 0.8673 0.0811
vn 0.5235 0.8518 0.0197
vn -0.5487 -0.8360 0.0000
vn 0.5351 0.8445 0.0201
vn 0.5426 0.8394 -0.0305
vn 0.5259 0.6685 -0.5259
vn 0.4197 0.6583 -0.6249
vn 0.5039 0.7016 -0.5039
vn 0.1808 0.3165 -0.9312
vn 0.2063 0.3607 -0.9096
vn -0.1820 0.3832 -0.9056
vn 0.0284 0.3809 -0.9242
vn -0.6560 0.3734 -0.6560
vn -0.9881 0.1537 0.0000
vn -0.4723 0.7442 0.4723
vn -0.0471 0.8113 0.5827
vn 0.0000 0.8101 0.5862
vn 0.0111 0.8171 0.5763
vn 0.4925 0.8263 0.2733
vn 0.1169 0.8085 0.5767
vn 0.5353 0.8422 -0.0640
vn 0.4586 0.8819 0.1089
vn 0.5517 0.8228 -0.1361
vn 0.2971 0.7147 -0.6332
vn 0.4548 0.6771 -0.5785
vn 0.3088 0.4655 -0.8294
vn 0.0352 0.3914 -0.9195
vn 0.3143 0.4801 -0.8190
vn 0.2265 0.4726 -0.8517
vn 0.0492 0.4000 -0.9152
vn -0.0593 0.3896 -0.9191
vn -0.1773 0.3969 -0.9006
vn -0.4870 0.7251 0.4870
vn -0.0507 0.8018 0.5954
vn 0.0000 0.8000 0.6000
vn 0.4890 0.7223 0.4890
vn 0.5145 0.6860 0.5145
vn 0.4367 0.7865 0.4367
vn 1.0000 0.0000 0.0000
vn 0.6787 0.2807 -0.6787
vn 0.1925 0.4106 -0.8913
vn 0.1930 0.3704 -0.9086
vn 0.0117 0.3877 -0.9217
vn -0.1683 0.4020 -0.9000
vn -0.6411 0.4219 -0.6411
vn -0.6369 0.4345 -0.6369
vn -0.9713 0.2379 0.0000
vn -0.9655 0.2603 0.0000
vn -0.7018 0.1223 0.7018
vn -0.6952 0.1830 0.6952
vn -0.6929 0.1992 0.6929
vn 0.0000 0.0187 0.9998
vn 0.7070 0.0133 0.7070
vn 0.7061 0.0544 0.7061
vn 0.9987 0.0502 0.0000
vn 0.9980 0.0640 0.0000
vn 0.6719 0.3115 -0.6719
vn 0.6700 0.3198 -0.6700
vn 0.1883 0.3819 -0.9048
vn -0.0270 0.3923 -0.9195
vn -0.1565 0.4020 -0.9022
vn -0.6384 0.4300 -0.6384
vn -0.6419 0.4195 -0.6419
vn -0.9681 0.2506 0.0000
vn -0.9726 0.2325 0.0000
vn -0.6938 0.1934 0.6938
vn -0.6956 0.1800 0.6956
vn 0.7057 0.0626 0.7057
vn 0.9976 0.0698 0.0000
vn 0.6691 0.3236 -0.6691
vn 0.1764 0.3794 -0.9083
vn -0.0377 0.3909 -0.9197
vn -0.1484 0.3961 -0.9061
vn -0.6479 0.4006 -0.6479
vn -0.6513 0.3892 -0.6513
vn -0.9798 0.1998 0.0000
vn -0.9836 0.1803 0.0000
vn -0.6984 0.1561 0.6984
vn -0.7000 0.1419 0.7000
vn 0.7055 0.0679 0.7055
vn 0.7051 0.0751 0.7051
vn 0.9970 0.0777 0.0000
vn 0.9961 0.0877 0.0000
vn 0.6680 0.3281 -0.6680
vn 0.6665 0.3342 -0.6665
vn 0.1631 0.3814 -0.9099
vn -0.0705 0.3886 -0.9187
vn -0.1446 0.3971 -0.9063
vn -0.6799 0.2749 -0.6799
vn -0.9884 0.1521 0.0000
vn -0.7019 0.1211 0.7019
vn 0.7045 0.0855 0.7045
vn 0.9948 0.1020 0.0000
vn 0.6860 0.2422 -0.6860
vn 0.1556 0.3840 -0.9101
vn -0.0250 -0.2811 -0.9594
vn -0.0249 -0.2716 -0.9621
vn -0.1511 -0.2670 -0.9518
vn -0.1507 -0.2566 -0.9547
vn -0.7037 -0.0980 -0.7037
vn 0.7008 -0.1335 -0.7008
vn 0.1584 -0.2706 -0.9496
vn 0.1579 -0.2628 -0.9518
vn 0.2988 0.9063 0.2988
vn 0.2225 0.9492 0.2225
vn -0.2530 0.9338 0.2530
vn 0.0000 -0.2813 -0.9596
vn -0.6760 0.2935 -0.6760
vn -0.7053 0.0707 -0.7053
vn -0.7070 -0.0187 -0.7070
vn -0.8087 0.5882 0.0000
vn -0.9303 0.3668 0.0000
vn -0.9657 0.2597 0.0000
vn -0.6254 0.4666 0.6254
vn -0.6882 0.2296 0.6882
vn -0.7016 0.1242 0.7016
vn 0.0000 -0.0761 0.9971
vn 0.0000 -0.0881 0.9961
vn 0.0000 -0.0598 0.9982
vn 0.6455 -0.4082 0.6455
vn 0.6318 -0.4492 0.6318
vn 0.6264 -0.4640 0.6264
vn 0.8380 -0.5457 0.0000
vn 0.5881 -0.5553 -0.5881
vn 0.0000 -0.3191 -0.9477
vn 0.0000 -0.3442 -0.9389
vn -0.7046 -0.0842 -0.7046
vn -0.7022 -0.1180 -0.7022
vn -0.9806 0.1961 0.0000
vn -0.7055 0.0668 0.7055
vn 0.0000 -0.1047 0.9945
vn 0.6235 -0.4716 0.6235
vn 0.5830 -0.5659 -0.5830
vn 0.5736 -0.5847 -0.5736
vn 0.0000 -0.3026 -0.9531
vn 0.0000 -0.4377 -0.8991
vn -0.6878 -0.2324 -0.6878
vn -0.6844 -0.2515 -0.6844
vn -0.9890 0.1478 0.0000
vn -0.9929 0.1192 0.0000
vn -0.7068 0.0309 0.7068
vn -0.7071 0.0100 0.7071
vn 0.5509 -0.6269 -0.5509
vn -0.6821 -0.2638 -0.6821
vn -0.9950 0.0995 0.0000
vn -0.7071 -0.0037 0.7071
vn 0.6127 -0.4993 0.6127
vn 0.5976 -0.5347 0.5976
vn 0.8163 -0.5777 0.0000
vn 0.7855 -0.6188 0.0000
vn 0.5398 -0.6459 -0.5398
vn 0.5249 -0.6700 -0.5249
vn -0.6791 -0.2789 -0.6791
vn -0.6733 -0.3054 -0.6733
vn -0.9971 0.0765 0.0000
vn -0.9994 0.0337 0.0000
vn -0.7070 -0.0206 0.7070
vn -0.7062 -0.0508 0.7062
vn 0.5754 -0.5812 0.5754
vn 0.7415 -0.6709 0.0000
vn 0.5040 -0.7014 -0.5040
vn -0.6585 -0.3645 -0.6585
vn -0.9978 -0.0665 0.0000
vn -0.7019 -0.1207 0.7019
vn 0.4183 -0.8063 0.4183
vn -0.5209 -0.6763 0.5209
vn 0.0000 -0.7763 0.6303
vn 0.1347 -0.8063 0.5760
vn 0.1045 -0.8082 0.5795
vn 0.1238 -0.8034 0.5824
vn 0.4351 -0.7882 0.4351
vn 0.8055 -0.5925 0.0000
vn 0.8554 -0.5179 0.0000
vn 0.5521 -0.6248 -0.5521
vn -0.6603 -0.3578 -0.6603
vn -0.6626 -0.3491 -0.6626
vn 0.1998 -0.7967 0.5704
vn 0.4517 -0.7694 0.4517
vn 0.9044 -0.4266 0.0000
vn 0.5876 -0.5564 -0.5876
vn 0.5904 -0.5503 -0.5904
vn 0.0000 -0.4154 -0.9096
vn 0.0000 -0.3587 -0.9335
vn -0.6802 -0.2732 -0.6802
vn -0.6894 -0.2224 -0.6894
vn -0.5407 -0.6443 0.5407
vn -0.5554 -0.6189 0.5554
vn 0.0000 -0.7675 0.6410
vn 0.0000 -0.7510 0.6603
vn 0.2332 -0.7904 0.5665
vn 0.2946 -0.7631 0.5753
vn 0.5216 -0.6752 0.5216
vn 0.9330 -0.3600 0.0000
vn 0.9649 -0.2627 0.0000
vn 0.6369 -0.4344 -0.6369
vn 0.6657 -0.3370 -0.6657
vn 0.0000 -0.3941 -0.9190
vn 0.0000 -0.3403 -0.9403
vn -0.7012 -0.1287 -0.7012
vn -0.5815 -0.5689 0.5815
vn 0.0000 -0.7419 0.6705
vn 0.4909 -0.7197 0.4909
vn 0.5790 -0.5741 0.5790
vn 0.9968 -0.0797 0.0000
vn 0.7004 -0.1379 -0.7004
vn -0.5803 -0.5713 -0.5803
vn -0.8226 -0.5687 0.0000
vn -0.6386 -0.4295 0.6386
vn -0.6245 -0.4691 0.6245
vn -0.6190 -0.4834 0.6190
vn 0.0000 -0.0591 0.9983
vn 0.0000 -0.0753 0.9972
vn 0.0000 -0.0877 0.9961
vn 0.6926 0.2019 0.6926
vn 0.7054 0.0701 0.7054
vn 0.7070 0.0187 0.7070
vn 0.9648 0.2631 0.0000
vn 0.9875 0.1574 0.0000
vn 0.9932 0.1160 0.0000
vn 0.7070 -0.0144 -0.7070
vn 0.7040 -0.0943 -0.7040
vn 0.7016 -0.1242 -0.7016
vn 0.0000 -0.3266 -0.9452
vn 0.0000 -0.3501 -0.9367
vn -0.5693 -0.5931 -0.5693
vn -0.5570 -0.6160 -0.5570
vn -0.6161 -0.4908 0.6161
vn 0.7071 -0.0084 0.7071
vn 0.9957 0.0929 0.0000
vn 0.6957 -0.1789 -0.6957
vn 0.6895 -0.2216 -0.6895
vn 0.0000 -0.3786 -0.9255
vn -0.5490 -0.6302 -0.5490
vn -0.8285 -0.5600 0.0000
vn -0.8429 -0.5380 0.0000
vn -0.6191 -0.4831 0.6191
vn -0.6260 -0.4652 0.6260
vn 0.6812 -0.2681 -0.6812
vn -0.5863 -0.5590 -0.5863
vn -0.9062 -0.4229 0.0000
vn -0.6555 -0.3749 0.6555
vn 0.7013 -0.1281 0.7013
vn 0.9988 -0.0484 0.0000
vn 0.9955 -0.0951 0.0000
vn 0.6613 -0.3543 -0.6613
vn 0.6537 -0.3812 -0.6537
vn -0.6160 -0.4911 0.6160
vn 0.6983 -0.1573 0.6983
vn 0.9929 -0.1191 0.0000
vn 0.6498 -0.3943 -0.6498
vn -0.1119 -0.7918 0.6005
vn -0.3456 -0.6651 0.6620
vn -0.4525 -0.7684 0.4525
vn -0.1079 -0.7914 0.6017
vn 0.5112 -0.6909 0.5112
vn 0.5022 -0.7039 0.5022
vn 0.5002 -0.7068 0.5002
vn 0.9859 -0.1672 0.0000
vn 0.9841 -0.1776 0.0000
vn 0.6413 -0.4212 -0.6413
vn 0.6393 -0.4273 -0.6393
vn -0.5991 -0.5313 -0.5991
vn -0.6094 -0.5072 -0.6094
vn -0.9253 -0.3792 0.0000
vn -0.9399 -0.3414 0.0000
vn -0.1422 -0.7905 0.5957
vn -0.4721 -0.7445 0.4721
vn 0.4993 -0.7081 0.4993
vn 0.9830 -0.1835 0.0000
vn 0.6384 -0.4300 -0.6384
vn -0.6100 -0.5058 -0.6100
vn -0.9555 -0.2949 0.0000
vn -0.9400 -0.3411 0.0000
vn -0.2055 -0.7854 0.5839
vn -0.4670 -0.7509 0.4670
vn 0.0000 -0.3736 -0.9276
vn 0.0000 -0.3577 -0.9339
vn -0.6190 -0.4835 -0.6190
vn -0.6412 -0.4217 -0.6412
vn -0.8435 -0.5372 0.0000
vn -0.8513 -0.5247 0.0000
vn -0.3090 -0.7741 0.5526
vn -0.4847 -0.7281 0.4847
vn -0.1919 -0.7988 0.5702
vn 0.0000 -0.7468 0.6650
vn 0.5176 -0.6813 0.5176
vn 0.5239 -0.6716 0.5239
vn 0.9521 -0.3058 0.0000
vn 0.9340 -0.3572 0.0000
vn 0.6703 -0.3185 -0.6703
vn 0.6743 -0.3008 -0.6743
vn 0.0000 -0.3362 -0.9418
vn 0.0000 -0.3049 -0.9524
vn -0.6632 -0.3467 -0.6632
vn -0.8590 -0.5119 0.0000
vn -0.5024 -0.7037 0.5024
vn -0.4673 -0.7505 0.4673
vn 0.0000 -0.7290 0.6845
vn 0.5301 -0.6618 0.5301
vn 0.9141 -0.4054 0.0000
vn 0.6840 -0.2533 -0.6840
vn 0.0000 0.3457 -0.9383
vn -0.7014 0.1268 -0.7014
vn 0.9996 -0.0286 0.0000
vn -0.9996 0.0286 0.0000
vn -0.7071 0.0037 0.7071
vn -0.6999 0.1423 0.6999
vn -0.6897 0.2204 0.6897
vn -0.0396 0.3698 0.9283
vn -0.1526 0.4633 0.8730
vn 0.0000 0.4599 0.8880
vn 0.0000 0.5403 0.8415
vn 0.1526 0.4633 0.8730
vn 0.0396 0.3698 0.9283
vn 0.7071 0.0037 0.7071
vn 0.6999 0.1423 0.6999
vn 0.6897 0.2204 0.6897
vn -0.9996 -0.0286 0.0000
vn 0.9996 0.0286 0.0000
vn 0.7014 0.1268 -0.7014
vn 0.0000 0.8944 -0.4472
vn -0.0828 0.8918 -0.4447
vn -0.0823 0.8919 -0.4448
vn -0.4044 0.8203 -0.4044
vn -0.6549 0.3772 0.6549
vn -0.5502 0.3211 0.7708
vn -0.4388 0.4865 0.7555
vn -0.2937 0.4426 0.8472
vn -0.0518 0.5359 0.8427
vn -0.2772 0.5408 0.7942
vn 0.4388 0.4865 0.7555
vn 0.2937 0.4426 0.8472
vn 0.0518 0.5359 0.8427
vn 0.2772 0.5408 0.7942
vn 0.5502 0.3211 0.7708
vn 0.6549 0.3772 0.6549
vn 0.4044 0.8203 -0.4044
vn 0.0828 0.8918 -0.4447
vn 0.0823 0.8919 -0.4448
vn 0.0000 -0.0905 -0.9959
vn -0.7064 -0.0440 -0.7064
vn -0.6327 0.4466 0.6327
vn -0.3773 0.5248 0.7631
vn -0.2736 0.5395 0.7963
vn 0.3773 0.5248 0.7631
vn 0.2736 0.5395 0.7963
vn 0.6327 0.4466 0.6327
vn 0.7064 -0.0440 -0.7064
vn -0.7039 -0.0958 0.7039
vn -0.4957 -0.1290 0.8589
vn -0.4328 -0.1377 0.8909
vn -0.3174 -0.1511 0.9362
vn -0.3210 -0.1539 0.9345
vn 0.3210 -0.1539 0.9345
vn 0.3174 -0.1511 0.9362
vn 0.4328 -0.1377 0.8909
vn 0.4957 -0.1290 0.8589
vn 0.7039 -0.0958 0.7039
vn 0.0000 -0.8721 -0.4893
vn 0.0000 -0.8701 -0.4930
vn -0.0480 -0.8708 -0.4893
vn -0.0731 -0.8642 -0.4979
vn -0.4438 -0.7785 -0.4438
vn -0.4704 -0.7466 -0.4704
vn -0.4651 -0.1093 0.8785
vn -0.3129 -0.1241 0.9417
vn -0.3116 0.0062 0.9502
vn 0.3129 -0.1241 0.9417
vn 0.3116 0.0062 0.9502
vn 0.4651 -0.1093 0.8785
vn 0.4438 -0.7785 -0.4438
vn 0.0731 -0.8642 -0.4979
vn 0.0480 -0.8708 -0.4893
vn 0.4704 -0.7466 -0.4704
vn 0.0000 -0.8749 -0.4844
vn -0.0889 -0.8644 -0.4950
vn -0.0907 -0.8583 -0.5050
vn -0.4849 -0.7279 -0.4849
vn -0.6327 0.4465 0.6327
vn -0.0808 0.1288 0.9884
vn -0.1784 0.0370 0.9833
vn -0.0222 0.2008 0.9794
vn -0.0000 0.0849 0.9964
vn 0.0808 0.1288 0.9884
vn 0.1784 0.0370 0.9833
vn 0.0222 0.2008 0.9794
vn 0.6327 0.4465 0.6327
vn 0.0907 -0.8583 -0.5050
vn 0.4849 -0.7279 -0.4849
vn 0.0889 -0.8644 -0.4950
vn 0.0000 -0.8742 -0.4856
vn 0.0000 0.7831 -0.6219
vn -0.1105 0.7782 -0.6182
vn -0.1876 0.7701 -0.6098
vn 0.0000 0.7827 -0.6224
vn -0.5251 0.6697 -0.5251
vn -0.9998 0.0182 0.0000
vn -0.6284 0.4585 0.6284
vn 0.0000 0.5798 0.8148
vn 0.6221 0.4754 0.6221
vn 0.9986 0.0526 0.0000
vn 0.5188 0.6795 -0.5188
vn 0.1867 0.7727 -0.6067
vn 0.1102 0.7797 -0.6164
vn -0.1227 0.7795 -0.6142
vn 0.0163 0.7787 -0.6271
vn -0.6223 -0.4749 0.6223
vn 0.0000 -0.6156 0.7880
vn 0.6286 -0.4580 0.6286
vn 0.5758 -0.5803 0.5758
vn 0.5359 -0.6523 0.5359
vn 0.5714 0.5890 -0.5714
vn 0.1468 0.7537 -0.6406
vn 0.0904 0.7737 -0.6271
vn -0.0059 0.7750 -0.6319
vn -0.0942 0.7671 -0.6346
vn -0.5935 0.5435 -0.5935
vn -0.1899 0.7316 -0.6548
vn -0.5538 -0.6218 0.5538
vn -0.5231 -0.6729 0.5231
vn 0.5061 -0.6984 0.5061
vn 0.8579 -0.5137 0.0000
vn 0.6410 0.4221 -0.6410
vn 0.6115 0.5022 -0.6115
vn 0.0741 0.7648 -0.6400
vn -0.0867 0.7695 -0.6327
vn -0.0000 0.7826 -0.6225
vn -0.6243 0.4696 -0.6243
vn -0.6410 0.4223 -0.6410
vn -0.8581 -0.5135 0.0000
vn -0.5061 -0.6983 0.5061
vn 0.0867 0.7695 -0.6327
vn 0.0000 -0.8095 -0.5872
vn -0.1752 -0.8146 -0.5530
vn -0.1657 -0.8220 -0.5449
vn 0.0000 -0.7985 -0.6020
vn -0.4186 -0.8059 -0.4186
vn 0.4186 -0.8059 -0.4186
vn 0.1752 -0.8146 -0.5530
vn 0.1656 -0.8220 -0.5449
s off
f 1/1/1 8/2/2 2/3/3
f 1/4/4 7/5/5 8/6/6
f 2/3/3 9/7/7 3/8/8
f 2/3/3 8/2/9 9/7/7
f 3/9/10 9/10/11 4/11/10
f 4/11/10 9/10/11 10/12/12
f 4/13/13 10/14/14 5/15/13
f 5/15/13 10/14/14 11/16/15
f 5/17/16 11/18/16 6/19/16
f 6/19/16 11/18/16 12/20/16
f 6/21/17 7/22/18 1/23/17
f 6/21/17 12/24/19 7/22/18
f 7/5/5 14/25/20 8/6/21
f 7/5/5 13/26/22 14/25/23
f 8/2/24 15/27/25 9/7/7
f 8/2/24 14/28/26 15/27/25
f 9/10/11 15/29/27 10/12/12
f 10/12/12 15/29/27 16/30/27
f 10/14/14 16/31/28 11/16/15
f 11/16/15 16/31/28 17/32/28
f 11/18/16 17/33/16 12/20/16
f 12/20/16 17/33/16 18/34/16
f 12/24/19 13/35/29 7/22/18
f 12/24/19 18/36/29 13/35/29
f 13/26/22 20/37/30 14/25/23
f 13/26/22 19/38/31 20/37/30
f 14/28/26 21/39/32 15/27/25
f 14/28/26 20/40/33 21/39/32
f 15/29/27 21/41/34 16/30/27
f 16/30/27 21/41/34 22/42/35
f 16/31/28 22/43/36 17/32/28
f 17/32/28 22/43/36 23/44/37
f 17/33/16 23/45/16 18/34/16
f 18/34/16 23/45/16 24/46/16
f 18/47/38 19/48/38 13/49/38
f 18/47/38 24/50/38 19/48/38
f 19/38/31 26/51/39 20/37/40
f 19/38/31 25/52/41 26/51/39
f 20/37/42 27/53/43 21/54/32
f 20/37/42 26/51/39 27/53/43
f 21/41/34 27/55/44 22/42/35
f 22/42/35 27/55/44 28/56/44
f 22/43/36 28/57/45 23/44/37
f 23/44/37 28/57/45 29/58/45
f 23/45/16 29/59/16 24/46/16
f 24/46/16 29/59/16 30/60/16
f 24/50/38 25/61/38 19/48/38
f 24/50/38 30/62/38 25/61/38
f 25/63/46 31/64/47 26/65/48
f 26/65/48 31/64/47 32/66/49
f 26/65/48 32/66/49 27/67/50
f 27/67/50 32/66/49 33/68/50
f 27/55/44 33/69/44 28/56/44
f 28/56/44 33/69/44 34/70/44
f 28/57/45 34/71/45 29/58/45
f 29/58/45 34/71/45 35/72/45
f 29/59/16 35/73/16 30/60/16
f 30/60/16 35/73/16 36/74/16
f 30/62/38 31/75/38 25/61/38
f 30/62/38 36/76/38 31/75/38
f 31/64/47 37/77/51 32/66/49
f 32/66/49 37/77/51 38/78/52
f 32/66/49 38/78/52 33/68/50
f 33/68/50 38/78/52 39/79/53
f 33/69/44 39/80/54 34/70/44
f 34/70/44 39/80/54 40/81/55
f 34/82/56 41/83/57 35/84/56
f 34/82/56 40/85/58 41/83/57
f 35/86/59 41/87/59 36/88/59
f 36/88/59 41/87/59 42/89/59
f 36/76/38 37/90/38 31/75/38
f 36/76/38 42/91/38 37/90/38
f 37/77/51 43/92/60 38/78/52
f 38/78/52 43/92/60 44/93/61
f 38/78/52 44/93/61 39/79/53
f 39/79/53 44/93/61 45/94/62
f 39/80/54 45/95/63 40/81/55
f 40/81/55 45/95/63 46/96/63
f 40/85/58 47/97/64 41/83/57
f 40/85/58 46/98/65 47/97/64
f 41/87/59 47/99/59 42/89/59
f 42/89/59 47/99/59 48/100/59
f 42/91/38 43/101/66 37/90/38
f 42/91/38 48/102/67 43/101/66
f 43/92/60 50/103/68 44/93/61
f 43/92/60 49/104/69 50/103/68
f 44/93/61 51/105/70 45/94/62
f 44/93/61 50/103/68 51/105/70
f 45/106/71 52/107/71 46/108/71
f 45/109/72 51/110/72 52/111/72
f 46/98/65 52/112/73 47/97/64
f 47/97/64 52/112/73 53/113/73
f 47/99/59 53/114/59 48/100/59
f 48/100/59 53/114/59 54/115/59
f 48/102/67 49/116/74 43/101/66
f 48/102/67 54/117/74 49/116/74
f 4/118/75 5/119/75 6/120/75
f 3/121/75 4/118/75 6/120/75
f 2/122/75 3/121/75 6/120/75
f 1/123/75 2/122/75 6/120/75
f 52/124/76 54/125/76 53/126/76
f 49/127/76 51/128/76 50/129/76
f 49/130/75 52/131/75 51/132/75
f 49/127/76 54/125/76 52/124/76
f 55/133/77 61/134/78 56/135/79
f 56/135/79 61/134/78 62/136/78
f 56/137/16 63/138/16 57/139/16
f 56/137/16 62/34/16 63/138/16
f 57/140/80 64/141/81 58/142/80
f 57/140/80 63/143/82 64/141/81
f 58/144/83 65/145/84 59/146/83
f 58/144/83 64/147/85 65/145/84
f 59/148/86 65/149/87 60/150/86
f 60/150/86 65/149/87 66/151/88
f 60/152/89 66/153/89 55/154/89
f 55/155/90 66/156/91 61/157/92
f 61/158/93 67/159/93 62/160/93
f 62/160/93 67/159/93 68/161/93
f 62/34/16 69/162/16 63/138/16
f 62/34/16 68/46/16 69/162/16
f 63/143/82 70/163/94 64/141/81
f 63/143/82 69/164/95 70/163/94
f 64/147/85 71/165/96 65/145/84
f 64/147/85 70/166/97 71/165/96
f 65/149/87 71/167/98 66/151/88
f 66/151/88 71/167/98 72/168/99
f 66/156/91 72/169/100 61/157/92
f 61/157/92 72/169/100 67/170/101
f 67/159/93 73/171/93 68/161/93
f 68/161/93 73/171/93 74/172/93
f 68/46/16 75/173/16 69/162/16
f 68/46/16 74/60/16 75/173/16
f 69/164/95 76/174/102 70/163/94
f 69/164/95 75/175/102 76/174/102
f 70/166/97 77/176/103 71/165/96
f 70/166/97 76/177/103 77/176/103
f 71/167/98 77/178/104 72/168/99
f 72/168/99 77/178/104 78/179/104
f 72/169/100 78/180/105 67/170/101
f 67/170/101 78/180/105 73/181/106
f 73/171/93 79/182/93 74/172/93
f 74/172/93 79/182/93 80/183/93
f 74/60/16 81/184/16 75/173/16
f 74/60/16 80/74/16 81/184/16
f 75/175/102 82/185/102 76/174/102
f 75/175/102 81/186/102 82/185/102
f 76/177/103 83/187/103 77/176/103
f 76/177/103 82/188/103 83/187/103
f 77/189/107 84/190/108 78/191/109
f 77/189/107 83/192/107 84/190/108
f 78/191/109 79/193/110 73/194/111
f 78/191/109 84/190/108 79/193/110
f 79/182/93 85/195/93 80/183/93
f 80/183/93 85/195/93 86/196/93
f 80/88/59 87/197/59 81/198/59
f 80/88/59 86/89/59 87/197/59
f 81/199/112 87/200/113 82/201/112
f 82/201/112 87/200/113 88/202/114
f 82/188/103 89/203/115 83/187/103
f 82/188/103 88/204/116 89/203/115
f 83/192/107 90/205/117 84/190/108
f 83/192/107 89/206/118 90/205/117
f 84/190/108 85/207/119 79/193/110
f 84/190/108 90/205/117 85/207/119
f 85/195/93 91/208/120 86/196/93
f 86/196/93 91/208/120 92/209/121
f 86/89/59 93/210/59 87/197/59
f 86/89/59 92/100/59 93/210/59
f 87/200/113 93/211/122 88/202/114
f 88/202/114 93/211/122 94/212/123
f 88/204/116 95/213/124 89/203/115
f 88/204/116 94/214/124 95/213/124
f 89/206/118 96/215/125 90/205/117
f 89/206/118 95/216/126 96/215/125
f 90/205/117 91/217/127 85/207/119
f 90/205/117 96/215/125 91/217/127
f 91/208/120 97/218/128 92/209/121
f 92/209/121 97/218/128 98/219/128
f 92/100/59 99/220/59 93/210/59
f 92/100/59 98/221/59 99/220/59
f 93/222/122 100/223/129 94/224/130
f 93/222/122 99/225/131 100/223/129
f 94/224/132 100/223/129 95/226/133
f 95/227/134 100/228/134 101/229/134
f 95/216/135 101/230/136 96/215/125
f 96/215/125 101/230/136 102/231/137
f 96/215/125 102/231/137 91/217/127
f 91/217/127 102/231/137 97/232/138
f 56/135/79 57/233/75 58/234/75
f 56/135/79 58/234/75 59/235/75
f 56/135/79 59/235/75 60/236/75
f 56/135/79 60/236/75 55/133/77
f 98/237/76 100/238/76 99/239/76
f 101/240/76 97/241/76 102/242/76
f 97/241/76 100/238/76 98/237/76
f 97/243/75 101/244/75 100/245/75
f 103/246/139 114/247/140 104/248/140
f 103/249/141 113/250/142 114/251/143
f 104/252/144 114/253/144 105/254/144
f 105/254/144 114/253/144 115/255/144
f 105/256/145 115/257/145 106/258/145
f 106/259/146 115/260/146 116/261/146
f 106/262/147 116/263/148 107/264/149
f 107/264/149 116/263/148 117/265/150
f 107/264/149 117/265/150 108/266/151
f 108/266/151 117/265/150 118/267/152
f 108/266/151 119/268/153 109/269/154
f 108/266/151 118/267/152 119/268/153
f 109/269/154 120/270/155 110/271/156
f 109/269/154 119/268/153 120/270/155
f 110/272/157 121/273/157 111/274/157
f 110/275/158 120/276/158 121/277/158
f 111/278/159 122/279/159 112/280/159
f 111/278/159 121/281/159 122/279/159
f 112/282/160 122/283/160 103/284/139
f 103/249/141 122/285/161 113/250/142
f 113/250/142 124/286/162 114/251/143
f 113/250/142 123/287/163 124/286/162
f 114/288/164 125/289/164 115/290/164
f 114/288/164 124/291/164 125/289/164
f 115/260/146 126/292/146 116/261/146
f 115/260/146 125/293/146 126/292/146
f 116/294/165 126/295/165 117/296/165
f 117/296/165 126/295/165 127/297/165
f 117/298/166 128/299/166 118/300/166
f 117/298/166 127/301/166 128/299/166
f 118/300/166 129/302/166 119/303/166
f 118/300/166 128/299/166 129/302/166
f 119/304/167 130/305/167 120/306/167
f 119/304/167 129/307/167 130/305/167
f 120/276/158 130/308/158 121/277/158
f 121/277/158 130/308/158 131/309/158
f 121/310/168 131/311/168 122/312/168
f 122/312/168 131/311/168 132/313/168
f 122/285/161 132/314/169 113/250/142
f 113/250/142 132/314/169 123/287/163
f 123/315/170 133/316/171 124/317/172
f 124/317/172 133/316/171 134/318/173
f 124/319/174 134/320/174 125/321/174
f 125/321/174 134/320/174 135/322/174
f 125/293/146 135/323/146 126/292/146
f 126/292/146 135/323/146 136/324/146
f 126/295/165 136/325/175 127/297/165
f 127/297/165 136/325/175 137/326/176
f 127/301/166 138/327/177 128/299/166
f 127/301/166 137/328/178 138/327/177
f 128/299/166 139/329/179 129/302/166
f 128/299/166 138/327/177 139/329/179
f 129/307/167 140/330/180 130/305/167
f 129/307/167 139/331/181 140/330/180
f 130/308/158 141/332/158 131/309/158
f 130/308/158 140/333/158 141/332/158
f 131/334/182 142/335/182 132/336/182
f 131/334/182 141/337/182 142/335/182
f 132/338/183 133/316/171 123/315/170
f 132/338/183 142/339/184 133/316/171
f 133/340/185 143/341/186 134/342/187
f 134/342/188 143/341/186 144/343/189
f 134/344/190 144/345/191 135/346/191
f 135/346/191 144/345/191 145/347/191
f 135/323/146 145/348/146 136/324/146
f 136/349/145 145/350/145 146/351/145
f 136/325/175 146/352/192 137/326/176
f 137/326/176 146/352/192 147/353/192
f 137/328/178 148/354/193 138/327/177
f 137/328/178 147/355/193 148/354/193
f 138/327/177 148/354/193 139/329/179
f 139/329/179 148/354/193 149/356/193
f 139/331/181 150/357/194 140/330/180
f 139/331/181 149/358/194 150/357/194
f 140/333/158 151/359/158 141/332/158
f 140/360/157 150/361/157 151/362/157
f 141/363/195 152/364/195 142/365/196
f 141/363/195 151/366/195 152/364/195
f 142/367/197 143/341/186 133/340/185
f 142/367/198 152/368/199 143/341/186
f 108/266/151 109/269/154 110/271/156
f 106/262/147 107/264/149 108/266/151
f 111/369/75 112/370/75 103/371/75
f 103/371/75 104/372/75 105/373/75
f 111/369/75 103/371/75 105/373/75
f 106/262/147 108/266/151 110/271/156
f 105/374/76 106/375/76 110/376/76
f 105/374/76 110/376/76 111/377/76
f 146/378/76 148/379/76 147/380/76
f 148/379/76 150/381/76 149/382/76
f 151/383/76 143/384/76 152/385/76
f 143/384/76 145/386/76 144/387/76
f 151/383/76 145/386/76 143/384/76
f 146/378/76 150/381/76 148/379/76
f 145/388/75 150/389/75 146/390/75
f 145/388/75 151/391/75 150/389/75
f 153/392/200 163/393/201 154/394/202
f 154/394/202 163/393/201 164/395/203
f 154/396/204 164/397/205 155/398/204
f 155/398/204 164/397/205 165/399/206
f 155/400/207 165/401/208 156/402/209
f 156/403/210 165/404/211 166/405/212
f 156/406/210 167/407/213 157/408/214
f 156/406/210 166/409/212 167/407/213
f 157/408/215 168/410/216 158/411/217
f 157/408/215 167/407/213 168/410/216
f 158/411/217 168/410/216 159/412/218
f 159/412/218 168/410/216 169/413/219
f 159/412/220 170/414/221 160/415/222
f 159/412/220 169/413/219 170/414/221
f 160/416/223 171/417/223 161/418/223
f 160/419/224 170/420/221 171/421/225
f 161/422/226 172/423/227 162/424/226
f 161/422/226 171/421/228 172/423/227
f 162/425/229 163/393/201 153/392/200
f 162/425/229 172/426/230 163/393/201
f 163/393/201 174/427/231 164/395/203
f 163/393/201 173/428/232 174/427/231
f 164/397/205 175/429/233 165/399/206
f 164/397/205 174/430/233 175/429/233
f 165/431/234 175/432/234 166/433/234
f 166/433/234 175/432/234 176/434/234
f 166/409/212 176/435/235 167/407/213
f 167/407/213 176/435/235 177/436/236
f 167/407/213 177/436/236 168/410/216
f 168/410/216 177/436/236 178/437/237
f 168/410/216 178/437/237 169/413/219
f 169/413/219 178/437/237 179/438/238
f 169/413/219 180/439/239 170/414/221
f 169/413/219 179/438/240 180/439/239
f 170/420/221 181/440/241 171/421/225
f 170/420/221 180/441/242 181/440/241
f 171/421/243 182/442/244 172/423/245
f 171/421/243 181/440/241 182/442/244
f 172/426/246 173/428/247 163/393/201
f 172/426/248 182/443/249 173/428/250
f 173/428/247 183/444/251 174/427/231
f 174/427/231 183/444/251 184/445/252
f 174/430/233 185/446/233 175/429/233
f 174/430/233 184/447/233 185/446/233
f 175/432/234 185/448/234 176/434/234
f 176/434/234 185/448/234 186/449/234
f 176/435/235 186/450/253 177/436/236
f 177/436/236 186/450/253 187/451/254
f 177/436/236 188/452/255 178/437/237
f 177/436/236 187/451/254 188/452/255
f 178/437/237 189/453/255 179/438/238
f 178/437/237 188/452/255 189/453/255
f 179/438/256 190/454/257 180/439/258
f 179/438/256 189/453/257 190/454/257
f 180/455/259 191/456/259 181/457/259
f 180/455/259 190/458/259 191/456/259
f 181/459/260 191/460/260 182/461/260
f 182/461/260 191/460/260 192/462/260
f 182/443/261 192/463/262 173/428/247
f 173/428/247 192/463/262 183/444/251
f 183/444/251 193/464/263 184/445/252
f 184/445/252 193/464/263 194/465/264
f 184/447/233 195/466/265 185/446/233
f 184/447/233 194/467/266 195/466/265
f 185/448/234 196/468/267 186/449/234
f 185/448/234 195/469/268 196/468/267
f 186/470/269 197/471/270 187/472/269
f 186/470/269 196/473/271 197/471/270
f 187/474/272 198/475/272 188/476/272
f 187/474/272 197/477/272 198/475/272
f 188/476/272 199/478/272 189/479/272
f 188/476/272 198/475/272 199/478/272
f 189/480/273 200/481/274 190/482/273
f 189/480/273 199/483/274 200/481/274
f 190/458/259 200/484/275 191/456/259
f 191/456/259 200/484/275 201/485/276
f 191/460/260 201/486/277 192/462/260
f 192/462/260 201/486/277 202/487/278
f 192/463/262 202/488/279 183/444/251
f 183/444/251 202/488/279 193/464/263
f 193/464/263 203/489/280 194/465/264
f 194/465/264 203/489/280 204/490/281
f 194/467/266 205/491/282 195/466/265
f 194/467/266 204/492/283 205/491/282
f 195/469/268 206/493/284 196/468/267
f 195/469/268 205/494/285 206/493/284
f 196/473/271 207/495/286 197/471/270
f 196/473/271 206/496/287 207/495/286
f 197/477/272 208/497/272 198/475/272
f 197/477/272 207/498/272 208/497/272
f 198/475/272 209/499/272 199/478/272
f 198/475/272 208/497/272 209/499/272
f 199/483/274 209/500/288 200/481/274
f 200/481/274 209/500/288 210/501/288
f 200/484/275 210/502/289 201/485/276
f 201/485/276 210/502/289 211/503/289
f 201/486/277 211/504/290 202/487/278
f 202/487/278 211/504/290 212/505/290
f 202/488/279 212/506/291 193/464/263
f 193/464/263 212/506/291 203/489/280
f 203/489/280 213/507/292 204/490/281
f 204/490/281 213/507/292 214/508/293
f 204/492/283 215/509/294 205/491/282
f 204/492/283 214/510/295 215/509/294
f 205/494/285 216/511/296 206/493/284
f 205/494/285 215/512/297 216/511/296
f 206/496/287 217/513/298 207/495/286
f 206/496/287 216/514/299 217/513/298
f 207/498/272 218/515/272 208/497/272
f 207/498/272 217/516/272 218/515/272
f 208/497/272 218/515/272 209/499/272
f 209/499/272 218/515/272 219/517/272
f 209/500/288 219/518/300 210/501/288
f 210/501/288 219/518/300 220/519/301
f 210/502/289 220/520/302 211/503/289
f 211/503/289 220/520/302 221/521/303
f 211/504/290 221/522/304 212/505/290
f 212/505/290 221/522/304 222/523/305
f 212/506/291 222/524/306 203/489/280
f 203/489/280 222/524/306 213/507/292
f 213/507/292 223/525/307 214/508/293
f 214/508/293 223/525/307 224/526/308
f 214/510/295 225/527/309 215/509/294
f 214/510/295 224/528/309 225/527/309
f 215/512/297 226/529/310 216/511/296
f 215/512/297 225/530/310 226/529/310
f 216/514/299 227/531/311 217/513/298
f 216/514/299 226/532/311 227/531/311
f 217/516/272 228/533/272 218/515/272
f 217/516/272 227/534/272 228/533/272
f 218/515/272 228/533/272 219/517/272
f 219/517/272 228/533/272 229/535/272
f 219/518/300 229/536/312 220/519/301
f 220/519/301 229/536/312 230/537/312
f 220/520/302 230/538/313 221/521/303
f 221/521/303 230/538/313 231/539/313
f 221/522/304 231/540/314 222/523/305
f 222/523/305 231/540/314 232/541/314
f 222/524/306 232/542/315 213/507/292
f 213/507/292 232/542/315 223/525/307
f 223/543/316 233/544/317 224/545/318
f 224/545/318 233/544/317 234/546/319
f 224/547/309 234/548/320 225/549/309
f 225/549/309 234/548/320 235/550/320
f 225/530/310 235/551/310 226/529/310
f 226/529/310 235/551/310 236/552/310
f 226/532/311 237/553/311 227/531/311
f 226/532/311 236/554/311 237/553/311
f 227/534/272 238/555/272 228/533/272
f 227/534/272 237/556/272 238/555/272
f 228/533/272 238/555/272 229/535/272
f 229/535/272 238/555/272 239/557/272
f 229/536/312 239/558/312 230/537/312
f 230/537/312 239/558/312 240/559/312
f 230/538/313 241/560/313 231/539/313
f 230/538/313 240/561/313 241/560/313
f 231/540/314 242/562/321 232/541/314
f 231/540/314 241/563/321 242/562/321
f 232/564/322 233/544/317 223/543/316
f 232/564/322 242/565/323 233/544/317
f 158/411/75 159/412/324 160/415/325
f 161/566/75 162/567/75 153/568/75
f 156/406/210 157/408/326 158/411/75
f 153/568/75 154/569/75 155/570/75
f 161/566/75 153/568/75 155/570/75
f 156/406/210 158/411/75 160/415/325
f 155/400/207 156/402/209 160/571/76
f 155/400/207 160/571/76 161/572/76
f 241/573/76 233/574/76 242/575/76
f 240/576/76 233/574/76 241/573/76
f 240/576/76 234/577/76 233/574/76
f 238/578/76 240/576/76 239/579/76
f 238/578/76 234/577/76 240/576/76
f 237/580/76 234/577/76 238/578/76
f 237/580/76 235/581/76 234/577/76
f 235/581/76 237/580/76 236/582/76
f 243/583/327 253/584/327 244/585/327
f 244/585/327 253/584/327 254/586/327
f 244/587/328 254/588/329 245/589/328
f 245/589/328 254/588/329 255/590/330
f 245/591/331 255/592/332 246/593/331
f 246/593/331 255/592/332 256/594/333
f 246/595/334 257/596/335 247/597/334
f 246/595/334 256/598/336 257/596/335
f 247/599/272 258/600/337 248/601/272
f 247/599/272 257/602/338 258/600/337
f 248/601/272 259/603/339 249/604/272
f 248/601/272 258/600/337 259/603/339
f 249/605/340 260/606/341 250/607/340
f 249/605/340 259/608/342 260/606/341
f 250/609/343 261/610/343 251/611/343
f 250/609/343 260/612/343 261/610/343
f 251/613/344 261/614/344 252/615/344
f 252/615/344 261/614/344 262/616/344
f 252/617/327 262/618/327 243/583/327
f 243/583/327 262/618/327 253/584/327
f 253/584/327 263/619/345 254/586/327
f 254/586/327 263/619/345 264/620/346
f 254/588/329 264/621/347 255/590/330
f 255/590/330 264/621/347 265/622/348
f 255/592/332 265/623/349 256/594/333
f 256/594/333 265/623/349 266/624/349
f 256/598/336 267/625/350 257/596/335
f 256/598/336 266/626/350 267/625/350
f 257/602/338 268/627/351 258/600/337
f 257/602/338 267/628/351 268/627/351
f 258/600/337 269/629/351 259/603/339
f 258/600/337 268/627/351 269/629/351
f 259/608/342 270/630/352 260/606/341
f 259/608/342 269/631/352 270/630/352
f 260/612/343 271/632/343 261/610/343
f 260/612/343 270/633/343 271/632/343
f 261/614/344 271/634/353 262/616/344
f 262/616/344 271/634/353 272/635/354
f 262/618/327 272/636/355 253/584/327
f 253/584/327 272/636/355 263/619/345
f 263/619/345 273/637/356 264/620/346
f 264/620/346 273/637/356 274/638/356
f 264/621/347 274/639/357 265/622/348
f 265/622/348 274/639/357 275/640/358
f 265/623/349 275/641/359 266/624/349
f 266/624/349 275/641/359 276/642/360
f 266/626/350 277/643/361 267/625/350
f 266/626/350 276/644/362 277/643/361
f 267/628/351 278/645/351 268/627/351
f 267/628/351 277/646/351 278/645/351
f 268/627/351 279/647/351 269/629/351
f 268/627/351 278/645/351 279/647/351
f 269/631/352 280/648/352 270/630/352
f 269/631/352 279/649/352 280/648/352
f 270/633/343 281/650/343 271/632/343
f 270/633/343 280/651/343 281/650/343
f 271/634/353 281/652/363 272/635/354
f 272/635/354 281/652/363 282/653/363
f 272/636/355 282/654/356 263/619/345
f 263/619/345 282/654/356 273/637/356
f 273/637/356 283/655/356 274/638/356
f 274/638/356 283/655/356 284/656/356
f 274/639/357 284/657/364 275/640/358
f 275/640/358 284/657/364 285/658/364
f 275/641/359 285/659/365 276/642/360
f 276/642/360 285/659/365 286/660/365
f 276/644/362 287/661/366 277/643/361
f 276/644/362 286/662/366 287/661/366
f 277/646/351 288/663/351 278/645/351
f 277/646/351 287/664/351 288/663/351
f 278/645/351 289/665/351 279/647/351
f 278/645/351 288/663/351 289/665/351
f 279/649/352 290/666/367 280/648/352
f 279/649/352 289/667/368 290/666/367
f 280/651/343 291/668/369 281/650/343
f 280/651/343 290/669/370 291/668/369
f 281/652/363 291/670/371 282/653/363
f 282/653/363 291/670/371 292/671/372
f 282/654/356 292/672/356 273/637/356
f 273/637/356 292/672/356 283/655/356
f 283/655/356 293/673/356 284/656/356
f 284/656/356 293/673/356 294/674/356
f 284/657/364 294/675/373 285/658/364
f 285/658/364 294/675/373 295/676/374
f 285/659/365 295/677/375 286/660/365
f 286/660/365 295/677/375 296/678/376
f 286/662/366 297/679/377 287/661/366
f 286/662/366 296/680/378 297/679/377
f 287/664/351 298/681/351 288/663/351
f 287/664/351 297/682/351 298/681/351
f 288/663/351 299/683/351 289/665/351
f 288/663/351 298/681/351 299/683/351
f 289/667/368 300/684/379 290/666/367
f 289/667/368 299/685/379 300/684/379
f 290/669/370 301/686/380 291/668/369
f 290/669/370 300/687/380 301/686/380
f 291/670/371 301/688/381 292/671/372
f 292/671/372 301/688/381 302/689/381
f 292/672/356 302/690/356 283/655/356
f 283/655/356 302/690/356 293/673/356
f 293/673/356 303/691/356 294/674/356
f 294/674/356 303/691/356 304/692/356
f 294/675/373 304/693/382 295/676/374
f 295/676/374 304/693/382 305/694/382
f 295/677/375 305/695/383 296/678/376
f 296/678/376 305/695/383 306/696/383
f 296/680/378 307/697/384 297/679/377
f 296/680/378 306/698/384 307/697/384
f 297/682/351 308/699/351 298/681/351
f 297/682/351 307/700/351 308/699/351
f 298/681/351 309/701/351 299/683/351
f 298/681/351 308/699/351 309/701/351
f 299/685/379 310/702/385 300/684/379
f 299/685/379 309/703/385 310/702/385
f 300/687/380 311/704/380 301/686/380
f 300/687/380 310/705/380 311/704/380
f 301/688/381 311/706/381 302/689/381
f 302/689/381 311/706/381 312/707/381
f 302/690/356 312/708/356 293/673/356
f 293/673/356 312/708/356 303/691/356
f 303/691/356 313/709/356 304/692/356
f 304/692/356 313/709/356 314/710/356
f 304/693/382 314/711/382 305/694/382
f 305/694/382 314/711/382 315/712/382
f 305/695/383 316/713/383 306/696/383
f 305/695/383 315/714/383 316/713/383
f 306/715/386 317/716/386 307/717/386
f 306/715/386 316/718/386 317/716/386
f 307/719/387 318/720/387 308/721/387
f 307/719/387 317/722/387 318/720/387
f 308/721/387 319/723/388 309/724/389
f 308/721/387 318/720/387 319/723/388
f 309/724/390 319/723/388 310/725/385
f 310/725/385 319/723/388 320/726/391
f 310/705/380 320/727/392 311/704/380
f 311/704/380 320/727/392 321/728/393
f 311/706/381 321/729/394 312/707/381
f 312/707/381 321/729/394 322/730/394
f 312/708/356 322/731/356 303/691/356
f 303/691/356 322/731/356 313/709/356
f 313/709/356 323/732/356 314/710/356
f 314/710/356 323/732/356 324/733/356
f 314/711/382 324/734/395 315/712/382
f 315/712/382 324/734/395 325/735/396
f 315/714/383 326/736/383 316/713/383
f 315/714/383 325/737/383 326/736/383
f 316/718/386 327/738/386 317/716/386
f 316/718/386 326/739/386 327/738/386
f 317/722/387 328/740/387 318/720/387
f 317/722/387 327/741/387 328/740/387
f 318/720/387 329/742/397 319/723/388
f 318/720/387 328/740/387 329/742/397
f 319/723/388 329/742/397 320/726/391
f 320/726/391 329/742/397 330/743/398
f 320/727/392 330/744/399 321/728/393
f 321/728/393 330/744/399 331/745/399
f 321/729/394 332/746/400 322/730/394
f 321/729/394 331/747/401 332/746/400
f 322/731/356 332/748/356 313/709/356
f 313/709/356 332/748/356 323/732/356
f 323/732/356 333/749/402 324/733/356
f 324/733/356 333/749/402 334/750/403
f 324/734/395 334/751/404 325/735/396
f 325/735/396 334/751/404 335/752/405
f 325/737/383 336/753/383 326/736/383
f 325/737/383 335/754/383 336/753/383
f 326/739/386 337/755/406 327/738/386
f 326/739/386 336/756/407 337/755/406
f 327/741/387 338/757/408 328/740/387
f 327/741/387 337/758/409 338/757/408
f 328/740/387 339/759/410 329/742/397
f 328/740/387 338/757/408 339/759/410
f 329/742/397 339/759/411 330/743/398
f 330/743/398 339/759/411 340/760/412
f 330/744/399 340/761/413 331/745/399
f 331/745/399 340/761/413 341/762/414
f 331/747/401 342/763/415 332/746/400
f 331/747/401 341/764/416 342/763/415
f 332/748/356 342/765/417 323/732/356
f 323/732/356 342/765/417 333/749/402
f 333/749/402 343/766/418 334/750/403
f 334/750/403 343/766/418 344/767/418
f 334/751/404 344/768/419 335/752/405
f 335/752/405 344/768/419 345/769/419
f 335/754/383 346/770/383 336/753/383
f 335/754/383 345/771/383 346/770/383
f 336/756/407 347/772/420 337/755/406
f 336/756/407 346/773/420 347/772/420
f 337/758/409 348/774/421 338/757/408
f 337/758/409 347/775/421 348/774/421
f 338/757/408 348/774/421 339/759/410
f 339/759/410 348/774/421 349/776/421
f 339/777/422 349/778/423 340/779/412
f 340/779/412 349/778/423 350/780/423
f 340/761/413 350/781/424 341/762/414
f 341/762/414 350/781/424 351/782/424
f 341/764/416 352/783/425 342/763/415
f 341/764/416 351/784/425 352/783/425
f 342/765/417 343/766/418 333/749/402
f 342/765/417 352/785/418 343/766/418
f 251/786/75 252/787/75 243/788/75
f 250/789/75 251/786/75 243/788/75
f 250/789/75 243/788/75 244/790/75
f 246/791/75 247/792/75 248/793/75
f 245/794/75 246/791/75 248/793/75
f 245/794/75 248/793/75 249/795/75
f 250/789/75 244/790/75 245/794/75
f 245/794/75 249/795/75 250/789/75
f 343/796/76 345/797/76 344/798/76
f 348/799/76 350/800/76 349/801/76
f 346/802/76 348/799/76 347/803/76
f 351/804/76 343/796/76 352/805/76
f 351/804/76 345/797/76 343/796/76
f 346/802/76 350/800/76 348/799/76
f 351/804/76 346/802/76 345/797/76
f 346/802/76 351/804/76 350/800/76
f 353/806/327 364/807/327 354/808/327
f 353/806/327 363/809/327 364/807/327
f 354/810/426 365/811/426 355/812/426
f 354/810/426 364/813/426 365/811/426
f 355/814/427 365/815/427 356/816/427
f 356/816/427 365/815/427 366/817/427
f 356/818/428 366/819/429 357/820/428
f 357/820/428 366/819/429 367/821/430
f 357/822/272 367/823/431 358/824/272
f 358/824/272 367/823/431 368/825/432
f 358/824/272 368/825/432 359/826/272
f 359/826/272 368/825/432 369/827/433
f 359/828/434 369/829/435 360/830/434
f 360/830/434 369/829/435 370/831/436
f 360/832/437 371/833/438 361/834/437
f 360/832/437 370/835/439 371/833/438
f 361/836/440 372/837/441 362/838/440
f 361/836/440 371/839/442 372/837/441
f 362/840/327 363/809/327 353/806/327
f 362/840/327 372/841/327 363/809/327
f 363/809/327 374/842/443 364/807/327
f 363/809/327 373/843/444 374/842/443
f 364/813/426 375/844/445 365/811/426
f 364/813/426 374/845/446 375/844/445
f 365/815/427 375/846/427 366/817/427
f 366/817/427 375/846/427 376/847/427
f 366/819/429 376/848/447 367/821/430
f 367/821/430 376/848/447 377/849/447
f 367/823/431 377/850/351 368/825/432
f 368/825/432 377/850/351 378/851/351
f 368/825/432 378/851/351 369/827/433
f 369/827/433 378/851/351 379/852/351
f 369/829/435 379/853/448 370/831/436
f 370/831/436 379/853/448 380/854/448
f 370/835/439 381/855/449 371/833/438
f 370/835/439 380/856/449 381/855/449
f 371/839/442 382/857/450 372/837/441
f 371/839/442 381/858/451 382/857/450
f 372/841/327 373/843/444 363/809/327
f 372/841/327 382/859/452 373/843/444
f 373/843/444 384/860/356 374/842/443
f 373/843/444 383/861/356 384/860/356
f 374/845/446 385/862/453 375/844/445
f 374/845/446 384/863/453 385/862/453
f 375/846/427 385/864/454 376/847/427
f 376/847/427 385/864/454 386/865/455
f 376/848/447 386/866/456 377/849/447
f 377/849/447 386/866/456 387/867/457
f 377/850/351 387/868/351 378/851/351
f 378/851/351 387/868/351 388/869/351
f 378/851/351 388/869/351 379/852/351
f 379/852/351 388/869/351 389/870/351
f 379/853/448 389/871/448 380/854/448
f 380/854/448 389/871/448 390/872/448
f 380/856/449 391/873/449 381/855/449
f 380/856/449 390/874/449 391/873/449
f 381/858/451 392/875/458 382/857/450
f 381/858/451 391/876/458 392/875/458
f 382/859/452 383/861/356 373/843/444
f 382/859/452 392/877/356 383/861/356
f 383/861/356 394/878/356 384/860/356
f 383/861/356 393/879/356 394/878/356
f 384/863/453 394/880/459 385/862/453
f 385/862/453 394/880/459 395/881/459
f 385/864/454 395/882/460 386/865/455
f 386/865/455 395/882/460 396/883/460
f 386/866/456 396/884/461 387/867/457
f 387/867/457 396/884/461 397/885/461
f 387/868/351 397/886/351 388/869/351
f 388/869/351 397/886/351 398/887/351
f 388/869/351 398/887/351 389/870/351
f 389/870/351 398/887/351 399/888/351
f 389/871/448 399/889/462 390/872/448
f 390/872/448 399/889/462 400/890/462
f 390/874/449 401/891/463 391/873/449
f 390/874/449 400/892/464 401/891/463
f 391/876/458 402/893/465 392/875/458
f 391/876/458 401/894/466 402/893/465
f 392/877/356 393/879/356 383/861/356
f 392/877/356 402/895/356 393/879/356
f 393/879/356 404/896/356 394/878/356
f 393/879/356 403/897/356 404/896/356
f 394/880/459 404/898/459 395/881/459
f 395/881/459 404/898/459 405/899/459
f 395/882/460 405/900/460 396/883/460
f 396/883/460 405/900/460 406/901/460
f 396/884/461 406/902/467 397/885/461
f 397/885/461 406/902/467 407/903/467
f 397/886/351 407/904/351 398/887/351
f 398/887/351 407/904/351 408/905/351
f 398/887/351 408/905/351 399/888/351
f 399/888/351 408/905/351 409/906/351
f 399/889/462 410/907/468 400/890/462
f 399/889/462 409/908/468 410/907/468
f 400/892/464 411/909/469 401/891/463
f 400/892/464 410/910/469 411/909/469
f 401/894/466 412/911/470 402/893/465
f 401/894/466 411/912/470 412/911/470
f 402/895/356 403/897/356 393/879/356
f 402/895/356 412/913/356 403/897/356
f 403/897/356 414/914/356 404/896/356
f 403/897/356 413/915/356 414/914/356
f 404/898/459 414/916/459 405/899/459
f 405/899/459 414/916/459 415/917/459
f 405/900/460 416/918/460 406/901/460
f 405/900/460 415/919/460 416/918/460
f 406/920/467 417/921/471 407/922/472
f 406/920/467 416/923/473 417/921/471
f 407/922/474 417/921/471 408/924/387
f 408/924/387 417/921/471 418/925/387
f 408/924/387 418/925/387 409/926/387
f 409/926/387 418/925/387 419/927/387
f 409/928/475 419/929/476 410/930/475
f 410/930/475 419/929/476 420/931/477
f 410/910/469 420/932/478 411/909/469
f 411/909/469 420/932/478 421/933/479
f 411/912/470 422/934/480 412/911/470
f 411/912/470 421/935/481 422/934/480
f 412/913/356 413/915/356 403/897/356
f 412/913/356 422/936/356 413/915/356
f 413/915/356 424/937/356 414/914/356
f 413/915/356 423/938/356 424/937/356
f 414/916/459 424/939/482 415/917/459
f 415/917/459 424/939/482 425/940/483
f 415/919/460 426/941/484 416/918/460
f 415/919/460 425/942/485 426/941/484
f 416/923/473 427/943/486 417/921/471
f 416/923/473 426/944/487 427/943/486
f 417/921/471 427/943/486 418/925/387
f 418/925/387 427/943/486 428/945/387
f 418/925/387 429/946/387 419/927/387
f 418/925/387 428/945/387 429/946/387
f 419/929/476 429/947/488 420/931/477
f 420/931/477 429/947/488 430/948/488
f 420/932/478 430/949/489 421/933/479
f 421/933/479 430/949/489 431/950/489
f 421/935/481 432/951/490 422/934/480
f 421/935/481 431/952/490 432/951/490
f 422/936/356 432/953/356 413/915/356
f 413/915/356 432/953/356 423/938/356
f 423/938/356 434/954/356 424/937/356
f 423/938/356 433/955/356 434/954/356
f 424/939/482 434/956/491 425/940/483
f 425/940/483 434/956/491 435/957/491
f 425/942/485 436/958/492 426/941/484
f 425/942/485 435/959/493 436/958/492
f 426/944/487 437/960/494 427/943/486
f 426/944/487 436/961/495 437/960/494
f 427/943/486 437/960/494 428/945/387
f 428/945/387 437/960/494 438/962/387
f 428/945/387 439/963/387 429/946/387
f 428/945/387 438/962/387 439/963/387
f 429/947/488 439/964/488 430/948/488
f 430/948/488 439/964/488 440/965/488
f 430/949/489 440/966/489 431/950/489
f 431/950/489 440/966/489 441/967/489
f 431/952/490 442/968/490 432/951/490
f 431/952/490 441/969/490 442/968/490
f 432/953/356 442/970/356 423/938/356
f 423/938/356 442/970/356 433/955/356
f 433/955/356 444/971/496 434/954/356
f 433/955/356 443/972/497 444/971/496
f 434/956/491 445/973/498 435/957/491
f 434/956/491 444/974/499 445/973/498
f 435/959/493 446/975/500 436/958/492
f 435/959/493 445/976/501 446/975/500
f 436/961/495 447/977/502 437/960/494
f 436/961/495 446/978/503 447/977/502
f 437/960/494 447/977/504 438/962/387
f 438/962/387 447/977/504 448/979/505
f 438/962/387 448/979/505 439/963/387
f 439/963/387 448/979/505 449/980/421
f 439/964/488 449/981/506 440/965/488
f 440/965/488 449/981/506 450/982/507
f 440/966/489 450/983/508 441/967/489
f 441/967/489 450/983/508 451/984/509
f 441/969/490 452/985/510 442/968/490
f 441/969/490 451/986/511 452/985/510
f 442/970/356 443/972/497 433/955/356
f 442/970/356 452/987/512 443/972/497
f 443/972/497 454/988/513 444/971/496
f 443/972/497 453/989/513 454/988/513
f 444/974/499 455/990/514 445/973/498
f 444/974/499 454/991/514 455/990/514
f 445/976/501 456/992/515 446/975/500
f 445/976/501 455/993/515 456/992/515
f 446/978/503 457/994/516 447/977/517
f 446/978/503 456/995/516 457/994/516
f 447/977/504 457/994/518 448/979/505
f 448/979/505 457/994/518 458/996/518
f 448/979/505 459/997/518 449/980/421
f 448/979/505 458/996/518 459/997/518
f 449/981/506 459/998/519 450/982/507
f 450/982/507 459/998/519 460/999/519
f 450/983/508 460/1000/520 451/984/509
f 451/984/509 460/1000/520 461/1001/520
f 451/986/511 461/1002/521 452/985/510
f 452/985/510 461/1002/521 462/1003/521
f 452/987/512 453/989/513 443/972/497
f 452/987/512 462/1004/513 453/989/513
f 361/1005/75 362/1006/75 353/1007/75
f 360/1008/75 361/1005/75 353/1007/75
f 360/1008/75 353/1007/75 354/1009/75
f 356/789/75 357/1010/75 358/1011/75
f 355/786/75 356/789/75 358/1011/75
f 355/786/75 358/1011/75 359/1012/75
f 360/1008/75 354/1009/75 355/786/75
f 355/786/75 359/1012/75 360/1008/75
f 454/1013/76 456/1014/76 455/1015/76
f 454/1013/76 457/1016/76 456/1014/76
f 459/1017/76 461/1018/76 460/1019/76
f 459/1017/76 462/1020/76 461/1018/76
f 453/1021/76 457/1016/76 454/1013/76
f 453/1021/76 458/1022/76 457/1016/76
f 462/1020/76 458/1022/76 453/1021/76
f 458/1022/76 462/1020/76 459/1017/76
f 463/1023/522 474/1024/522 464/1025/522
f 463/1023/522 473/1026/522 474/1024/522
f 464/1027/523 475/1028/523 465/1029/523
f 464/1027/523 474/1030/523 475/1028/523
f 465/1031/524 476/1032/524 466/1033/524
f 465/1034/525 475/1035/525 476/1036/525
f 466/1037/526 476/1038/527 467/1039/526
f 467/1039/526 476/1038/527 477/1040/528
f 467/1041/529 477/1042/530 468/1043/531
f 468/1043/531 477/1042/530 478/1044/532
f 468/1043/531 479/1045/533 469/1046/534
f 468/1043/531 478/1044/532 479/1045/533
f 469/1047/535 480/1048/536 470/1049/535
f 469/1047/535 479/1050/537 480/1048/536
f 470/1051/538 480/1052/538 471/1053/538
f 471/1054/539 480/1055/539 481/1056/539
f 471/1057/540 481/1058/540 472/1059/540
f 472/1059/540 481/1058/540 482/1060/540
f 472/1061/522 482/1062/522 463/1023/522
f 463/1023/522 482/1062/522 473/1026/522
f 473/1063/541 483/1064/541 474/1065/542
f 474/1065/542 483/1064/541 484/1066/543
f 474/1065/542 485/1067/544 475/1068/544
f 474/1065/542 484/1066/543 485/1067/544
f 475/1035/525 486/1069/525 476/1036/525
f 475/1035/525 485/1070/525 486/1069/525
f 476/1038/527 486/1071/545 477/1040/546
f 477/1040/546 486/1071/545 487/1072/547
f 477/1042/548 487/1073/547 478/1044/532
f 478/1044/549 487/1073/547 488/1074/550
f 478/1044/532 489/1075/551 479/1045/552
f 478/1044/553 488/1074/554 489/1075/551
f 479/1050/555 490/1076/556 480/1048/536
f 479/1050/555 489/1077/551 490/1076/556
f 480/1055/539 490/1078/539 481/1056/539
f 481/1056/539 490/1078/539 491/1079/539
f 481/1080/557 491/1081/557 482/1082/558
f 482/1082/558 491/1081/557 492/1083/559
f 482/1082/558 483/1064/541 473/1063/541
f 482/1082/558 492/1083/559 483/1064/541
f 483/1084/560 493/1085/560 484/1086/560
f 484/1086/560 493/1085/560 494/1087/560
f 484/1088/561 494/1089/561 485/1090/561
f 485/1090/561 494/1089/561 495/1091/561
f 485/1070/525 495/1092/525 486/1069/525
f 486/1069/525 495/1092/525 496/1093/525
f 486/1071/545 496/1094/562 487/1072/547
f 487/1072/547 496/1094/562 497/1095/563
f 487/1073/547 497/1096/563 488/1074/550
f 488/1074/550 497/1096/563 498/1097/564
f 488/1074/554 499/1098/565 489/1075/551
f 488/1074/554 498/1097/566 499/1098/565
f 489/1077/551 500/1099/567 490/1076/556
f 489/1077/551 499/1100/565 500/1099/567
f 490/1078/539 501/1101/539 491/1079/539
f 490/1078/539 500/1102/539 501/1101/539
f 491/1103/568 502/1104/568 492/1105/568
f 491/1103/568 501/1106/568 502/1104/568
f 492/1107/560 493/1085/560 483/1084/560
f 492/1107/560 502/1108/560 493/1085/560
f 493/1085/560 503/1109/560 494/1087/560
f 494/1087/560 503/1109/560 504/1110/560
f 494/1089/561 504/1111/561 495/1091/561
f 495/1091/561 504/1111/561 505/1112/561
f 495/1092/525 506/1113/525 496/1093/525
f 495/1092/525 505/1114/525 506/1113/525
f 496/1115/569 507/1116/570 497/1117/571
f 496/1115/569 506/1118/569 507/1116/570
f 497/1119/571 508/1120/572 498/1121/573
f 497/1119/571 507/1122/570 508/1120/572
f 498/1123/574 508/1124/575 499/1125/576
f 499/1125/576 508/1124/575 509/1126/577
f 499/1127/576 509/1128/577 500/1129/578
f 500/1129/578 509/1128/577 510/1130/578
f 500/1102/539 510/1131/539 501/1101/539
f 501/1101/539 510/1131/539 511/1132/539
f 501/1106/568 512/1133/568 502/1104/568
f 501/1106/568 511/1134/568 512/1133/568
f 502/1108/560 503/1109/560 493/1085/560
f 502/1108/560 512/1135/560 503/1109/560
f 503/1136/579 513/1137/580 504/1138/581
f 504/1138/581 513/1137/580 514/1139/582
f 504/1138/581 514/1139/582 505/1140/583
f 505/1140/583 514/1139/582 515/1141/584
f 505/1114/525 515/1142/525 506/1113/525
f 506/1113/525 515/1142/525 516/1143/525
f 506/1118/569 517/1144/585 507/1116/570
f 506/1118/569 516/1145/569 517/1144/585
f 507/1122/570 518/1146/586 508/1120/572
f 507/1122/570 517/1147/587 518/1146/586
f 508/1124/575 518/1148/588 509/1126/577
f 509/1126/577 518/1148/588 519/1149/589
f 509/1128/577 519/1150/590 510/1130/578
f 510/1130/578 519/1150/590 520/1151/578
f 510/1131/539 521/1152/539 511/1132/539
f 510/1131/539 520/1153/539 521/1152/539
f 511/1154/591 522/1155/592 512/1156/593
f 511/1154/591 521/1157/594 522/1155/592
f 512/1156/593 513/1137/580 503/1136/579
f 512/1156/593 522/1155/592 513/1137/580
f 513/1137/580 523/1158/595 514/1139/582
f 514/1139/582 523/1158/595 524/1159/596
f 514/1139/582 524/1159/597 515/1141/584
f 515/1141/584 524/1159/597 525/1160/598
f 515/1142/525 525/1161/525 516/1143/525
f 516/1162/524 525/1163/524 526/1164/524
f 516/1165/599 526/1166/599 517/1167/599
f 517/1167/599 526/1166/599 527/1168/599
f 517/1147/587 528/1169/600 518/1146/586
f 517/1147/601 527/1170/602 528/1169/603
f 518/1148/588 528/1171/604 519/1149/589
f 519/1149/605 528/1171/603 529/1172/606
f 519/1173/607 530/1174/607 520/1175/607
f 519/1173/607 529/1176/607 530/1174/607
f 520/1153/539 531/1177/539 521/1152/539
f 520/1178/538 530/1179/538 531/1180/538
f 521/1157/594 532/1181/608 522/1155/592
f 521/1157/594 531/1182/609 532/1181/608
f 522/1155/592 523/1158/595 513/1137/580
f 522/1155/592 532/1181/610 523/1158/595
f 463/1183/75 464/1184/75 465/1185/75
f 471/1186/75 472/1187/75 463/1183/75
f 466/1188/75 467/1189/75 468/1190/75
f 468/1190/75 469/1191/75 470/1192/75
f 466/1188/75 468/1190/75 470/1192/75
f 471/1186/75 463/1183/75 465/1185/75
f 465/1193/76 466/1194/76 470/1195/76
f 465/1193/76 470/1195/76 471/1196/76
f 523/1158/595 525/1160/76 524/1159/611
f 531/1182/76 523/1158/595 532/1181/611
f 526/1197/76 528/1198/76 527/1199/76
f 528/1198/76 530/1200/76 529/1201/76
f 526/1197/76 530/1200/76 528/1198/76
f 531/1182/76 525/1160/76 523/1158/595
f 525/1202/75 530/1203/75 526/1204/75
f 525/1202/75 531/1205/75 530/1203/75
f 533/1206/612 544/1207/613 534/1208/614
f 533/1206/612 543/1209/615 544/1207/613
f 534/1210/614 545/1211/616 535/1212/616
f 534/1210/614 544/1213/613 545/1211/616
f 535/1214/617 546/1215/617 536/1216/617
f 535/1214/617 545/1217/617 546/1215/617
f 536/1218/618 546/1219/618 537/1220/618
f 537/1220/618 546/1219/618 547/1221/618
f 537/1222/619 548/1223/619 538/1224/619
f 537/1222/619 547/1225/619 548/1223/619
f 538/1224/619 548/1223/619 539/1226/619
f 539/1226/619 548/1223/619 549/1227/619
f 539/1228/620 550/1229/620 540/1230/620
f 539/1228/620 549/1231/620 550/1229/620
f 540/1232/621 550/1233/621 541/1234/621
f 541/1234/621 550/1233/621 551/1235/621
f 541/1236/622 551/1237/622 542/1238/623
f 542/1238/623 551/1237/622 552/1239/624
f 542/1238/623 552/1239/624 533/1206/612
f 533/1206/612 552/1239/624 543/1209/615
f 543/1209/615 554/1240/625 544/1207/613
f 543/1209/615 553/1241/626 554/1240/625
f 544/1213/613 555/1242/616 545/1211/616
f 544/1213/613 554/1243/625 555/1242/616
f 545/1217/617 556/1244/617 546/1215/617
f 545/1217/617 555/1245/617 556/1244/617
f 546/1246/627 557/1247/627 547/1248/627
f 546/1246/627 556/1249/627 557/1247/627
f 547/1250/628 558/1251/628 548/1252/628
f 547/1250/628 557/1253/628 558/1251/628
f 548/1252/628 558/1251/628 549/1254/628
f 549/1254/628 558/1251/628 559/1255/628
f 549/1256/629 559/1257/630 550/1258/629
f 550/1258/629 559/1257/630 560/1259/631
f 550/1233/621 560/1260/621 551/1235/621
f 551/1235/621 560/1260/621 561/1261/621
f 551/1237/622 561/1262/632 552/1239/624
f 552/1239/624 561/1262/632 562/1263/633
f 552/1239/624 562/1263/634 543/1209/615
f 543/1209/615 562/1263/634 553/1241/626
f 553/1241/626 563/1264/635 554/1240/625
f 554/1240/625 563/1264/635 564/1265/636
f 554/1243/625 565/1266/637 555/1242/616
f 554/1243/625 564/1267/638 565/1266/637
f 555/1245/617 566/1268/617 556/1244/617
f 555/1245/617 565/1269/617 566/1268/617
f 556/1249/627 567/1270/639 557/1247/627
f 556/1249/627 566/1271/640 567/1270/639
f 557/1253/628 568/1272/628 558/1251/628
f 557/1253/628 567/1273/628 568/1272/628
f 558/1251/628 569/1274/628 559/1255/628
f 558/1251/628 568/1272/628 569/1274/628
f 559/1257/630 569/1275/641 560/1259/631
f 560/1259/631 569/1275/641 570/1276/641
f 560/1277/642 570/1278/642 561/1279/642
f 561/1279/642 570/1278/642 571/1280/642
f 561/1281/632 571/1282/643 562/1283/644
f 562/1283/644 571/1282/643 572/1284/643
f 562/1263/634 572/1285/645 553/1241/626
f 553/1241/626 572/1285/645 563/1264/635
f 563/1264/635 574/1286/646 564/1265/636
f 563/1264/635 573/1287/647 574/1286/646
f 564/1267/648 575/1288/649 565/1266/637
f 564/1267/648 574/1289/649 575/1288/649
f 565/1290/650 576/1291/650 566/1292/650
f 565/1290/650 575/1293/650 576/1291/650
f 566/1271/640 577/1294/651 567/1270/639
f 566/1271/640 576/1295/651 577/1294/651
f 567/1273/628 577/1296/628 568/1272/628
f 568/1272/628 577/1296/628 578/1297/628
f 568/1272/628 579/1298/628 569/1274/628
f 568/1272/628 578/1297/628 579/1298/628
f 569/1275/641 579/1299/641 570/1276/641
f 570/1276/641 579/1299/641 580/1300/641
f 570/1278/642 580/1301/642 571/1280/642
f 571/1280/642 580/1301/642 581/1302/642
f 571/1282/643 581/1303/643 572/1284/643
f 572/1284/643 581/1303/643 582/1304/643
f 572/1285/645 582/1305/652 563/1264/635
f 563/1264/635 582/1305/652 573/1287/647
f 573/1306/653 584/1307/654 574/1308/655
f 573/1306/653 583/1309/656 584/1307/654
f 574/1308/655 584/1307/654 575/1310/657
f 575/1310/657 584/1307/654 585/1311/657
f 575/1293/650 585/1312/650 576/1291/650
f 576/1291/650 585/1312/650 586/1313/650
f 576/1295/651 587/1314/651 577/1294/651
f 576/1295/651 586/1315/651 587/1314/651
f 577/1296/628 587/1316/628 578/1297/628
f 578/1297/628 587/1316/628 588/1317/628
f 578/1297/628 589/1318/628 579/1298/628
f 578/1297/628 588/1317/628 589/1318/628
f 579/1299/641 589/1319/641 580/1300/641
f 580/1300/641 589/1319/641 590/1320/641
f 580/1301/642 591/1321/642 581/1302/642
f 580/1301/642 590/1322/642 591/1321/642
f 581/1323/658 592/1324/659 582/1325/660
f 581/1323/658 591/1326/658 592/1324/659
f 582/1325/660 592/1324/659 573/1306/653
f 573/1306/653 592/1324/659 583/1309/656
f 534/1327/75 535/1328/75 536/1329/75
f 533/1330/75 534/1327/75 536/1329/75
f 542/1331/75 533/1330/75 536/1329/75
f 540/1332/75 541/1333/75 542/1331/75
f 540/1332/75 542/1331/75 536/1329/75
f 536/1329/75 537/1334/75 538/1335/75
f 540/1332/75 536/1329/75 538/1335/75
f 538/1335/75 539/1336/75 540/1332/75
f 591/1337/76 583/1338/76 592/1339/76
f 590/1340/76 583/1338/76 591/1337/76
f 590/1340/76 584/1341/76 583/1338/76
f 588/1342/76 590/1340/76 589/1343/76
f 588/1342/76 584/1341/76 590/1340/76
f 587/1344/76 584/1341/76 588/1342/76
f 587/1344/76 585/1345/76 584/1341/76
f 585/1345/76 587/1344/76 586/1346/76
