# mech2 legs - Leg_L_Gold.obj  (generated by source/build.py; do not edit by hand)
# frame: Leg_L hip-joint centre = origin, studs, +Y up, -Z forward
# segment: whole leg  colour: Gold RGB (212, 169, 58)  pieces: thigh_collar, guard_out, lower_out, guard_in, lower_in, thigh_rear, kneeback_top, kneeback_in, kneeback_out, kneeback_bottom, toe_tip, heel
# bbox centre in leg frame: [-0.0122, -4.2057, 0.0082]  size: [2.8315, 8.5092, 3.672]
# segment pivot (Hip) in leg frame: [0.0, 0.0, 0.0]
o Leg_L_Gold
v -0.33484 0.04896 -1.46880
v -1.08528 0.04896 -1.46880
v -1.18320 0.04896 -1.37088
v -1.18320 0.04896 -1.26480
v -1.10160 0.04896 -1.18320
v -0.33484 0.04896 -1.18320
v 0.43192 0.04896 -1.18320
v 0.51352 0.04896 -1.26480
v 0.51352 0.04896 -1.37088
v 0.41560 0.04896 -1.46880
v -0.20918 -0.28560 -1.63101
v -1.32425 -0.28560 -1.63101
v -1.42217 -0.28560 -1.53309
v -1.42217 -0.28560 -0.89760
v -1.34057 -0.28560 -0.81600
v -0.20918 -0.28560 -0.81600
v 0.92222 -0.28560 -0.81600
v 1.00382 -0.28560 -0.89760
v 1.00382 -0.28560 -1.53309
v 0.90590 -0.28560 -1.63101
v -0.20611 -0.29376 -1.63497
v -1.33008 -0.29376 -1.63497
v -1.42800 -0.29376 -1.53705
v -1.42800 -0.29376 -0.89760
v -1.34640 -0.29376 -0.81600
v -0.20611 -0.29376 -0.81600
v 0.93418 -0.29376 -0.81600
v 1.01578 -0.29376 -0.89760
v 1.01578 -0.29376 -1.53705
v 0.91786 -0.29376 -1.63497
v -0.04002 -0.40800 -1.69036
v -1.16531 -0.40800 -1.69036
v -1.26323 -0.40800 -1.59244
v -1.26323 -0.40800 -0.89760
v -1.18163 -0.40800 -0.81600
v -0.04002 -0.40800 -0.81600
v 1.10160 -0.40800 -0.81600
v 1.18320 -0.40800 -0.89760
v 1.18320 -0.40800 -1.59244
v 1.08528 -0.40800 -1.69036
v -0.05824 -0.48960 -1.72992
v -1.04762 -0.48960 -1.72992
v -1.14554 -0.48960 -1.63200
v -1.14554 -0.48960 -0.89760
v -1.06394 -0.48960 -0.81600
v -0.05824 -0.48960 -0.81600
v 0.94747 -0.48960 -0.81600
v 1.02907 -0.48960 -0.89760
v 1.02907 -0.48960 -1.63200
v 0.93115 -0.48960 -1.72992
v -0.14934 -0.89760 -1.63200
v -0.45916 -0.89760 -1.63200
v -0.55708 -0.89760 -1.53408
v -0.55708 -0.89760 -0.89760
v -0.47548 -0.89760 -0.81600
v -0.14934 -0.89760 -0.81600
v 0.17680 -0.89760 -0.81600
v 0.25840 -0.89760 -0.89760
v 0.25840 -0.89760 -1.53408
v 0.16048 -0.89760 -1.63200
v -0.20400 -1.14240 -0.93257
v -0.20726 -1.14240 -0.93257
v -0.22440 -1.14240 -0.91544
v -0.22440 -1.14240 -0.83314
v -0.20726 -1.14240 -0.81600
v -0.20400 -1.14240 -0.81600
v -0.20074 -1.14240 -0.81600
v -0.18360 -1.14240 -0.83314
v -0.18360 -1.14240 -0.91544
v -0.20074 -1.14240 -0.93257
v -1.00679 0.00000 1.05672
v -1.18050 0.00000 1.05672
v -1.19764 0.00000 1.07386
v -1.19764 0.00000 1.08038
v -1.18050 0.00000 1.09752
v -1.00679 0.00000 1.09752
v -0.83308 0.00000 1.09752
v -0.81594 0.00000 1.08038
v -0.81594 0.00000 1.07386
v -0.83308 0.00000 1.05672
v -1.09259 -0.48960 0.38220
v -1.24032 -0.48960 0.38220
v -1.37088 -0.48960 0.51276
v -1.37088 -0.48960 1.37700
v -1.19136 -0.48960 1.55652
v -1.09259 -0.48960 1.55652
v -0.99381 -0.48960 1.55652
v -0.81429 -0.48960 1.37700
v -0.81429 -0.48960 0.51276
v -0.94485 -0.48960 0.38220
v -1.09249 -0.50592 0.35904
v -1.24018 -0.50592 0.35904
v -1.37074 -0.50592 0.48960
v -1.37074 -0.50592 1.39298
v -1.19122 -0.50592 1.57250
v -1.09249 -0.50592 1.57250
v -0.99376 -0.50592 1.57250
v -0.81424 -0.50592 1.39298
v -0.81424 -0.50592 0.48960
v -0.94480 -0.50592 0.35904
v -1.09087 -0.78336 0.09316
v -1.23787 -0.78336 0.09316
v -1.36843 -0.78336 0.22372
v -1.36843 -0.78336 1.66464
v -1.18891 -0.78336 1.84416
v -1.09087 -0.78336 1.84416
v -0.99282 -0.78336 1.84416
v -0.81330 -0.78336 1.66464
v -0.81330 -0.78336 0.22372
v -0.94386 -0.78336 0.09316
v -1.08790 -1.28928 -0.39168
v -1.23366 -1.28928 -0.39168
v -1.36422 -1.28928 -0.26112
v -1.36422 -1.28928 1.43165
v -1.18470 -1.28928 1.61117
v -1.08790 -1.28928 1.61117
v -0.99111 -1.28928 1.61117
v -0.81159 -1.28928 1.43165
v -0.81159 -1.28928 -0.26112
v -0.94215 -1.28928 -0.39168
v -1.08661 -1.50960 -0.61200
v -1.23182 -1.50960 -0.61200
v -1.36238 -1.50960 -0.48144
v -1.36238 -1.50960 1.33019
v -1.18286 -1.50960 1.50971
v -1.08661 -1.50960 1.50971
v -0.99036 -1.50960 1.50971
v -0.81084 -1.50960 1.33019
v -0.81084 -1.50960 -0.48144
v -0.94140 -1.50960 -0.61200
v -1.08446 -1.87680 -0.74256
v -1.22876 -1.87680 -0.74256
v -1.35932 -1.87680 -0.61200
v -1.35932 -1.87680 1.16108
v -1.17980 -1.87680 1.34060
v -1.08446 -1.87680 1.34060
v -0.98912 -1.87680 1.34060
v -0.80960 -1.87680 1.16108
v -0.80960 -1.87680 -0.61200
v -0.94016 -1.87680 -0.74256
v -1.08360 -2.02368 -0.73081
v -1.22754 -2.02368 -0.73081
v -1.35810 -2.02368 -0.60025
v -1.35810 -2.02368 1.09344
v -1.17858 -2.02368 1.27296
v -1.08360 -2.02368 1.27296
v -0.98863 -2.02368 1.27296
v -0.80911 -2.02368 1.09344
v -0.80911 -2.02368 -0.60025
v -0.93967 -2.02368 -0.73081
v -1.08112 -2.44800 -0.69686
v -1.22400 -2.44800 -0.69686
v -1.35456 -2.44800 -0.56630
v -1.35456 -2.44800 0.47891
v -1.17504 -2.44800 0.65843
v -1.08112 -2.44800 0.65843
v -0.98719 -2.44800 0.65843
v -0.80767 -2.44800 0.47891
v -0.80767 -2.44800 -0.56630
v -0.93823 -2.44800 -0.69686
v -1.07697 -2.48880 -0.69360
v -1.21584 -2.48880 -0.69360
v -1.34640 -2.48880 -0.56304
v -1.34640 -2.48880 0.41982
v -1.16688 -2.48880 0.59934
v -1.07697 -2.48880 0.59934
v -0.98706 -2.48880 0.59934
v -0.80754 -2.48880 0.41982
v -0.80754 -2.48880 -0.56304
v -0.93810 -2.48880 -0.69360
v -1.05207 -2.73360 -0.47600
v -1.16688 -2.73360 -0.47600
v -1.29744 -2.73360 -0.34544
v -1.29744 -2.73360 0.06528
v -1.11792 -2.73360 0.24480
v -1.05207 -2.73360 0.24480
v -0.98623 -2.73360 0.24480
v -0.80671 -2.73360 0.06528
v -0.80671 -2.73360 -0.34544
v -0.93727 -2.73360 -0.47600
v -1.03963 -2.85600 -0.38760
v -1.25582 -2.85600 -0.38760
v -1.27296 -2.85600 -0.37046
v -1.27296 -2.85600 -0.36394
v -1.25582 -2.85600 -0.34680
v -1.03963 -2.85600 -0.34680
v -0.82343 -2.85600 -0.34680
v -0.80630 -2.85600 -0.36394
v -0.80630 -2.85600 -0.37046
v -0.82343 -2.85600 -0.38760
v -1.07712 -2.02368 1.25256
v -1.33742 -2.02368 1.25256
v -1.35456 -2.02368 1.26970
v -1.35456 -2.02368 1.27622
v -1.33742 -2.02368 1.29336
v -1.07712 -2.02368 1.29336
v -0.81682 -2.02368 1.29336
v -0.79968 -2.02368 1.27622
v -0.79968 -2.02368 1.26970
v -0.81682 -2.02368 1.25256
v -1.07712 -2.04000 0.00000
v -1.25664 -2.04000 0.00000
v -1.35456 -2.04000 0.09792
v -1.35456 -2.04000 1.13079
v -1.20768 -2.04000 1.27767
v -1.07712 -2.04000 1.27767
v -0.94656 -2.04000 1.27767
v -0.79968 -2.04000 1.13079
v -0.79968 -2.04000 0.09792
v -0.89760 -2.04000 0.00000
v -1.07712 -2.44800 0.00337
v -1.25664 -2.44800 0.00337
v -1.35456 -2.44800 0.10129
v -1.35456 -2.44800 1.24848
v -1.20768 -2.44800 1.39536
v -1.07712 -2.44800 1.39536
v -0.94656 -2.44800 1.39536
v -0.79968 -2.44800 1.24848
v -0.79968 -2.44800 0.10129
v -0.89760 -2.44800 0.00337
v -1.03632 -2.85600 0.00674
v -1.17504 -2.85600 0.00674
v -1.27296 -2.85600 0.10466
v -1.27296 -2.85600 1.33008
v -1.12608 -2.85600 1.47696
v -1.03632 -2.85600 1.47696
v -0.94656 -2.85600 1.47696
v -0.79968 -2.85600 1.33008
v -0.79968 -2.85600 0.10466
v -0.89760 -2.85600 0.00674
v -1.00548 -3.02736 0.00816
v -1.11335 -3.02736 0.00816
v -1.21127 -3.02736 0.10608
v -1.21127 -3.02736 1.36150
v -1.06439 -3.02736 1.50838
v -1.00548 -3.02736 1.50838
v -0.94656 -3.02736 1.50838
v -0.79968 -3.02736 1.36150
v -0.79968 -3.02736 0.10608
v -0.89760 -3.02736 0.00816
v -0.96288 -3.26400 0.03445
v -1.02816 -3.26400 0.03445
v -1.12608 -3.26400 0.13237
v -1.12608 -3.26400 1.41467
v -0.98899 -3.26400 1.55176
v -0.96288 -3.26400 1.55176
v -0.93677 -3.26400 1.55176
v -0.79968 -3.26400 1.41467
v -0.79968 -3.26400 0.13237
v -0.89760 -3.26400 0.03445
v -0.96451 -3.34560 0.04352
v -1.03142 -3.34560 0.04352
v -1.12934 -3.34560 0.14144
v -1.12934 -3.34560 1.42826
v -0.99089 -3.34560 1.56672
v -0.96451 -3.34560 1.56672
v -0.93814 -3.34560 1.56672
v -0.79968 -3.34560 1.42826
v -0.79968 -3.34560 0.14144
v -0.89760 -3.34560 0.04352
v -0.97104 -3.67200 0.07979
v -1.04448 -3.67200 0.07979
v -1.14240 -3.67200 0.17771
v -1.14240 -3.67200 1.33302
v -0.99846 -3.67200 1.47696
v -0.97104 -3.67200 1.47696
v -0.94362 -3.67200 1.47696
v -0.79968 -3.67200 1.33302
v -0.79968 -3.67200 0.17771
v -0.89760 -3.67200 0.07979
v -0.97920 -4.08000 0.12512
v -1.06080 -4.08000 0.12512
v -1.15872 -4.08000 0.22304
v -1.15872 -4.08000 1.12608
v -1.01184 -4.08000 1.27296
v -0.97920 -4.08000 1.27296
v -0.94656 -4.08000 1.27296
v -0.79968 -4.08000 1.12608
v -0.79968 -4.08000 0.22304
v -0.89760 -4.08000 0.12512
v -0.94520 -4.48800 0.17045
v -0.99280 -4.48800 0.17045
v -1.09072 -4.48800 0.26837
v -1.09072 -4.48800 0.97936
v -0.96848 -4.48800 1.10160
v -0.94520 -4.48800 1.10160
v -0.92192 -4.48800 1.10160
v -0.79968 -4.48800 0.97936
v -0.79968 -4.48800 0.26837
v -0.89760 -4.48800 0.17045
v -0.93840 -4.56960 0.17952
v -0.97920 -4.56960 0.17952
v -1.07712 -4.56960 0.27744
v -1.07712 -4.56960 0.92495
v -0.96060 -4.56960 1.04147
v -0.93840 -4.56960 1.04147
v -0.91620 -4.56960 1.04147
v -0.79968 -4.56960 0.92495
v -0.79968 -4.56960 0.27744
v -0.89760 -4.56960 0.17952
v -0.87557 -4.74096 0.44064
v -0.88771 -4.74096 0.44064
v -0.95146 -4.74096 0.50439
v -0.95146 -4.74096 0.85146
v -0.88771 -4.74096 0.91521
v -0.87557 -4.74096 0.91521
v -0.86343 -4.74096 0.91521
v -0.79968 -4.74096 0.85146
v -0.79968 -4.74096 0.50439
v -0.86343 -4.74096 0.44064
v -0.85462 -4.79808 0.85272
v -0.89243 -4.79808 0.85272
v -0.90957 -4.79808 0.86986
v -0.90957 -4.79808 0.87638
v -0.89243 -4.79808 0.89352
v -0.85462 -4.79808 0.89352
v -0.81682 -4.79808 0.89352
v -0.79968 -4.79808 0.87638
v -0.79968 -4.79808 0.86986
v -0.81682 -4.79808 0.85272
v 0.99960 0.00000 1.05672
v 0.83314 0.00000 1.05672
v 0.81600 0.00000 1.07386
v 0.81600 0.00000 1.08038
v 0.83314 0.00000 1.09752
v 0.99960 0.00000 1.09752
v 1.16606 0.00000 1.09752
v 1.18320 0.00000 1.08038
v 1.18320 0.00000 1.07386
v 1.16606 0.00000 1.05672
v 0.86394 -0.08160 0.96130
v 0.57180 -0.08160 0.96130
v 0.48960 -0.08160 1.04350
v 0.48960 -0.08160 1.07482
v 0.57180 -0.08160 1.15702
v 0.86394 -0.08160 1.15702
v 1.15608 -0.08160 1.15702
v 1.23828 -0.08160 1.07482
v 1.23828 -0.08160 1.04350
v 1.15608 -0.08160 0.96130
v 0.94656 -0.32640 0.61384
v 0.62016 -0.32640 0.61384
v 0.48960 -0.32640 0.74440
v 0.48960 -0.32640 1.21720
v 0.66912 -0.32640 1.39672
v 0.94656 -0.32640 1.39672
v 1.22400 -0.32640 1.39672
v 1.40352 -0.32640 1.21720
v 1.40352 -0.32640 0.74440
v 1.27296 -0.32640 0.61384
v 0.93908 -0.50592 0.35904
v 0.62016 -0.50592 0.35904
v 0.48960 -0.50592 0.48960
v 0.48960 -0.50592 1.39298
v 0.66912 -0.50592 1.57250
v 0.93908 -0.50592 1.57250
v 1.20904 -0.50592 1.57250
v 1.38856 -0.50592 1.39298
v 1.38856 -0.50592 0.48960
v 1.25800 -0.50592 0.35904
v 0.92752 -0.78336 0.09316
v 0.62016 -0.78336 0.09316
v 0.48960 -0.78336 0.22372
v 0.48960 -0.78336 1.66464
v 0.66912 -0.78336 1.84416
v 0.92752 -0.78336 1.84416
v 1.18592 -0.78336 1.84416
v 1.36544 -0.78336 1.66464
v 1.36544 -0.78336 0.22372
v 1.23488 -0.78336 0.09316
v 0.92616 -0.81600 0.06188
v 0.62016 -0.81600 0.06188
v 0.48960 -0.81600 0.19244
v 0.48960 -0.81600 1.64961
v 0.66912 -0.81600 1.82913
v 0.92616 -0.81600 1.82913
v 1.18320 -0.81600 1.82913
v 1.36272 -0.81600 1.64961
v 1.36272 -0.81600 0.19244
v 1.23216 -0.81600 0.06188
v 0.89303 -1.28928 -0.39168
v 0.62016 -1.28928 -0.39168
v 0.48960 -1.28928 -0.26112
v 0.48960 -1.28928 1.43165
v 0.66912 -1.28928 1.61117
v 0.89303 -1.28928 1.61117
v 1.11694 -1.28928 1.61117
v 1.29646 -1.28928 1.43165
v 1.29646 -1.28928 -0.26112
v 1.16590 -1.28928 -0.39168
v 0.87761 -1.50960 -0.61200
v 0.62016 -1.50960 -0.61200
v 0.48960 -1.50960 -0.48144
v 0.48960 -1.50960 1.33019
v 0.66912 -1.50960 1.50971
v 0.87761 -1.50960 1.50971
v 1.08610 -1.50960 1.50971
v 1.26562 -1.50960 1.33019
v 1.26562 -1.50960 -0.48144
v 1.13506 -1.50960 -0.61200
v 0.86904 -1.63200 -0.65552
v 0.62016 -1.63200 -0.65552
v 0.48960 -1.63200 -0.52496
v 0.48960 -1.63200 1.27382
v 0.66912 -1.63200 1.45334
v 0.86904 -1.63200 1.45334
v 1.06896 -1.63200 1.45334
v 1.24848 -1.63200 1.27382
v 1.24848 -1.63200 -0.52496
v 1.11792 -1.63200 -0.65552
v 0.85190 -1.87680 -0.74256
v 0.62016 -1.87680 -0.74256
v 0.48960 -1.87680 -0.61200
v 0.48960 -1.87680 1.16108
v 0.66912 -1.87680 1.34060
v 0.85190 -1.87680 1.34060
v 1.03469 -1.87680 1.34060
v 1.21421 -1.87680 1.16108
v 1.21421 -1.87680 -0.61200
v 1.08365 -1.87680 -0.74256
v 0.84162 -2.02368 -0.73081
v 0.62016 -2.02368 -0.73081
v 0.48960 -2.02368 -0.60025
v 0.48960 -2.02368 1.09344
v 0.66912 -2.02368 1.27296
v 0.84162 -2.02368 1.27296
v 1.01412 -2.02368 1.27296
v 1.19364 -2.02368 1.09344
v 1.19364 -2.02368 -0.60025
v 1.06308 -2.02368 -0.73081
v 0.81192 -2.44800 -0.69686
v 0.62016 -2.44800 -0.69686
v 0.48960 -2.44800 -0.56630
v 0.48960 -2.44800 0.47891
v 0.66912 -2.44800 0.65843
v 0.81192 -2.44800 0.65843
v 0.95472 -2.44800 0.65843
v 1.13424 -2.44800 0.47891
v 1.13424 -2.44800 -0.56630
v 1.00368 -2.44800 -0.69686
v 0.80621 -2.48880 -0.69360
v 0.62016 -2.48880 -0.69360
v 0.48960 -2.48880 -0.56304
v 0.48960 -2.48880 0.41982
v 0.66912 -2.48880 0.59934
v 0.80621 -2.48880 0.59934
v 0.94330 -2.48880 0.59934
v 1.12282 -2.48880 0.41982
v 1.12282 -2.48880 -0.56304
v 0.99226 -2.48880 -0.69360
v 0.77194 -2.73360 -0.47600
v 0.62016 -2.73360 -0.47600
v 0.48960 -2.73360 -0.34544
v 0.48960 -2.73360 0.06528
v 0.66912 -2.73360 0.24480
v 0.77194 -2.73360 0.24480
v 0.87475 -2.73360 0.24480
v 1.05427 -2.73360 0.06528
v 1.05427 -2.73360 -0.34544
v 0.92371 -2.73360 -0.47600
v 0.75480 -2.85600 -0.38760
v 0.50674 -2.85600 -0.38760
v 0.48960 -2.85600 -0.37046
v 0.48960 -2.85600 -0.36394
v 0.50674 -2.85600 -0.34680
v 0.75480 -2.85600 -0.34680
v 1.00286 -2.85600 -0.34680
v 1.02000 -2.85600 -0.36394
v 1.02000 -2.85600 -0.37046
v 1.00286 -2.85600 -0.38760
v 0.84162 -2.02368 1.25256
v 0.50674 -2.02368 1.25256
v 0.48960 -2.02368 1.26970
v 0.48960 -2.02368 1.27622
v 0.50674 -2.02368 1.29336
v 0.84162 -2.02368 1.29336
v 1.17651 -2.02368 1.29336
v 1.19364 -2.02368 1.27622
v 1.19364 -2.02368 1.26970
v 1.17651 -2.02368 1.25256
v 0.84048 -2.04000 0.00000
v 0.58752 -2.04000 0.00000
v 0.48960 -2.04000 0.09792
v 0.48960 -2.04000 1.13079
v 0.63648 -2.04000 1.27767
v 0.84048 -2.04000 1.27767
v 1.04448 -2.04000 1.27767
v 1.19136 -2.04000 1.13079
v 1.19136 -2.04000 0.09792
v 1.09344 -2.04000 0.00000
v 0.81192 -2.44800 0.00337
v 0.58752 -2.44800 0.00337
v 0.48960 -2.44800 0.10129
v 0.48960 -2.44800 1.24848
v 0.63648 -2.44800 1.39536
v 0.81192 -2.44800 1.39536
v 0.98736 -2.44800 1.39536
v 1.13424 -2.44800 1.24848
v 1.13424 -2.44800 0.10129
v 1.03632 -2.44800 0.00337
v 0.75480 -2.85600 0.00674
v 0.58752 -2.85600 0.00674
v 0.48960 -2.85600 0.10466
v 0.48960 -2.85600 1.33008
v 0.63648 -2.85600 1.47696
v 0.75480 -2.85600 1.47696
v 0.87312 -2.85600 1.47696
v 1.02000 -2.85600 1.33008
v 1.02000 -2.85600 0.10466
v 0.92208 -2.85600 0.00674
v 0.71196 -3.02736 0.00816
v 0.58752 -3.02736 0.00816
v 0.48960 -3.02736 0.10608
v 0.48960 -3.02736 1.36150
v 0.63648 -3.02736 1.50838
v 0.71196 -3.02736 1.50838
v 0.78744 -3.02736 1.50838
v 0.93432 -3.02736 1.36150
v 0.93432 -3.02736 0.10608
v 0.83640 -3.02736 0.00816
v 0.65280 -3.26400 0.03445
v 0.58752 -3.26400 0.03445
v 0.48960 -3.26400 0.13237
v 0.48960 -3.26400 1.41467
v 0.62669 -3.26400 1.55176
v 0.65280 -3.26400 1.55176
v 0.67891 -3.26400 1.55176
v 0.81600 -3.26400 1.41467
v 0.81600 -3.26400 0.13237
v 0.71808 -3.26400 0.03445
v 0.64709 -3.34560 0.04352
v 0.58752 -3.34560 0.04352
v 0.48960 -3.34560 0.14144
v 0.48960 -3.34560 1.43443
v 0.62189 -3.34560 1.56672
v 0.64709 -3.34560 1.56672
v 0.67229 -3.34560 1.56672
v 0.80458 -3.34560 1.43443
v 0.80458 -3.34560 0.14144
v 0.70666 -3.34560 0.04352
v 0.62424 -3.67200 0.07979
v 0.58752 -3.67200 0.07979
v 0.48960 -3.67200 0.17771
v 0.48960 -3.67200 1.36386
v 0.60270 -3.67200 1.47696
v 0.62424 -3.67200 1.47696
v 0.64578 -3.67200 1.47696
v 0.75888 -3.67200 1.36386
v 0.75888 -3.67200 0.17771
v 0.66096 -3.67200 0.07979
v 0.58344 -4.08000 0.12512
v 0.56843 -4.08000 0.12512
v 0.48960 -4.08000 0.20395
v 0.48960 -4.08000 1.19413
v 0.56843 -4.08000 1.27296
v 0.58344 -4.08000 1.27296
v 0.59845 -4.08000 1.27296
v 0.67728 -4.08000 1.19413
v 0.67728 -4.08000 0.20395
v 0.59845 -4.08000 0.12512
v 0.53856 -4.48800 0.17045
v 0.53073 -4.48800 0.17045
v 0.48960 -4.48800 0.21158
v 0.48960 -4.48800 1.06047
v 0.53073 -4.48800 1.10160
v 0.53856 -4.48800 1.10160
v 0.54639 -4.48800 1.10160
v 0.58752 -4.48800 1.06047
v 0.58752 -4.48800 0.21158
v 0.54639 -4.48800 0.17045
v 0.53040 -4.56960 0.17952
v 0.52387 -4.56960 0.17952
v 0.48960 -4.56960 0.21379
v 0.48960 -4.56960 1.00720
v 0.52387 -4.56960 1.04147
v 0.53040 -4.56960 1.04147
v 0.53693 -4.56960 1.04147
v 0.57120 -4.56960 1.00720
v 0.57120 -4.56960 0.21379
v 0.53693 -4.56960 0.17952
v 0.51326 -4.74096 0.44064
v 0.50948 -4.74096 0.44064
v 0.48960 -4.74096 0.46052
v 0.48960 -4.74096 0.89533
v 0.50948 -4.74096 0.91521
v 0.51326 -4.74096 0.91521
v 0.51705 -4.74096 0.91521
v 0.53693 -4.74096 0.89533
v 0.53693 -4.74096 0.46052
v 0.51705 -4.74096 0.44064
v 0.51000 -4.77360 0.68777
v 0.50674 -4.77360 0.68777
v 0.48960 -4.77360 0.70491
v 0.48960 -4.77360 0.87402
v 0.50674 -4.77360 0.89116
v 0.51000 -4.77360 0.89116
v 0.51326 -4.77360 0.89116
v 0.53040 -4.77360 0.87402
v 0.53040 -4.77360 0.70491
v 0.51326 -4.77360 0.68777
v -0.00000 -2.08080 0.00000
v -0.73440 -2.08080 0.00000
v -0.81600 -2.08080 0.08160
v -0.81600 -2.08080 1.08528
v -0.71808 -2.08080 1.18320
v -0.00000 -2.08080 1.18320
v 0.71808 -2.08080 1.18320
v 0.81600 -2.08080 1.08528
v 0.81600 -2.08080 0.08160
v 0.73440 -2.08080 0.00000
v -0.00000 -2.44800 0.00000
v -0.73440 -2.44800 0.00000
v -0.81600 -2.44800 0.08160
v -0.81600 -2.44800 1.19136
v -0.71808 -2.44800 1.28928
v -0.00000 -2.44800 1.28928
v 0.71808 -2.44800 1.28928
v 0.81600 -2.44800 1.19136
v 0.81600 -2.44800 0.08160
v 0.73440 -2.44800 0.00000
v -0.00000 -3.34560 0.00000
v -0.73440 -3.34560 0.00000
v -0.81600 -3.34560 0.08160
v -0.81600 -3.34560 1.22400
v -0.71808 -3.34560 1.32192
v -0.00000 -3.34560 1.32192
v 0.71808 -3.34560 1.32192
v 0.81600 -3.34560 1.22400
v 0.81600 -3.34560 0.08160
v 0.73440 -3.34560 0.00000
v -0.14280 -3.26400 0.16320
v -0.95472 -3.26400 0.16320
v -1.02000 -3.26400 0.22848
v -1.02000 -3.26400 1.33824
v -0.95472 -3.26400 1.40352
v -0.14280 -3.26400 1.40352
v 0.66912 -3.26400 1.40352
v 0.73440 -3.26400 1.33824
v 0.73440 -3.26400 0.22848
v 0.66912 -3.26400 0.16320
v -0.14280 -3.61488 0.16320
v -0.95472 -3.61488 0.16320
v -1.02000 -3.61488 0.22848
v -1.02000 -3.61488 1.38035
v -0.95472 -3.61488 1.44563
v -0.14280 -3.61488 1.44563
v 0.66912 -3.61488 1.44563
v 0.73440 -3.61488 1.38035
v 0.73440 -3.61488 0.22848
v 0.66912 -3.61488 0.16320
v 0.51408 -3.61488 0.16320
v 0.35088 -3.61488 0.16320
v 0.28560 -3.61488 0.22848
v 0.28560 -3.61488 1.38035
v 0.35088 -3.61488 1.44563
v 0.51408 -3.61488 1.44563
v 0.67728 -3.61488 1.44563
v 0.74256 -3.61488 1.38035
v 0.74256 -3.61488 0.22848
v 0.67728 -3.61488 0.16320
v 0.51013 -3.67200 0.16320
v 0.34825 -3.67200 0.16320
v 0.28297 -3.67200 0.22848
v 0.28297 -3.67200 1.38720
v 0.34825 -3.67200 1.45248
v 0.51013 -3.67200 1.45248
v 0.67202 -3.67200 1.45248
v 0.73730 -3.67200 1.38720
v 0.73730 -3.67200 0.22848
v 0.67202 -3.67200 0.16320
v 0.48195 -4.08000 0.16320
v 0.32946 -4.08000 0.16320
v 0.26418 -4.08000 0.22848
v 0.26418 -4.08000 1.15872
v 0.32946 -4.08000 1.22400
v 0.48195 -4.08000 1.22400
v 0.63444 -4.08000 1.22400
v 0.69972 -4.08000 1.15872
v 0.69972 -4.08000 0.22848
v 0.63444 -4.08000 0.16320
v 0.45377 -4.48800 0.16320
v 0.31067 -4.48800 0.16320
v 0.24539 -4.48800 0.22848
v 0.24539 -4.48800 0.99552
v 0.31067 -4.48800 1.06080
v 0.45377 -4.48800 1.06080
v 0.59686 -4.48800 1.06080
v 0.66214 -4.48800 0.99552
v 0.66214 -4.48800 0.22848
v 0.59686 -4.48800 0.16320
v 0.42840 -4.85520 0.16320
v 0.29376 -4.85520 0.16320
v 0.22848 -4.85520 0.22848
v 0.22848 -4.85520 0.82861
v 0.29376 -4.85520 0.89389
v 0.42840 -4.85520 0.89389
v 0.56304 -4.85520 0.89389
v 0.62832 -4.85520 0.82861
v 0.62832 -4.85520 0.22848
v 0.56304 -4.85520 0.16320
v -0.73848 -3.61488 0.16320
v -0.95472 -3.61488 0.16320
v -1.02000 -3.61488 0.22848
v -1.02000 -3.61488 1.38035
v -0.95472 -3.61488 1.44563
v -0.73848 -3.61488 1.44563
v -0.52224 -3.61488 1.44563
v -0.45696 -3.61488 1.38035
v -0.45696 -3.61488 0.22848
v -0.52224 -3.61488 0.16320
v -0.74337 -3.67200 0.16320
v -0.95359 -3.67200 0.16320
v -1.01887 -3.67200 0.22848
v -1.01887 -3.67200 1.38720
v -0.95359 -3.67200 1.45248
v -0.74337 -3.67200 1.45248
v -0.53314 -3.67200 1.45248
v -0.46786 -3.67200 1.38720
v -0.46786 -3.67200 0.22848
v -0.53314 -3.67200 0.16320
v -0.77826 -4.08000 0.16320
v -0.94554 -4.08000 0.16320
v -1.01082 -4.08000 0.22848
v -1.01082 -4.08000 1.15872
v -0.94554 -4.08000 1.22400
v -0.77826 -4.08000 1.22400
v -0.61098 -4.08000 1.22400
v -0.54570 -4.08000 1.15872
v -0.54570 -4.08000 0.22848
v -0.61098 -4.08000 0.16320
v -0.81315 -4.48800 0.16320
v -0.93749 -4.48800 0.16320
v -1.00277 -4.48800 0.22848
v -1.00277 -4.48800 0.99552
v -0.93749 -4.48800 1.06080
v -0.81315 -4.48800 1.06080
v -0.68882 -4.48800 1.06080
v -0.62354 -4.48800 0.99552
v -0.62354 -4.48800 0.22848
v -0.68882 -4.48800 0.16320
v -0.84456 -4.85520 0.16320
v -0.93024 -4.85520 0.16320
v -0.99552 -4.85520 0.22848
v -0.99552 -4.85520 0.82861
v -0.93024 -4.85520 0.89389
v -0.84456 -4.85520 0.89389
v -0.75888 -4.85520 0.89389
v -0.69360 -4.85520 0.82861
v -0.69360 -4.85520 0.22848
v -0.75888 -4.85520 0.16320
v -0.17544 -4.77360 0.16320
v -0.95472 -4.77360 0.16320
v -1.00368 -4.77360 0.21216
v -1.00368 -4.77360 0.88202
v -0.95472 -4.77360 0.93098
v -0.17544 -4.77360 0.93098
v 0.60384 -4.77360 0.93098
v 0.65280 -4.77360 0.88202
v 0.65280 -4.77360 0.21216
v 0.60384 -4.77360 0.16320
v -0.17952 -4.93680 0.16320
v -0.94656 -4.93680 0.16320
v -0.99552 -4.93680 0.21216
v -0.99552 -4.93680 0.80784
v -0.94656 -4.93680 0.85680
v -0.17952 -4.93680 0.85680
v 0.58752 -4.93680 0.85680
v 0.63648 -4.93680 0.80784
v 0.63648 -4.93680 0.21216
v 0.58752 -4.93680 0.16320
v -0.50592 -7.54800 -0.39168
v -1.27296 -7.54800 -0.39168
v -1.35456 -7.54800 -0.31008
v -1.35456 -7.54800 -0.23664
v -1.30560 -7.54800 -0.18768
v -0.50592 -7.54800 -0.18768
v 0.29376 -7.54800 -0.18768
v 0.34272 -7.54800 -0.23664
v 0.34272 -7.54800 -0.31008
v 0.26112 -7.54800 -0.39168
v -0.50592 -7.85808 -0.72796
v -1.27296 -7.85808 -0.72796
v -1.35456 -7.85808 -0.64636
v -1.35456 -7.85808 -0.21216
v -1.30560 -7.85808 -0.16320
v -0.50592 -7.85808 -0.16320
v 0.29376 -7.85808 -0.16320
v 0.34272 -7.85808 -0.21216
v 0.34272 -7.85808 -0.64636
v 0.26112 -7.85808 -0.72796
v -0.50592 -8.12736 -1.02000
v -1.27296 -8.12736 -1.02000
v -1.35456 -8.12736 -0.93840
v -1.35456 -8.12736 -0.44203
v -1.30560 -8.12736 -0.39307
v -0.50592 -8.12736 -0.39307
v 0.29376 -8.12736 -0.39307
v 0.34272 -8.12736 -0.44203
v 0.34272 -8.12736 -0.93840
v 0.26112 -8.12736 -1.02000
v -0.50592 -8.16000 -1.62384
v -1.27296 -8.16000 -1.62384
v -1.35456 -8.16000 -1.54224
v -1.35456 -8.16000 -0.46990
v -1.30560 -8.16000 -0.42094
v -0.50592 -8.16000 -0.42094
v 0.29376 -8.16000 -0.42094
v 0.34272 -8.16000 -0.46990
v 0.34272 -8.16000 -1.54224
v 0.26112 -8.16000 -1.62384
v -0.50592 -8.46029 -1.82784
v -1.27296 -8.46029 -1.82784
v -1.35456 -8.46029 -1.74624
v -1.35456 -8.46029 -0.72624
v -1.30560 -8.46029 -0.67728
v -0.50592 -8.46029 -0.67728
v 0.29376 -8.46029 -0.67728
v 0.34272 -8.46029 -0.72624
v 0.34272 -8.46029 -1.74624
v 0.26112 -8.46029 -1.82784
v -0.51000 -7.01760 1.08120
v -1.28846 -7.01760 1.08120
v -1.30560 -7.01760 1.09834
v -1.30560 -7.01760 1.10486
v -1.28846 -7.01760 1.12200
v -0.51000 -7.01760 1.12200
v 0.26846 -7.01760 1.12200
v 0.28560 -7.01760 1.10486
v 0.28560 -7.01760 1.09834
v 0.26846 -7.01760 1.08120
v -0.50938 -7.23792 0.53040
v -1.21017 -7.23792 0.53040
v -1.30809 -7.23792 0.62832
v -1.30809 -7.23792 1.12150
v -1.17753 -7.23792 1.25206
v -0.50938 -7.23792 1.25206
v 0.15878 -7.23792 1.25206
v 0.28934 -7.23792 1.12150
v 0.28934 -7.23792 0.62832
v 0.19142 -7.23792 0.53040
v -0.50811 -7.68672 0.48906
v -1.21525 -7.68672 0.48906
v -1.31317 -7.68672 0.58698
v -1.31317 -7.68672 1.42800
v -1.18261 -7.68672 1.55856
v -0.50811 -7.68672 1.55856
v 0.16639 -7.68672 1.55856
v 0.29695 -7.68672 1.42800
v 0.29695 -7.68672 0.58698
v 0.19903 -7.68672 0.48906
v -0.50762 -7.85808 0.47328
v -1.21719 -7.85808 0.47328
v -1.31511 -7.85808 0.57120
v -1.31511 -7.85808 1.36473
v -1.18455 -7.85808 1.49529
v -0.50762 -7.85808 1.49529
v 0.16930 -7.85808 1.49529
v 0.29986 -7.85808 1.36473
v 0.29986 -7.85808 0.57120
v 0.20194 -7.85808 0.47328
v -0.50684 -8.13552 0.21216
v -1.22033 -8.13552 0.21216
v -1.31825 -8.13552 0.31008
v -1.31825 -8.13552 1.26230
v -1.18769 -8.13552 1.39286
v -0.50684 -8.13552 1.39286
v 0.17401 -8.13552 1.39286
v 0.30457 -8.13552 1.26230
v 0.30457 -8.13552 0.31008
v 0.20665 -8.13552 0.21216
v -0.50592 -8.46029 0.41616
v -1.22400 -8.46029 0.41616
v -1.32192 -8.46029 0.51408
v -1.32192 -8.46029 1.14240
v -1.19136 -8.46029 1.27296
v -0.50592 -8.46029 1.27296
v 0.17952 -8.46029 1.27296
v 0.31008 -8.46029 1.14240
v 0.31008 -8.46029 0.51408
v 0.21216 -8.46029 0.41616
vt 0.08371 0.14919
vt 0.05229 0.24214
vt 0.27132 0.14919
vt 0.33106 0.24214
vt 0.09657 -0.27417
vt 0.16752 -0.35888
vt 0.12564 -0.25537
vt 0.19659 -0.34008
vt -0.34272 0.16197
vt -0.38327 0.26476
vt -0.31620 0.16197
vt -0.22440 0.26476
vt 0.29400 -0.24978
vt 0.35370 -0.12569
vt 0.27372 -0.23417
vt 0.33342 -0.11008
vt 0.05058 -0.11008
vt 0.08204 -0.23417
vt -0.10964 -0.23417
vt -0.23226 -0.11008
vt -0.13016 -0.24978
vt -0.25278 -0.12569
vt -0.08207 -0.31272
vt -0.22596 -0.38893
vt -0.08043 -0.33907
vt -0.23576 -0.23110
vt -0.20383 -0.41325
vt -0.05830 -0.36339
vt -0.10390 0.14919
vt -0.22648 0.24214
vt 0.05153 0.24441
vt 0.33252 0.24441
vt 0.16925 -0.36095
vt 0.19832 -0.34215
vt -0.22440 0.26726
vt -0.38426 0.26726
vt -0.33047 0.26476
vt -0.30417 0.25541
vt -0.30417 0.25290
vt -0.33047 0.26726
vt -0.33514 0.07140
vt -0.05153 0.07344
vt -0.05229 0.07140
vt -0.33660 0.07344
vt 0.23056 0.07140
vt 0.23354 0.07344
vt -0.23526 -0.10877
vt -0.25578 -0.12437
vt -0.23937 -0.23133
vt -0.22951 -0.39014
vt -0.20738 -0.41446
vt -0.22946 0.24441
vt 0.29133 0.27615
vt 0.01000 0.27615
vt -0.16097 -0.17692
vt -0.14786 -0.14473
vt -0.13078 -0.19385
vt -0.17805 -0.12780
vt 0.25542 0.38387
vt 0.20577 0.22386
vt 0.25589 0.22401
vt 0.20527 0.39757
vt 0.23896 0.20361
vt 0.18885 0.20346
vt -0.29541 0.10200
vt -0.01000 0.10200
vt 0.27540 0.10200
vt -0.27731 -0.09037
vt -0.29783 -0.10598
vt -0.28992 -0.23460
vt -0.27920 -0.40717
vt -0.25707 -0.43149
vt -0.27132 0.27615
vt 0.26190 0.29882
vt 0.01456 0.29882
vt -0.16006 -0.10965
vt -0.19026 -0.09272
vt 0.16997 0.22376
vt 0.16944 0.40735
vt 0.15305 0.20336
vt -0.26598 0.12240
vt -0.01456 0.12240
vt 0.23687 0.12240
vt -0.19762 0.20302
vt -0.17208 0.22323
vt -0.21568 0.22342
vt -0.15402 0.20283
vt -0.21493 0.39712
vt -0.17129 0.40682
vt -0.19304 0.42160
vt -0.14940 0.43130
vt -0.23279 0.29882
vt 0.01456 0.01809
vt 0.11479 0.12299
vt 0.26190 0.01809
vt 0.03733 0.12299
vt 0.14899 0.43183
vt -0.00947 0.38234
vt -0.02992 0.40682
vt -0.00901 0.22322
vt -0.02593 0.20282
vt -0.11887 0.22440
vt -0.03733 0.22440
vt 0.04420 0.22440
vt 0.04590 0.22226
vt 0.06396 0.20186
vt 0.04659 0.38137
vt 0.06847 0.40585
vt -0.23279 0.01809
vt -0.04012 0.12299
vt 0.03733 0.31096
vt 0.05182 0.12571
vt 0.11479 0.31096
vt 0.05100 0.12571
vt -0.11575 0.23165
vt -0.11217 0.22736
vt -0.11211 0.20679
vt 0.10739 0.31702
vt 0.00709 0.34637
vt 0.08279 0.30195
vt 0.00192 0.34321
vt -0.05182 0.28560
vt -0.05100 0.28560
vt -0.05018 0.28560
vt 0.17208 0.20557
vt 0.17587 0.20128
vt 0.17217 0.22614
vt 0.17600 0.23042
vt -0.04012 0.31096
vt 0.05018 0.12571
vt 0.29580 -0.34272
vt 0.29580 -0.31620
vt 0.27540 -0.29580
vt 0.27132 -0.36720
vt 0.08371 -0.29580
vt 0.08371 -0.36720
vt -0.10390 -0.36720
vt -0.10798 -0.29580
vt -0.12838 -0.34272
vt -0.12838 -0.31620
vt 0.17745 0.23042
vt 0.18115 0.20557
vt 0.18124 0.22614
vt 0.17732 0.20128
vt 0.17672 0.23042
vt 0.17660 0.20128
vt 0.25170 0.21380
vt 0.27315 0.00543
vt 0.29513 0.21380
vt 0.31008 0.00543
vt 0.34272 0.03184
vt 0.29941 0.21726
vt 0.26846 0.00024
vt 0.34425 0.12268
vt 0.27010 0.00024
vt 0.12819 0.12268
vt -0.12958 0.18761
vt -0.18323 0.32717
vt -0.12430 0.19058
vt -0.12794 0.35834
vt -0.29513 0.18899
vt -0.27315 0.35676
vt -0.25170 0.18899
vt -0.29784 0.35676
vt -0.24845 0.35676
vt -0.20827 0.18899
vt -0.29569 0.17197
vt -0.27830 0.31114
vt -0.29026 0.16929
vt -0.33519 0.33927
vt -0.27010 -0.00069
vt -0.34425 0.12171
vt -0.26846 -0.00069
vt -0.12819 0.12171
vt 0.07384 0.20254
vt 0.07334 0.01637
vt 0.07896 0.19931
vt 0.11239 -0.00825
vt 0.20827 0.21380
vt 0.23621 0.00543
vt 0.31005 -0.00166
vt 0.27312 -0.00166
vt 0.34269 0.02476
vt 0.34824 0.12676
vt 0.12240 0.12676
vt -0.18318 0.33288
vt -0.12789 0.36405
vt -0.29781 0.36247
vt -0.27312 0.36247
vt -0.24844 0.36247
vt -0.27863 0.31682
vt -0.33552 0.34495
vt -0.34824 0.12579
vt -0.12240 0.12579
vt 0.20357 0.03184
vt 0.20356 0.02476
vt 0.23620 -0.00166
vt 0.30947 -0.09619
vt 0.27272 -0.09619
vt 0.17173 0.29197
vt 0.13395 0.36622
vt 0.21318 0.31229
vt 0.09250 0.34590
vt 0.05593 0.19612
vt 0.41616 0.19612
vt -0.18231 0.42995
vt -0.12702 0.46112
vt -0.29723 0.45954
vt -0.27272 0.45954
vt -0.24820 0.45954
vt -0.28425 0.41344
vt -0.34115 0.44157
vt -0.05593 0.19515
vt -0.41616 0.19515
vt 0.04948 -0.02940
vt 0.12857 0.02472
vt 0.09084 -0.04990
vt 0.16993 0.00422
vt 0.23596 -0.09619
vt 0.30841 -0.26858
vt 0.27198 -0.26858
vt -0.01053 0.46455
vt -0.05198 0.44424
vt 0.35791 0.32260
vt -0.06528 0.32260
vt 0.11337 -0.17218
vt 0.03466 -0.07641
vt 0.05956 -0.20510
vt 0.08847 -0.04349
vt -0.29723 -0.01497
vt -0.29617 0.12428
vt -0.27272 -0.01497
vt -0.27198 0.12428
vt -0.24820 -0.01497
vt -0.24778 0.12428
vt 0.42514 -0.26765
vt 0.45981 -0.14778
vt 0.37350 -0.23075
vt 0.40817 -0.11087
vt -0.35791 0.32163
vt 0.06528 0.32163
vt 0.27281 0.12342
vt 0.31417 0.10292
vt 0.23554 -0.26858
vt 0.30795 -0.34551
vt 0.27165 -0.34551
vt -0.07526 0.50738
vt -0.11671 0.48706
vt 0.33255 0.37768
vt -0.12036 0.37768
vt 0.02382 -0.02037
vt 0.07763 0.01255
vt -0.29571 0.18492
vt -0.27165 0.18492
vt -0.24759 0.18492
vt 0.47491 -0.09557
vt 0.42327 -0.05867
vt -0.33255 0.37671
vt 0.12036 0.37671
vt 0.33743 0.16640
vt 0.37879 0.14590
vt 0.23535 -0.34551
vt 0.27165 0.38892
vt 0.30719 0.48313
vt 0.30795 0.38892
vt 0.27112 0.48313
vt -0.13655 0.57875
vt -0.17799 0.55844
vt 0.29027 0.46948
vt -0.15300 0.46948
vt 0.00575 0.07303
vt 0.05955 0.10595
vt -0.29495 0.28599
vt -0.27112 0.28599
vt -0.24728 0.28599
vt 0.50008 -0.00857
vt 0.44844 0.02833
vt -0.29027 0.46851
vt 0.15300 0.46851
vt 0.39845 0.23804
vt 0.43981 0.21754
vt 0.23535 0.38892
vt 0.23504 0.48313
vt 0.30688 0.51948
vt 0.27090 0.51948
vt 0.11725 0.43592
vt 0.12173 0.47248
vt 0.16330 0.43263
vt 0.16777 0.46920
vt 0.27336 0.50620
vt -0.15006 0.50620
vt -0.00148 0.11039
vt 0.05233 0.14331
vt -0.29464 0.32641
vt -0.27090 0.32641
vt -0.24716 0.32641
vt 0.51014 0.02623
vt 0.45851 0.06314
vt -0.27336 0.50523
vt 0.15006 0.50523
vt 0.14892 0.50798
vt 0.18440 0.55264
vt 0.19407 0.51758
vt 0.13925 0.54304
vt 0.23492 0.51948
vt 0.30600 0.62447
vt 0.27028 0.62447
vt 0.13465 0.57811
vt 0.18069 0.57483
vt 0.11973 0.61228
vt -0.14158 0.61228
vt 0.00971 0.29518
vt 0.06352 0.32811
vt -0.02268 0.11039
vt -0.01126 0.29518
vt -0.04388 0.11039
vt -0.03222 0.29518
vt 0.50973 0.21293
vt 0.45809 0.24983
vt -0.11973 0.61131
vt 0.14158 0.61131
vt 0.15647 0.65392
vt 0.11132 0.64432
vt 0.23456 0.62447
vt 0.30396 0.63457
vt 0.26924 0.63457
vt 0.18056 0.58518
vt 0.13452 0.58847
vt 0.10495 0.62247
vt -0.14076 0.62247
vt 0.00904 0.31295
vt 0.06285 0.34588
vt -0.01103 0.31295
vt -0.03110 0.31295
vt 0.50969 0.23088
vt 0.45805 0.26779
vt -0.10495 0.62151
vt 0.14076 0.62151
vt 0.15378 0.66366
vt 0.10863 0.65406
vt 0.23452 0.63457
vt 0.26924 0.37020
vt 0.29172 0.45203
vt 0.30396 0.37020
vt 0.26302 0.45203
vt -0.07070 -0.29314
vt -0.08547 -0.37461
vt -0.03129 -0.31719
vt -0.04607 -0.39865
vt 0.01632 0.68366
vt -0.08636 0.68366
vt 0.00502 0.41957
vt 0.05883 0.45249
vt -0.00968 0.41957
vt -0.02437 0.41957
vt 0.50945 0.33859
vt 0.45782 0.37550
vt -0.01632 0.68271
vt 0.08636 0.68271
vt 0.10188 0.72209
vt 0.05673 0.71249
vt 0.23452 0.37020
vt 0.23432 0.45203
vt 0.25991 0.48970
vt 0.31396 0.48970
vt 0.11998 0.68469
vt 0.15123 0.71539
vt 0.16614 0.68483
vt 0.15729 0.71541
vt -0.09098 0.71426
vt -0.09262 0.71426
vt 0.07096 0.54885
vt 0.07610 0.55200
vt 0.27948 0.06500
vt 0.25991 0.21600
vt 0.26302 0.06500
vt 0.31396 0.21600
vt 0.24656 0.06500
vt 0.20586 0.21600
vt 0.44490 0.47762
vt 0.43997 0.48114
vt 0.09098 0.71331
vt 0.09262 0.71331
vt 0.10598 0.68668
vt 0.11183 0.71878
vt 0.15166 0.69332
vt 0.10583 0.71791
vt 0.20586 0.48970
vt 0.20827 0.27438
vt 0.20399 0.27010
vt 0.20399 0.26846
vt 0.20827 0.26418
vt 0.25170 0.27438
vt 0.25170 0.26418
vt 0.29513 0.26418
vt 0.29513 0.27438
vt 0.29941 0.26846
vt 0.29941 0.27010
vt 0.20157 0.22181
vt 0.20157 0.22021
vt 0.20586 0.22603
vt 0.25991 0.22603
vt 0.31396 0.22603
vt 0.31824 0.22181
vt 0.31824 0.22021
vt 0.26928 0.30664
vt 0.31416 -0.00652
vt 0.33436 0.30664
vt 0.26928 -0.00652
vt 0.33864 0.01795
vt 0.33864 0.31093
vt 0.31742 0.45700
vt 0.28270 0.46104
vt 0.31906 0.45700
vt 0.02448 0.46104
vt 0.27689 -0.26065
vt 0.23994 -0.26055
vt 0.27258 -0.26491
vt 0.27689 -0.22406
vt -0.33436 0.14057
vt -0.30192 0.14623
vt -0.26928 0.14057
vt -0.26928 0.14623
vt -0.23664 0.14623
vt -0.20420 0.14057
vt 0.26266 -0.26491
vt 0.29530 -0.26055
vt 0.25835 -0.26065
vt 0.25835 -0.22406
vt -0.31906 0.50592
vt -0.28270 0.51000
vt -0.31742 0.50592
vt -0.02448 0.51000
vt 0.19992 0.31093
vt 0.19992 0.01795
vt 0.20420 0.30664
vt 0.22440 -0.00652
vt 0.26928 0.50935
vt 0.31416 0.61127
vt 0.31416 0.50935
vt 0.26928 0.61127
vt 0.16033 0.50188
vt 0.14819 0.60240
vt 0.19468 0.50623
vt 0.18254 0.60675
vt 0.02532 0.56215
vt 0.31212 0.56215
vt 0.02800 0.43611
vt 0.06358 0.52925
vt 0.07931 0.42811
vt 0.11489 0.52124
vt -0.30192 0.56294
vt -0.26928 0.66873
vt -0.26928 0.56294
vt -0.30192 0.66873
vt -0.23664 0.66873
vt -0.23664 0.56294
vt -0.36105 0.52881
vt -0.32374 0.62719
vt -0.30922 0.52559
vt -0.37557 0.63042
vt -0.02532 0.61200
vt -0.31212 0.61200
vt 0.14979 0.51045
vt 0.18888 0.61052
vt 0.18437 0.50872
vt 0.15430 0.61226
vt 0.22440 0.50935
vt 0.22440 0.61127
vt 0.29376 0.71318
vt 0.25908 0.71318
vt 0.15586 0.70728
vt 0.12152 0.70293
vt 0.02617 0.66595
vt 0.33252 0.66595
vt 0.10762 0.62435
vt 0.15893 0.61634
vt -0.28152 0.77275
vt -0.25908 0.77275
vt -0.23664 0.77275
vt -0.33188 0.72880
vt -0.38371 0.73202
vt -0.02617 0.71400
vt -0.33252 0.71400
vt 0.19338 0.71233
vt 0.15880 0.71406
vt 0.22440 0.71318
vt 0.27834 0.75598
vt 0.25137 0.75598
vt 0.13977 0.74950
vt 0.10543 0.74515
vt 0.02652 0.71045
vt 0.34037 0.71045
vt 0.13053 0.66445
vt 0.18184 0.65644
vt -0.26610 0.81630
vt -0.25137 0.81630
vt -0.23664 0.81630
vt -0.33478 0.77147
vt -0.38661 0.77470
vt -0.02652 0.75684
vt -0.34037 0.75684
vt 0.19527 0.75509
vt 0.16070 0.75682
vt 0.22440 0.75598
vt 0.25704 0.81540
vt 0.24072 0.81540
vt 0.12175 0.80889
vt 0.08741 0.80453
vt 0.03309 0.77189
vt 0.35367 0.77189
vt 0.16384 0.71929
vt 0.21173 0.71181
vt -0.24725 0.87644
vt -0.24072 0.87644
vt -0.23419 0.87644
vt -0.34054 0.83040
vt -0.38891 0.83341
vt -0.03309 0.81600
vt -0.35367 0.81600
vt 0.19360 0.81456
vt 0.15902 0.81630
vt 0.22440 0.81540
vt 0.24113 0.83589
vt 0.25786 0.83589
vt 0.08701 0.82501
vt 0.12136 0.82936
vt 0.03536 0.79201
vt 0.35707 0.79201
vt 0.16868 0.73845
vt 0.21705 0.73091
vt -0.24113 0.89718
vt -0.24772 0.89718
vt -0.23453 0.89718
vt -0.34168 0.85073
vt -0.39054 0.85377
vt -0.03536 0.83640
vt -0.35707 0.83640
vt 0.19302 0.83507
vt 0.15845 0.83680
vt 0.22440 0.83589
vt 0.24276 0.91784
vt 0.26112 0.91784
vt 0.08542 0.90692
vt 0.11977 0.91128
vt 0.33325 0.87247
vt 0.04443 0.87247
vt 0.21282 0.81544
vt 0.16254 0.82328
vt -0.24276 0.97275
vt -0.24961 0.97275
vt -0.23591 0.97275
vt -0.37055 0.93517
vt -0.31975 0.93201
vt -0.33325 0.91800
vt -0.04443 0.91800
vt 0.19072 0.91711
vt 0.15614 0.91884
vt 0.22440 0.91784
vt 0.24480 1.02028
vt 0.26520 1.02028
vt 0.08343 1.00931
vt 0.11778 1.01367
vt 0.28152 0.97305
vt 0.05576 0.97305
vt 0.19119 0.92610
vt 0.13988 0.93411
vt -0.24961 0.65492
vt -0.24480 0.76896
vt -0.24276 0.65492
vt -0.25296 0.76896
vt -0.23664 0.76896
vt -0.23591 0.65492
vt -0.32861 1.03684
vt -0.27678 1.03362
vt -0.28152 1.02000
vt -0.05576 1.02000
vt 0.18783 1.01966
vt 0.15326 1.02139
vt 0.22440 1.02028
vt 0.24820 1.12272
vt 0.23630 1.12272
vt 0.10077 1.11606
vt 0.06642 1.11170
vt 0.24484 1.07640
vt 0.06709 1.07640
vt 0.18527 1.03499
vt 0.14257 1.04165
vt -0.24212 0.87934
vt -0.23630 0.87934
vt -0.23048 0.87934
vt -0.28760 1.13791
vt -0.24447 1.13522
vt -0.24484 1.12200
vt -0.06709 1.12200
vt 0.18495 1.12220
vt 0.15037 1.12393
vt 0.22440 1.12272
vt 0.24480 1.14321
vt 0.23460 1.14321
vt 0.09736 1.13653
vt 0.06302 1.13218
vt 0.23124 1.09707
vt 0.06936 1.09707
vt 0.17954 1.05817
vt 0.13884 1.06452
vt -0.24015 0.90432
vt -0.23460 0.90432
vt -0.22905 0.90432
vt -0.27469 1.15810
vt -0.23357 1.15554
vt -0.23124 1.14240
vt -0.06936 1.14240
vt 0.18437 1.14271
vt 0.14979 1.14444
vt 0.22440 1.14321
vt 0.03022 -0.42335
vt 0.01427 -0.49919
vt 0.04024 -0.42335
vt 0.01128 -0.49919
vt 0.06582 -0.44643
vt 0.03092 -0.51421
vt 0.12610 1.14367
vt 0.21287 1.14367
vt 0.17759 1.10686
vt 0.15532 1.11034
vt -0.22193 0.95677
vt -0.21889 0.95677
vt -0.21586 0.95677
vt -0.24039 1.19962
vt -0.21790 1.19822
vt -0.12610 1.18524
vt -0.21287 1.18524
vt 0.62021 -0.74375
vt 0.63882 -0.80212
vt 0.64879 -0.72421
vt 0.62021 -0.81484
vt 0.02020 -0.42335
vt 0.00830 -0.49919
vt 0.01936 -0.60107
vt 0.01008 -0.60107
vt 0.02384 -0.60511
vt 0.21746 1.15920
vt 0.21910 1.15920
vt 0.16924 1.12292
vt 0.17522 1.12198
vt -0.22311 0.97196
vt -0.21366 0.97196
vt -0.20420 0.97196
vt 0.01943 1.17784
vt 0.03524 1.18876
vt 0.04105 1.17147
vt 0.04105 1.18705
vt -0.21746 1.19952
vt -0.21910 1.19952
vt 0.33986 -0.27063
vt 0.34454 -0.35881
vt 0.35591 -0.25482
vt 0.34022 -0.36306
vt 0.00080 -0.60107
vt 0.33864 0.31256
vt 0.33436 0.31684
vt 0.26928 0.31684
vt 0.20420 0.31684
vt 0.19992 0.31256
vt 0.35376 -0.36893
vt 0.34019 -0.36468
vt 0.34438 -0.36893
vt 0.35392 -0.35881
vt 0.36749 -0.36306
vt 0.36330 -0.35881
vt 0.36746 -0.36468
vt 0.36315 -0.36893
vt -0.25282 0.18875
vt -0.21887 0.15744
vt -0.21121 0.18875
vt -0.14585 0.15744
vt -0.20506 0.26418
vt -0.13717 0.24033
vt -0.20084 0.26846
vt -0.11693 0.26088
vt -0.11693 0.26870
vt -0.20084 0.27010
vt -0.13717 0.28925
vt -0.20506 0.27438
vt 0.20828 0.18971
vt 0.21599 0.21473
vt 0.24990 0.18971
vt 0.14295 0.21473
vt 0.28902 0.21473
vt 0.29152 0.18971
vt -0.10279 0.20444
vt -0.09900 0.23164
vt -0.09753 0.20744
vt -0.12424 0.21723
vt -0.27010 0.16549
vt -0.26870 0.19010
vt -0.26846 0.16549
vt -0.26088 0.19010
vt -0.34877 0.19414
vt -0.36550 0.17456
vt -0.34356 0.19104
vt -0.34053 0.15970
vt -0.29443 0.18875
vt -0.29190 0.15744
vt -0.15766 0.05255
vt -0.23925 0.05255
vt -0.03087 0.17306
vt -0.00655 0.09233
vt -0.00655 0.18896
vt -0.04518 0.06707
vt 0.26088 0.02040
vt 0.30430 0.08160
vt 0.26870 0.02040
vt 0.18610 0.08160
vt 0.27819 -0.06480
vt 0.33077 -0.01857
vt 0.30395 -0.07827
vt 0.38702 -0.04798
vt 0.16728 0.30038
vt 0.23664 0.30038
vt 0.30600 0.30038
vt -0.13581 0.30424
vt -0.19092 0.27277
vt -0.30430 0.26394
vt -0.18610 0.26394
vt -0.31268 0.17212
vt -0.35384 0.07588
vt -0.32084 0.05255
vt -0.23718 -0.02436
vt -0.15746 -0.02436
vt -0.12519 -0.00104
vt -0.12539 0.07588
vt 0.34824 0.12648
vt 0.12240 0.12648
vt 0.38356 0.01533
vt 0.43981 -0.01408
vt 0.23477 0.36318
vt 0.16728 0.36318
vt 0.30226 0.36318
vt -0.19141 0.33361
vt -0.24653 0.30214
vt -0.30430 0.03162
vt -0.34824 0.07659
vt -0.18610 0.03162
vt -0.12240 0.07659
vt -0.34990 -0.00104
vt -0.31690 -0.02436
vt -0.23434 -0.12038
vt -0.15751 -0.12038
vt -0.05222 0.00148
vt -0.08996 0.07599
vt -0.01083 0.02192
vt -0.13135 0.05554
vt 0.05593 0.19584
vt 0.41616 0.19584
vt 0.46515 0.06772
vt 0.52139 0.03831
vt 0.23188 0.46025
vt 0.16728 0.46025
vt 0.29648 0.46025
vt -0.27734 0.37900
vt -0.33245 0.34753
vt -0.05593 0.14607
vt -0.41616 0.14607
vt -0.37722 0.03619
vt -0.36243 0.13088
vt -0.33483 0.05448
vt -0.32005 0.14917
vt -0.31117 -0.12038
vt -0.23401 -0.13167
vt -0.15752 -0.13167
vt -0.09927 0.08235
vt -0.14066 0.06190
vt 0.41240 0.20400
vt 0.04811 0.20400
vt -0.30285 -0.23118
vt -0.35673 -0.26039
vt -0.35447 -0.26811
vt -0.30511 -0.22345
vt 0.16728 -0.01497
vt 0.23154 -0.00599
vt 0.23188 -0.01497
vt 0.16728 -0.00599
vt 0.29580 -0.00599
vt 0.29648 -0.01497
vt -0.10651 -0.23029
vt -0.10441 -0.22219
vt -0.15887 -0.19572
vt -0.15677 -0.18762
vt -0.41240 0.15425
vt -0.04811 0.15425
vt -0.36069 0.14202
vt -0.31831 0.16031
vt -0.31050 -0.13167
vt -0.22581 -0.29547
vt -0.15760 -0.29547
vt -0.23427 0.17458
vt -0.27565 0.15414
vt 0.35791 0.32232
vt -0.06528 0.32232
vt -0.38953 -0.14832
vt -0.33792 -0.11139
vt 0.22326 0.12428
vt 0.16728 0.12428
vt 0.27924 0.12428
vt -0.06777 -0.10477
vt -0.12013 -0.07020
vt -0.35791 0.27372
vt 0.06528 0.27372
vt -0.33031 0.30356
vt -0.28793 0.32184
vt -0.29402 -0.29547
vt -0.22197 -0.37336
vt -0.15761 -0.37336
vt -0.29892 0.21752
vt -0.34031 0.19707
vt 0.33255 0.37740
vt -0.12036 0.37740
vt -0.40481 -0.09615
vt -0.35319 -0.05922
vt 0.21940 0.18492
vt 0.16728 0.18492
vt 0.27152 0.18492
vt -0.05071 -0.05011
vt -0.10307 -0.01554
vt -0.33255 0.32934
vt 0.12036 0.32934
vt -0.31495 0.38004
vt -0.27257 0.39833
vt -0.28632 -0.37336
vt -0.22005 -0.40255
vt -0.15784 -0.40255
vt -0.31929 0.24137
vt -0.36067 0.22092
vt 0.31845 0.40800
vt -0.13124 0.40800
vt -0.41329 -0.06717
vt -0.36167 -0.03023
vt 0.21726 0.21861
vt 0.16728 0.21861
vt 0.26724 0.21861
vt -0.04123 -0.01974
vt -0.09360 0.01483
vt -0.31845 0.36024
vt 0.13124 0.36024
vt -0.31684 0.41148
vt -0.27446 0.42977
vt -0.28227 -0.40255
vt -0.21623 -0.46091
vt -0.15830 -0.46091
vt -0.36002 0.28908
vt -0.40140 0.26863
vt 0.29027 0.46920
vt -0.15300 0.46920
vt -0.43026 -0.00920
vt -0.37864 0.02773
vt 0.21298 0.28599
vt 0.16728 0.28599
vt 0.25867 0.28599
vt -0.02228 0.04099
vt -0.07464 0.07556
vt -0.29027 0.42203
vt 0.15300 0.42203
vt -0.32062 0.47437
vt -0.27823 0.49265
vt -0.27415 -0.46091
vt -0.21298 0.45290
vt -0.21041 0.48974
vt -0.15504 0.45290
vt -0.15504 0.48974
vt -0.14024 0.49408
vt -0.13058 0.52914
vt -0.09511 0.48438
vt -0.08545 0.51944
vt 0.27336 0.50592
vt -0.15006 0.50592
vt -0.44044 0.02558
vt -0.38882 0.06251
vt 0.21041 0.32641
vt 0.16728 0.32641
vt 0.25353 0.32641
vt -0.01091 0.07743
vt -0.06327 0.11201
vt -0.27336 0.45911
vt 0.15006 0.45911
vt -0.20672 0.28477
vt -0.21675 0.31993
vt -0.16291 0.29931
vt -0.17294 0.33448
vt -0.27091 0.45290
vt -0.26577 0.48974
vt -0.20298 0.59616
vt -0.15504 0.59616
vt -0.10268 0.63043
vt -0.05755 0.62073
vt 0.11973 0.61200
vt -0.14158 0.61200
vt -0.44044 0.21228
vt -0.38882 0.24921
vt 0.06895 0.07743
vt 0.02976 0.26342
vt 0.02902 0.07743
vt 0.06282 0.26342
vt -0.00329 0.26342
vt -0.05566 0.29800
vt -0.11973 0.56622
vt 0.14158 0.56622
vt -0.24574 0.42152
vt -0.20193 0.43606
vt -0.25092 0.59616
vt -0.20155 0.60639
vt -0.15504 0.60639
vt -0.10000 0.64017
vt -0.05487 0.63047
vt 0.10495 0.62220
vt -0.14076 0.62220
vt -0.44044 0.23023
vt -0.38882 0.26716
vt 0.03050 0.28131
vt 0.06223 0.28131
vt -0.00124 0.28131
vt -0.05360 0.31588
vt -0.10495 0.57672
vt 0.14076 0.57672
vt -0.24767 0.43192
vt -0.20386 0.44646
vt -0.24806 0.60639
vt -0.20155 0.36899
vt -0.19298 0.45082
vt -0.15504 0.36899
vt -0.15504 0.45082
vt -0.04810 0.69861
vt -0.00297 0.68891
vt 0.01632 0.68340
vt -0.08636 0.68340
vt -0.44044 0.33794
vt -0.38882 0.37487
vt 0.03489 0.38861
vt 0.05869 0.38861
vt 0.01109 0.38861
vt -0.04127 0.42318
vt -0.01632 0.63972
vt 0.08636 0.63972
vt -0.25235 0.50889
vt -0.29616 0.49434
vt -0.24806 0.36899
vt -0.23093 0.45082
vt -0.18870 0.48849
vt -0.12668 0.48849
vt -0.09654 0.69339
vt -0.05684 0.71894
vt -0.05085 0.68685
vt -0.05085 0.71808
vt -0.09098 0.71400
vt -0.09262 0.71400
vt -0.37607 0.47703
vt -0.37114 0.48056
vt -0.16728 0.06602
vt -0.18870 0.21703
vt -0.19298 0.06602
vt -0.12668 0.21703
vt -0.21869 0.06602
vt -0.25072 0.21703
vt -0.04528 0.52205
vt -0.05028 0.52535
vt 0.09098 0.67122
vt 0.09262 0.67122
vt -0.16078 0.66160
vt -0.14589 0.69308
vt -0.11469 0.66406
vt -0.15194 0.69276
vt -0.25072 0.48849
vt -0.24603 0.26418
vt -0.24603 0.27438
vt -0.28701 0.26418
vt -0.28701 0.27438
vt -0.29122 0.27010
vt -0.29122 0.26846
vt -0.12668 0.22705
vt -0.12240 0.22124
vt -0.12240 0.22284
vt -0.18870 0.22705
vt -0.25072 0.22705
vt -0.25500 0.22124
vt -0.25500 0.22284
vt -0.21041 0.30666
vt -0.14688 -0.00651
vt -0.12668 0.30666
vt -0.21012 -0.00651
vt -0.12240 0.01797
vt -0.12240 0.31094
vt 0.31742 0.50592
vt 0.28270 0.51000
vt 0.31906 0.50592
vt 0.02448 0.51000
vt -0.18131 -0.26065
vt -0.21826 -0.26055
vt -0.18562 -0.26491
vt -0.18131 -0.22406
vt 0.12668 0.14057
vt 0.15912 0.14623
vt 0.21041 0.14057
vt 0.21012 0.14623
vt 0.26112 0.14623
vt 0.29413 0.14057
vt -0.23360 -0.26583
vt -0.20040 -0.26148
vt -0.23791 -0.26157
vt -0.23734 -0.22498
vt -0.31906 0.41919
vt -0.28270 0.42329
vt -0.31742 0.41919
vt -0.02448 0.42329
vt -0.29841 0.31094
vt -0.29784 0.01797
vt -0.29413 0.30666
vt -0.27336 -0.00651
vt -0.21012 0.50975
vt -0.20298 0.61172
vt -0.14688 0.50975
vt -0.14688 0.61172
vt -0.12112 0.50942
vt -0.12396 0.61134
vt -0.08652 0.51059
vt -0.08936 0.61251
vt 0.02532 0.61200
vt 0.31212 0.61200
vt 0.27258 0.52036
vt 0.29063 0.62340
vt 0.32450 0.52175
vt 0.34254 0.62479
vt 0.15912 0.56583
vt 0.20298 0.67174
vt 0.21012 0.56583
vt 0.15912 0.67174
vt 0.24684 0.67174
vt 0.26112 0.56583
vt -0.10712 0.43048
vt -0.10123 0.53170
vt -0.05578 0.43828
vt -0.15258 0.52390
vt -0.02532 0.52573
vt -0.31212 0.52573
vt -0.13091 0.49592
vt -0.10110 0.59396
vt -0.09700 0.48897
vt -0.06719 0.58700
vt -0.27336 0.50975
vt -0.25908 0.61172
vt -0.18870 0.71370
vt -0.14688 0.71370
vt -0.12681 0.71327
vt -0.09221 0.71444
vt 0.02617 0.71400
vt 0.33252 0.71400
vt 0.30231 0.72610
vt 0.35422 0.72750
vt 0.18870 0.77575
vt 0.15912 0.77575
vt 0.21828 0.77575
vt -0.15074 0.62704
vt -0.20208 0.61923
vt -0.02617 0.63160
vt -0.33252 0.63160
vt -0.06098 0.69199
vt -0.02707 0.68503
vt -0.23052 0.71370
vt -0.17799 0.75653
vt -0.14688 0.75653
vt -0.12800 0.75608
vt -0.09340 0.75724
vt 0.02652 0.75684
vt 0.34037 0.75684
vt 0.30670 0.76921
vt 0.35862 0.77060
vt 0.17799 0.81928
vt 0.15912 0.81928
vt 0.19686 0.81928
vt -0.17779 0.66723
vt -0.22913 0.65943
vt -0.02652 0.67834
vt -0.34037 0.67834
vt -0.03733 0.73316
vt -0.00341 0.72620
vt -0.20910 0.75653
vt -0.16320 0.81587
vt -0.14688 0.81587
vt -0.12536 0.81548
vt -0.09076 0.81665
vt 0.03309 0.81600
vt 0.35367 0.81600
vt 0.31451 0.82883
vt 0.36296 0.83013
vt 0.16320 0.87940
vt 0.15667 0.87940
vt 0.16973 0.87940
vt -0.21681 0.72221
vt -0.26473 0.71493
vt -0.03309 0.74288
vt -0.35367 0.74288
vt -0.00870 0.79175
vt 0.02521 0.78479
vt -0.17952 0.81587
vt -0.16177 0.83633
vt -0.14688 0.83633
vt -0.12444 0.83597
vt -0.08984 0.83713
vt 0.03536 0.83640
vt 0.35861 0.83640
vt 0.31745 0.84940
vt 0.36420 0.85066
vt 0.16177 0.90013
vt 0.15547 0.90013
vt 0.16807 0.90013
vt -0.22525 0.74110
vt -0.27150 0.73407
vt -0.03536 0.76337
vt -0.35861 0.76337
vt -0.00413 0.81195
vt 0.02978 0.80500
vt -0.17666 0.83633
vt -0.15606 0.91817
vt -0.14688 0.91817
vt -0.12080 0.91791
vt -0.08620 0.91907
vt 0.34097 0.91800
vt 0.04443 0.91800
vt 0.34277 0.93135
vt 0.30280 0.93028
vt 0.15606 0.97517
vt 0.15067 0.97517
vt 0.16145 0.97517
vt -0.27303 0.81857
vt -0.23350 0.82458
vt -0.34097 0.84532
vt -0.04443 0.84532
vt 0.01415 0.89277
vt 0.04807 0.88581
vt -0.16524 0.91817
vt -0.14586 1.02048
vt -0.14211 1.02048
vt -0.11286 1.02033
vt -0.08501 1.02127
vt 0.29853 1.02000
vt 0.05099 1.02000
vt 0.29795 1.03134
vt 0.27009 1.03059
vt 0.15067 0.65585
vt 0.14586 0.76989
vt 0.15606 0.65585
vt 0.14211 0.76989
vt 0.14961 0.76989
vt 0.16145 0.65585
vt -0.26181 0.92908
vt -0.23426 0.93327
vt -0.29853 0.94923
vt -0.05099 0.94923
vt 0.04459 0.99242
vt 0.07189 0.98682
vt -0.14961 1.02048
vt -0.13464 1.12279
vt -0.13268 1.12279
vt -0.10163 1.12276
vt -0.08710 1.12325
vt 0.26512 1.12200
vt 0.05289 1.12200
vt 0.25829 1.13164
vt 0.24375 1.13125
vt 0.13464 0.88028
vt 0.13268 0.88028
vt 0.13660 0.88028
vt -0.25701 1.03786
vt -0.24263 1.04004
vt -0.26512 1.05363
vt -0.05289 1.05363
vt 0.07958 1.09076
vt 0.09383 1.08784
vt -0.13660 1.12279
vt -0.13260 1.14325
vt -0.13097 1.14325
vt -0.09951 1.14324
vt -0.08740 1.14365
vt 0.25180 1.14240
vt 0.05345 1.14240
vt 0.63014 0.79458
vt 0.64132 0.81426
vt 0.64355 0.78896
vt 0.63014 0.81894
vt 0.13260 0.90525
vt 0.13097 0.90525
vt 0.13423 0.90525
vt 0.28463 0.76506
vt 0.30351 0.78212
vt 0.29754 0.75839
vt 0.31428 0.77656
vt -0.25180 1.07441
vt -0.05345 1.07441
vt 0.08618 1.11047
vt 0.09804 1.10804
vt -0.13423 1.14325
vt 0.21421 -0.64146
vt 0.21889 -0.71952
vt 0.21573 -0.64146
vt 0.21977 -0.71952
vt -0.56599 -0.68854
vt -0.56185 -0.76659
vt -0.55613 -0.69558
vt -0.55613 -0.77068
vt 0.11513 1.18524
vt 0.22383 1.18524
vt 0.63662 0.86739
vt 0.63014 0.87011
vt 0.12832 0.95768
vt 0.12737 0.95768
vt 0.12926 0.95768
vt 0.34318 0.81794
vt 0.34942 0.81471
vt -0.11513 1.11806
vt -0.22383 1.11806
vt 0.20306 -0.64874
vt 0.21800 -0.71952
vt 0.21268 -0.64146
vt 0.21242 -0.72374
vt -0.12832 -0.20111
vt -0.12750 -0.26334
vt -0.12737 -0.20111
vt -0.12668 -0.26334
vt -0.12240 -0.20607
vt -0.12240 -0.26761
vt 0.17623 1.19340
vt 0.21851 1.19340
vt 0.63573 0.87751
vt 0.63014 0.87985
vt 0.12750 0.96767
vt 0.12668 0.96767
vt 0.12832 0.96767
vt 0.35073 0.82476
vt 0.35612 0.82198
vt -0.17623 1.12637
vt -0.21851 1.12637
vt -0.13423 -0.20607
vt -0.12832 -0.26334
vt -0.12926 -0.20111
vt -0.13260 -0.26761
vt -0.12240 0.31258
vt -0.12668 0.31686
vt -0.29413 0.31686
vt -0.29841 0.31258
vt -0.21041 0.31686
vt -0.12240 -0.30976
vt -0.12668 -0.31404
vt -0.13260 -0.30976
vt -0.12832 -0.31404
vt -0.12750 -0.31404
vt 0.00000 0.52020
vt 0.18360 0.61200
vt 0.18360 0.52020
vt 0.00000 0.61200
vt 0.12982 0.52020
vt 0.15867 0.61200
vt 0.15867 0.52020
vt 0.12982 0.61200
vt 0.02040 0.52020
vt 0.02040 0.61200
vt 0.27132 0.52020
vt 0.29784 0.61200
vt 0.00547 0.54668
vt 0.01700 0.64082
vt 0.03999 0.54935
vt 0.05152 0.64349
vt -0.17952 0.54935
vt 0.00000 0.64349
vt 0.00000 0.54935
vt -0.17952 0.64349
vt 0.17952 0.64349
vt 0.17952 0.54935
vt -0.03999 0.54935
vt -0.01700 0.64082
vt -0.00547 0.54668
vt -0.05152 0.64349
vt -0.27132 0.52020
vt -0.02040 0.61200
vt -0.02040 0.52020
vt -0.29784 0.61200
vt -0.15867 0.52020
vt -0.12982 0.61200
vt -0.12982 0.52020
vt -0.15867 0.61200
vt -0.18360 0.52020
vt -0.18360 0.61200
vt 0.18360 0.83640
vt 0.00000 0.83640
vt 0.15867 0.83640
vt 0.12982 0.83640
vt 0.02040 0.83640
vt 0.30600 0.83640
vt 0.00547 0.86478
vt 0.03999 0.86744
vt 0.00000 0.86744
vt -0.17952 0.86744
vt 0.17952 0.86744
vt -0.00547 0.86478
vt -0.03999 0.86744
vt -0.02040 0.83640
vt -0.30600 0.83640
vt -0.12982 0.83640
vt -0.15867 0.83640
vt -0.18360 0.83640
vt 0.20400 0.27132
vt 0.17952 0.29580
vt 0.00000 0.29580
vt 0.20400 0.02040
vt -0.17952 0.29580
vt 0.00000 0.00000
vt 0.18360 0.00000
vt -0.18360 0.00000
vt -0.20400 0.27132
vt -0.20400 0.02040
vt 0.20400 -0.30600
vt 0.00000 -0.33048
vt 0.17952 -0.33048
vt 0.20400 -0.02040
vt -0.17952 -0.33048
vt -0.20400 -0.30600
vt -0.20400 -0.02040
vt 0.03570 0.81600
vt 0.23868 0.90372
vt 0.23868 0.81600
vt 0.03570 0.90372
vt 0.19762 0.81600
vt 0.22070 0.90372
vt 0.22070 0.81600
vt 0.19762 0.90372
vt 0.05712 0.81600
vt 0.05712 0.90372
vt 0.33456 0.81600
vt 0.34509 0.90372
vt 0.12753 0.84057
vt 0.14236 0.92766
vt 0.15053 0.83863
vt 0.16536 0.92572
vt -0.23868 0.85199
vt -0.03570 0.94034
vt -0.03570 0.85199
vt -0.23868 0.94034
vt 0.16728 0.94034
vt 0.16728 0.85199
vt -0.20047 0.83012
vt -0.19231 0.91916
vt -0.17748 0.83206
vt -0.21531 0.91721
vt -0.33456 0.81600
vt -0.05712 0.90372
vt -0.05712 0.81600
vt -0.34509 0.90372
vt -0.17021 0.81600
vt -0.14713 0.90372
vt -0.14713 0.81600
vt -0.17021 0.90372
vt -0.16728 0.81600
vt -0.16728 0.90372
vt 0.03570 0.35088
vt -0.16728 0.35088
vt -0.18360 0.33456
vt -0.18360 0.05712
vt 0.23868 0.35088
vt -0.16728 0.04080
vt 0.03570 0.04080
vt 0.23868 0.04080
vt 0.25500 0.05712
vt 0.25500 0.33456
vt 0.03570 -0.36141
vt -0.18360 -0.34509
vt -0.16728 -0.36141
vt -0.18360 -0.05712
vt 0.23868 -0.36141
vt 0.03570 -0.04080
vt -0.16728 -0.04080
vt 0.23868 -0.04080
vt 0.25500 -0.05712
vt 0.25500 -0.34509
vt -0.12852 0.90372
vt -0.12753 0.91800
vt -0.08772 0.90372
vt -0.08706 0.91800
vt -0.06245 0.89873
vt -0.06245 0.91302
vt -0.03938 0.89948
vt -0.03938 0.91377
vt 0.05712 0.89948
vt 0.05712 0.91377
vt 0.34509 0.89948
vt 0.34680 0.91377
vt 0.07016 0.86588
vt 0.06740 0.87890
vt 0.09243 0.87193
vt 0.08967 0.88495
vt 0.08772 0.94034
vt 0.12753 0.95472
vt 0.12852 0.94034
vt 0.08706 0.95472
vt 0.16800 0.95472
vt 0.16932 0.94034
vt 0.11005 0.71611
vt 0.13422 0.72159
vt 0.13180 0.70839
vt 0.11247 0.72931
vt -0.34509 0.88288
vt -0.05712 0.89723
vt -0.05712 0.88288
vt -0.34680 0.89723
vt -0.22940 0.88288
vt -0.22940 0.89723
vt -0.20637 0.88438
vt -0.20637 0.89872
vt -0.16932 0.90372
vt -0.16800 0.91800
vt -0.12049 1.02000
vt -0.08236 1.02000
vt -0.06245 1.01513
vt -0.03938 1.01588
vt 0.28968 1.01588
vt 0.05712 1.01588
vt 0.01914 0.97795
vt -0.00314 0.97191
vt 0.08706 0.67379
vt 0.12049 0.79043
vt 0.12753 0.67379
vt 0.08236 0.79043
vt 0.15861 0.79043
vt 0.16800 0.67379
vt 0.18175 0.82362
vt 0.20350 0.81590
vt -0.28968 0.99966
vt -0.05712 0.99966
vt -0.22940 0.99966
vt -0.20637 1.00115
vt -0.15861 1.02000
vt -0.11344 1.12200
vt -0.07767 1.12200
vt -0.06245 1.11724
vt -0.03938 1.11799
vt 0.24888 1.11799
vt 0.05712 1.11799
vt -0.03944 1.07096
vt -0.06171 1.06491
vt 0.11344 0.90007
vt 0.07767 0.90007
vt 0.14922 0.90007
vt 0.23879 0.91793
vt 0.26054 0.91021
vt -0.24888 1.10209
vt -0.05712 1.10209
vt -0.22940 1.10209
vt -0.20637 1.10359
vt -0.14922 1.12200
vt -0.10710 1.21380
vt -0.07344 1.21380
vt -0.06245 1.20914
vt -0.03938 1.20989
vt 0.20715 1.20989
vt 0.05712 1.20989
vt -0.09583 1.15466
vt -0.11810 1.14862
vt 0.10710 1.00090
vt 0.07344 1.00090
vt 0.14076 1.00090
vt 0.29388 1.00281
vt 0.31564 0.99509
vt -0.20715 1.19428
vt -0.05712 1.19428
vt -0.22940 1.19428
vt -0.20637 1.19577
vt -0.14076 1.21380
vt -0.12852 0.36141
vt -0.16932 0.36141
vt -0.18564 0.34509
vt -0.07140 0.34509
vt -0.08772 0.36141
vt -0.18564 0.05712
vt -0.16932 0.04080
vt -0.12852 0.04080
vt -0.08772 0.04080
vt -0.07140 0.05712
vt -0.10710 -0.22347
vt -0.15708 -0.20715
vt -0.14076 -0.22347
vt -0.15708 -0.05712
vt -0.05712 -0.20715
vt -0.07344 -0.22347
vt -0.05712 -0.05712
vt -0.07344 -0.04080
vt -0.10710 -0.04080
vt -0.14076 -0.04080
vt 0.18462 0.90372
vt 0.18584 0.91800
vt 0.23840 0.91800
vt 0.18502 0.90435
vt 0.20770 0.91895
vt 0.20810 0.90467
vt 0.18462 0.91863
vt 0.05712 0.89851
vt 0.05712 0.91279
vt 0.34509 0.89851
vt 0.34680 0.91279
vt 0.27714 0.67420
vt 0.28244 0.68643
vt 0.29918 0.66732
vt 0.30447 0.67955
vt -0.18584 0.95472
vt -0.18462 0.94034
vt -0.23840 0.95472
vt -0.13328 0.95472
vt -0.13056 0.94034
vt -0.03459 0.83273
vt -0.01109 0.83748
vt -0.01324 0.82397
vt -0.03245 0.84624
vt -0.34509 0.90912
vt -0.05712 0.92366
vt -0.05712 0.90912
vt -0.34680 0.92366
vt -0.08080 0.90912
vt -0.08080 0.92366
vt -0.05792 0.91218
vt -0.05792 0.92671
vt 0.13056 0.90372
vt 0.13328 0.91800
vt 0.19457 1.02000
vt 0.23638 1.02000
vt 0.20485 1.02093
vt 0.18178 1.02061
vt 0.28968 1.01481
vt 0.05712 1.01481
vt 0.30003 0.79612
vt 0.27800 0.80300
vt -0.23840 0.66905
vt -0.19457 0.78574
vt -0.18584 0.66905
vt -0.23638 0.78574
vt -0.15274 0.78574
vt -0.13328 0.66905
vt 0.03590 0.94276
vt 0.05726 0.93401
vt -0.28968 1.02749
vt -0.05712 1.02749
vt -0.08080 1.02749
vt -0.05792 1.03055
vt 0.15274 1.02000
vt 0.20329 1.12200
vt 0.23437 1.12200
vt 0.20201 1.12291
vt 0.17893 1.12259
vt 0.24888 1.11683
vt 0.05712 1.11683
vt 0.30553 0.90582
vt 0.28350 0.91269
vt -0.20329 0.89533
vt -0.23437 0.89533
vt -0.17221 0.89533
vt 0.09178 1.03928
vt 0.11314 1.03053
vt -0.24888 1.13133
vt -0.05712 1.13133
vt -0.08080 1.13133
vt -0.05792 1.13439
vt 0.17221 1.12200
vt 0.21114 1.21380
vt 0.23256 1.21380
vt 0.19945 1.21469
vt 0.17637 1.21437
vt 0.20715 1.20865
vt 0.05712 1.20865
vt 0.30744 1.00665
vt 0.28541 1.01353
vt -0.21114 0.99615
vt -0.23256 0.99615
vt -0.18972 0.99615
vt 0.14590 1.12615
vt 0.16725 1.11740
vt -0.20715 1.22479
vt -0.05712 1.22479
vt -0.08080 1.22479
vt -0.05792 1.22785
vt 0.18972 1.21380
vt 0.18462 0.36141
vt 0.13056 0.36141
vt 0.11424 0.34509
vt 0.11424 0.05712
vt 0.25500 0.34509
vt 0.23868 0.36141
vt 0.13056 0.04080
vt 0.18462 0.04080
vt 0.21114 -0.22347
vt 0.17340 -0.20715
vt 0.18972 -0.22347
vt 0.17340 -0.05712
vt 0.21114 -0.04080
vt 0.18972 -0.04080
vt 0.24888 -0.20715
vt 0.23256 -0.22347
vt 0.24888 -0.05712
vt 0.23256 -0.04080
vt 0.04386 1.19340
vt 0.23664 1.23420
vt 0.23868 1.19340
vt 0.04488 1.23420
vt 0.15556 1.19395
vt 0.16998 1.23531
vt 0.17286 1.19456
vt 0.15268 1.23470
vt 0.05304 1.17938
vt 0.20196 1.22023
vt 0.22051 1.17938
vt 0.05304 1.22023
vt -0.34273 0.95244
vt -0.35118 0.99530
vt -0.32632 0.95795
vt -0.36759 0.98978
vt -0.23868 0.99012
vt -0.23664 1.03494
vt -0.04386 0.99012
vt -0.04488 1.03494
vt 0.14688 1.03494
vt 0.15096 0.99012
vt 0.29271 0.97046
vt 0.31735 1.00812
vt 0.30897 0.96452
vt 0.33361 1.00218
vt -0.22051 1.17124
vt -0.20196 1.21224
vt -0.05304 1.17124
vt -0.05304 1.21224
vt -0.06915 1.19276
vt -0.06340 1.23335
vt -0.05189 1.19154
vt -0.04613 1.23213
vt -0.15096 1.19340
vt -0.14688 1.23420
vt 0.25092 0.05304
vt 0.25092 0.22051
vt 0.04386 0.04080
vt -0.15096 0.04080
vt -0.15096 0.23275
vt -0.16320 0.22051
vt -0.16320 0.05304
vt 0.04386 0.23275
vt 0.23868 0.23275
vt 0.23664 -0.04080
vt 0.24888 -0.20196
vt 0.24888 -0.05304
vt 0.04488 -0.04080
vt -0.14688 -0.04080
vt -0.14688 -0.21420
vt -0.15912 -0.05304
vt -0.15912 -0.20196
vt 0.04488 -0.21420
vt 0.23664 -0.21420
vt 0.12648 -1.35115
vt 0.31824 -1.46551
vt 0.31824 -1.35115
vt 0.12648 -1.46551
vt 1.00458 -1.35115
vt 1.02923 -1.45051
vt 1.02923 -1.33616
vt 1.00458 -1.46551
vt -0.07752 1.88700
vt -0.05304 1.96452
vt -0.05916 1.88700
vt -0.16159 1.96452
vt -0.17539 1.90780
vt -0.16675 1.98508
vt -0.15810 1.90684
vt -0.14946 1.98411
vt -0.32640 1.87745
vt -0.12648 1.95522
vt -0.12648 1.87745
vt -0.32640 1.95522
vt 0.07344 1.95522
vt 0.07344 1.87745
vt 0.18988 1.87745
vt 0.20717 1.95425
vt 0.20717 1.87649
vt 0.18988 1.95522
vt 0.05916 1.88700
vt 0.05304 1.96452
vt 0.07752 1.88700
vt 0.16159 1.96452
vt -0.81984 -1.33616
vt -0.81984 -1.45051
vt -0.79520 -1.35115
vt -0.79520 -1.46551
vt -0.06528 -1.35115
vt -0.06528 -1.46551
vt 0.31824 -1.56482
vt 0.12648 -1.56482
vt 1.02923 -1.54982
vt 1.00458 -1.56482
vt -0.11051 2.03184
vt -0.23460 2.03184
vt -0.97027 1.27428
vt -1.02710 1.33343
vt -0.95490 1.28222
vt -1.04248 1.32548
vt -0.32640 1.52063
vt -0.12648 1.60915
vt -0.12648 1.52063
vt -0.32640 1.60915
vt 0.07344 1.60915
vt 0.07344 1.52063
vt 0.83843 1.44646
vt 0.91063 1.49766
vt 0.85381 1.43852
vt 0.92601 1.48972
vt 0.11051 2.03184
vt 0.23460 2.03184
vt -0.81984 -1.54982
vt -0.79520 -1.56482
vt -0.06528 -1.56482
vt 0.12648 -0.36430
vt 0.31824 -0.51548
vt 0.31824 -0.36430
vt 0.12648 -0.51548
vt 0.33864 -0.49511
vt 0.33864 -0.34393
vt -0.11747 2.04000
vt -0.38556 2.04000
vt -1.03585 1.33963
vt -1.05123 1.33169
vt -0.12648 1.61988
vt -0.32640 1.61988
vt 0.07344 1.61988
vt 0.91938 1.50387
vt 0.93476 1.49592
vt 0.11747 2.04000
vt 0.38556 2.04000
vt -0.08568 -0.34393
vt -0.08568 -0.49511
vt -0.06528 -0.36430
vt -0.06528 -0.51548
vt 0.12648 1.91557
vt 0.31824 2.00632
vt 0.31824 1.91557
vt 0.12648 2.00632
vt -0.87570 1.86627
vt -0.91541 1.93984
vt -0.84922 1.87774
vt -0.94188 1.92837
vt -0.18156 2.11507
vt -0.43656 2.11507
vt -1.11636 1.39673
vt -1.13174 1.38878
vt -0.12648 1.71858
vt -0.32640 1.71858
vt 0.07344 1.71858
vt 0.99990 1.56097
vt 1.01527 1.55302
vt 0.18156 2.11507
vt 0.43656 2.11507
vt 0.98259 1.73559
vt 1.04877 1.79769
vt 1.00906 1.72413
vt 1.07525 1.78622
vt -0.06528 1.91557
vt -0.06528 2.00632
vt 0.33864 -0.07752
vt 0.33864 -0.05916
vt 0.32640 -0.04692
vt 0.31824 -0.09792
vt 0.12648 -0.04692
vt 0.12648 -0.09792
vt -0.06528 -0.09792
vt -0.07344 -0.04692
vt -0.08568 -0.07752
vt -0.08568 -0.05916
vt 0.12648 0.45696
vt 0.33864 0.43656
vt 0.31824 0.45696
vt 0.33864 0.18156
vt -0.06528 0.45696
vt -0.08568 0.18156
vt -0.08568 0.43656
vt 0.12648 0.16932
vt 0.32640 0.16932
vt -0.07344 0.16932
vt 0.12750 -0.36485
vt 0.30254 -0.51312
vt 0.32212 -0.36485
vt 0.12734 -0.51312
vt 0.32702 -0.49021
vt 0.32640 -0.36084
vt 0.27458 1.75798
vt 0.28038 1.81306
vt 0.27622 1.75798
vt 0.15708 1.81306
vt -0.65280 1.66464
vt -0.66863 1.71469
vt -0.64712 1.66673
vt -0.62533 1.73068
vt -0.32212 1.62338
vt -0.29438 1.68728
vt -0.12750 1.62338
vt -0.12734 1.68728
vt 0.03969 1.68728
vt 0.06712 1.62338
vt 0.45908 1.66408
vt 0.48094 1.71192
vt 0.46476 1.66197
vt 0.43768 1.72803
vt -0.27622 1.75536
vt -0.28038 1.81045
vt -0.27458 1.75536
vt -0.15708 1.81045
vt -0.07140 -0.36084
vt -0.07233 -0.49021
vt -0.06712 -0.36485
vt -0.04785 -0.51312
vt 0.12734 1.78969
vt 0.12703 1.90237
vt 0.30254 1.78969
vt 0.30381 1.90237
vt 0.73139 1.65376
vt 0.78564 1.75427
vt 0.76497 1.64535
vt 0.75206 1.76268
vt 0.14675 1.92527
vt 0.35700 1.92527
vt -0.66183 1.85004
vt -0.61853 1.86604
vt -0.12703 1.82312
vt -0.29565 1.82312
vt 0.04160 1.82312
vt 0.47501 1.84732
vt 0.43175 1.86344
vt -0.14675 1.92266
vt -0.35700 1.92266
vt 0.27000 1.72140
vt 0.30304 1.82724
vt 0.30355 1.71287
vt 0.33659 1.81871
vt -0.04785 1.78969
vt -0.04976 1.90237
vt 0.12691 1.94539
vt 0.30430 1.94539
vt 0.79354 1.79586
vt 0.75995 1.80427
vt 0.34118 1.96811
vt 0.14280 1.96811
vt 0.43527 1.68901
vt 0.47943 1.72367
vt 0.48010 1.67801
vt 0.43460 1.73467
vt -0.29565 1.66779
vt -0.12691 1.71346
vt -0.12703 1.66779
vt -0.29614 1.71346
vt 0.04160 1.66779
vt 0.04233 1.71346
vt -0.65996 1.68308
vt -0.65896 1.72874
vt -0.61509 1.69393
vt -0.61409 1.73959
vt -0.34118 1.96551
vt -0.14280 1.96551
vt 0.31565 1.86765
vt 0.34921 1.85912
vt -0.05049 1.94539
vt 0.12691 1.34947
vt 0.12671 1.44472
vt 0.30430 1.34947
vt 0.30508 1.44472
vt 0.76845 1.88343
vt 0.73487 1.89184
vt 0.31558 2.03748
vt 0.07752 2.03748
vt 0.47835 1.79761
vt 0.43352 1.80860
vt -0.12671 1.78739
vt -0.29692 1.78739
vt 0.04350 1.78739
vt -0.65734 1.80267
vt -0.61247 1.81352
vt -0.31558 2.03488
vt -0.07752 2.03488
vt 0.37905 1.93307
vt 0.41260 1.92455
vt -0.05049 1.34947
vt -0.05166 1.44472
vt 0.12671 1.75050
vt 0.12648 1.84638
vt 0.30508 1.75050
vt 0.30600 1.84638
vt -0.43047 1.75890
vt -0.42927 1.85478
vt -0.39833 1.77175
vt -0.39712 1.86763
vt 0.12852 2.11867
vt 0.28560 2.11867
vt 0.47709 1.88415
vt 0.43226 1.89515
vt -0.12648 1.87394
vt -0.29784 1.87394
vt 0.04488 1.87394
vt -0.65545 1.88921
vt -0.61058 1.90005
vt -0.12852 2.11608
vt -0.28560 2.11608
vt -0.78959 1.69572
vt -0.82445 1.77704
vt -0.75741 1.70848
vt -0.85663 1.76428
vt -0.05166 1.75050
vt -0.05304 1.84638
vt 0.32640 -0.35931
vt 0.32212 -0.35530
vt -0.06712 -0.35530
vt -0.07140 -0.35931
vt 0.12750 -0.35530
vt 0.33048 -0.12852
vt 0.29784 -0.31824
vt 0.33048 -0.28560
vt 0.12648 -0.31824
vt -0.04488 -0.31824
vt -0.07752 -0.12852
vt -0.07752 -0.28560
vt 0.12648 -0.10404
vt -0.05304 -0.10404
vt 0.30600 -0.10404
vn 0.0000 0.4363 -0.8998
vn -0.5393 0.6467 -0.5393
vn -0.8137 0.5812 0.0000
vn -0.4351 0.7883 0.4351
vn -0.4390 0.7839 0.4390
vn -0.0518 0.7548 0.6540
vn -0.0452 0.7524 0.6572
vn 0.0000 0.7392 0.6735
vn -0.0442 0.7526 0.6570
vn 0.0269 0.7566 0.6534
vn 0.0773 0.7862 0.6131
vn 0.0224 0.8387 0.5441
vn 0.0781 0.7862 0.6130
vn 0.5066 0.8573 0.0914
vn 0.5321 0.8444 0.0618
vn 0.5130 0.8534 0.0925
vn 0.5479 0.8341 -0.0643
vn 0.4668 0.8309 -0.3028
vn 0.4151 0.8096 -0.4151
vn -0.6312 0.4508 0.6312
vn 0.0000 0.0000 1.0000
vn 0.3430 0.8745 0.3430
vn 0.4910 0.7196 0.4910
vn 0.5605 0.8214 0.1053
vn 0.5463 0.8346 -0.0700
vn -0.5855 -0.5606 -0.5855
vn -0.5698 -0.8218 0.0000
vn -0.5687 -0.8202 0.0614
vn -0.5686 -0.8201 0.0643
vn -0.4951 -0.7140 0.4951
vn 0.5633 0.8256 0.0325
vn 0.5470 0.8344 -0.0676
vn -0.4893 -0.7219 -0.4893
vn -0.4656 -0.7526 -0.4656
vn -0.5694 -0.8212 0.0367
vn -0.5625 -0.8249 -0.0563
vn 0.4238 -0.8005 0.4238
vn 0.4677 -0.8834 0.0302
vn 0.4673 -0.8827 0.0491
vn 0.4679 -0.8838 0.0000
vn 0.4628 -0.8853 -0.0463
vn 0.5018 -0.7045 -0.5018
vn 0.4191 -0.8054 -0.4191
vn 0.3998 -0.8248 -0.3998
vn 0.0000 -0.2334 -0.9724
vn -0.5448 -0.8355 -0.0715
vn -0.5669 -0.8202 -0.0763
vn -0.1570 -0.9260 -0.3433
vn -0.5760 -0.8139 0.0764
vn -0.5783 -0.8102 0.0959
vn -0.5212 -0.6758 0.5212
vn 0.4745 -0.8767 0.0787
vn 0.4455 -0.7766 0.4455
vn 0.4500 -0.8911 -0.0591
vn 0.4661 -0.8825 -0.0627
vn 0.1474 -0.9351 -0.3222
vn 0.0000 -0.9439 -0.3304
vn -0.0806 -0.9506 -0.2999
vn 0.0000 -0.9630 -0.2696
vn -0.5742 -0.8186 -0.0134
vn -0.5763 -0.8171 -0.0134
vn -0.5927 -0.8054 0.0000
vn -0.5093 -0.6938 0.5093
vn -0.5590 -0.6124 0.5590
vn 0.4963 -0.8249 0.2707
vn 0.4779 -0.7370 0.4779
vn 0.4689 -0.8832 -0.0109
vn 0.4899 -0.8298 0.2672
vn 0.0781 -0.9536 -0.2907
vn 0.0000 1.0000 0.0000
vn 0.0837 0.9930 0.0837
vn 0.3260 0.8874 0.3260
vn 0.0000 -1.0000 0.0000
vn -0.2246 -0.9482 -0.2246
vn 0.4705 -0.8824 0.0000
vn 0.0000 0.8093 -0.5874
vn 0.0000 0.8095 -0.5871
vn -0.1787 0.8037 -0.5675
vn -0.2549 0.7933 -0.5529
vn -0.4855 0.7270 -0.4855
vn -0.4851 0.7276 -0.4851
vn -0.2632 0.7913 -0.5518
vn -0.9427 0.3336 0.0000
vn -0.9461 0.3238 0.0000
vn -0.9494 0.3140 0.0000
vn -0.5851 0.5615 0.5851
vn -0.5850 0.5616 0.5850
vn -0.5850 0.5618 0.5850
vn 0.0000 0.6839 0.7295
vn 0.0000 0.6844 0.7291
vn 0.0000 0.6845 0.7290
vn 0.0000 0.6843 0.7292
vn 0.6494 0.3956 0.6494
vn 0.6476 0.4016 0.6476
vn 0.6455 0.4083 0.6455
vn 1.0000 0.0034 0.0000
vn 0.5487 0.6307 -0.5487
vn 0.5472 0.6333 -0.5472
vn 0.5455 0.6363 -0.5455
vn 0.0150 0.8097 -0.5867
vn 0.0000 0.7095 -0.7047
vn 0.0000 0.7014 -0.7128
vn -0.4860 0.7263 -0.4860
vn -0.5776 0.5768 -0.5776
vn -0.5844 0.5629 -0.5844
vn -1.0000 -0.0083 0.0000
vn -0.5830 0.5660 0.5830
vn 0.0000 0.6996 0.7145
vn 0.5807 0.5706 0.5807
vn 0.5754 0.5813 -0.5754
vn 0.1763 0.7838 -0.5955
vn 0.5673 0.5790 -0.5856
vn 0.0176 0.7008 -0.7131
vn 0.0000 0.6919 -0.7220
vn -0.5870 0.5576 -0.5870
vn 0.5847 0.5623 -0.5847
vn 0.5822 0.5676 -0.5822
vn 0.0000 0.6968 -0.7172
vn 0.0000 0.6947 -0.7193
vn 0.0000 0.6966 -0.7175
vn -0.5855 0.5606 -0.5855
vn -0.5832 0.5654 -0.5832
vn -0.6712 -0.3147 0.6712
vn 0.0000 -0.4183 0.9083
vn 0.6728 -0.3076 0.6728
vn 0.5833 0.5653 -0.5833
vn 0.5810 0.5700 -0.5810
vn 0.0000 0.6991 -0.7150
vn 0.0000 0.5775 -0.8164
vn 0.0000 0.5131 -0.8584
vn -0.6339 0.4430 -0.6339
vn -0.6673 0.3309 -0.6673
vn 0.6319 0.4489 -0.6319
vn 0.6655 0.3379 -0.6655
vn 0.0000 0.4505 -0.8928
vn 0.0000 0.2724 -0.9622
vn 0.0000 0.2254 -0.9743
vn -0.6985 0.1556 -0.6985
vn 0.6976 0.1636 -0.6976
vn 0.0000 0.1600 -0.9871
vn 0.0000 -0.0797 -0.9968
vn -0.7057 -0.0623 -0.7057
vn -0.5672 -0.5970 0.5672
vn -0.5186 -0.6798 0.5186
vn 0.5695 -0.5927 0.5695
vn 0.5207 -0.6765 0.5207
vn 0.7061 -0.0541 -0.7061
vn -0.7052 -0.0741 -0.7052
vn -0.9999 -0.0151 0.0000
vn -0.9993 -0.0384 0.0000
vn -0.3473 -0.7736 0.5300
vn -0.4477 -0.6739 0.5877
vn -0.4872 -0.7247 0.4872
vn -0.3475 -0.7725 0.5314
vn 0.0000 -0.8229 0.5682
vn 0.2670 -0.7927 0.5480
vn 0.4018 -0.7531 0.5209
vn 0.3676 -0.7137 0.5962
vn 0.4946 -0.7147 0.4946
vn -0.5825 -0.5669 -0.5825
vn -0.9806 -0.1961 0.0000
vn -0.3349 -0.7964 0.5036
vn -0.4604 -0.7589 0.4604
vn 0.3150 -0.7807 0.5398
vn 0.6367 -0.4350 -0.6367
vn 0.6111 -0.5031 -0.6111
vn 0.0000 -0.6644 -0.7474
vn 0.0000 -0.6355 -0.7721
vn 0.0000 -0.6473 -0.7622
vn -0.5603 -0.6101 -0.5603
vn -0.3265 -0.8367 0.4398
vn -0.3616 -0.8594 0.3616
vn -0.2213 -0.9032 0.3677
vn 0.0000 -0.9120 0.4101
vn 0.2499 -0.8968 0.3652
vn 0.3894 -0.8056 0.4465
vn 0.3857 -0.8382 0.3857
vn 0.5993 -0.5307 -0.5993
vn 0.0000 -0.6201 -0.7845
vn 0.0000 -0.5855 -0.8107
vn -0.7071 0.0031 -0.7071
vn -0.1031 -0.9709 0.2164
vn -0.2489 -0.9360 0.2489
vn -0.0689 -0.9524 0.2969
vn 0.0000 -0.9829 0.1839
vn 0.0791 -0.9620 0.2614
vn 0.1052 -0.9696 0.2209
vn 0.2613 -0.9292 0.2613
vn 0.6996 0.1454 -0.6996
vn 0.0000 0.9999 -0.0127
vn -0.0024 0.9999 -0.0132
vn -0.0040 0.9999 -0.0130
vn 0.0000 0.9999 -0.0130
vn -0.0139 0.9998 -0.0139
vn -0.0134 0.9998 -0.0134
vn -1.0000 0.0000 0.0000
vn -0.1108 -0.9876 0.1108
vn 0.0000 -0.6931 0.7208
vn 0.1108 -0.9876 0.1108
vn 1.0000 0.0000 0.0000
vn 0.0138 0.9998 -0.0138
vn 0.0139 0.9998 -0.0139
vn 0.0039 0.9999 -0.0127
vn 0.0024 0.9999 -0.0132
vn 0.0000 -0.0083 -1.0000
vn -0.7071 -0.0058 -0.7071
vn -0.7050 -0.0763 -0.7050
vn -0.9976 -0.0688 0.0000
vn -0.9910 -0.1336 0.0000
vn -0.6928 0.1999 0.6928
vn -0.7007 0.1347 0.7007
vn -0.7055 0.0678 0.7055
vn 0.0000 0.2772 0.9608
vn 0.0000 0.2395 0.9709
vn 0.0000 0.2373 0.9714
vn 0.0000 0.2407 0.9706
vn 0.6928 0.1999 0.6928
vn 0.6955 0.1801 0.6955
vn 0.6980 0.1602 0.6980
vn 0.7071 -0.0058 -0.7071
vn -0.6975 -0.1646 -0.6975
vn -0.6935 -0.1951 -0.6935
vn -0.9749 -0.2228 0.0000
vn -0.9646 -0.2638 0.0000
vn -0.7069 -0.0217 0.7069
vn -0.7060 -0.0569 0.7060
vn 0.0000 0.1938 0.9810
vn 0.0000 0.1923 0.9813
vn 0.0000 0.1897 0.9819
vn 0.7003 0.1380 0.7003
vn 0.7007 0.1348 0.7007
vn 0.0000 -0.0469 -0.9989
vn 0.0000 -0.0619 -0.9981
vn -0.6791 -0.2786 -0.6791
vn -0.6747 -0.2994 -0.6747
vn -0.9409 -0.3387 0.0000
vn -0.7026 -0.1123 0.7026
vn -0.7033 -0.1031 0.7033
vn 0.0000 0.1803 0.9836
vn 0.7001 0.1402 0.7001
vn 0.6992 0.1492 0.6992
vn 0.7067 -0.0355 -0.7067
vn 0.7059 -0.0591 -0.7059
vn 0.0000 -0.0789 -0.9969
vn 0.0000 -0.1104 -0.9939
vn -0.6843 -0.2522 -0.6843
vn -0.9577 -0.2879 0.0000
vn -0.9812 -0.1929 0.0000
vn -0.7058 -0.0611 0.7058
vn -0.7071 0.0033 0.7071
vn 0.6990 0.1513 0.6990
vn 0.7001 0.1406 0.7001
vn 0.7049 -0.0783 -0.7049
vn -0.7062 -0.0502 -0.7062
vn -0.9992 0.0400 0.0000
vn -0.7025 -0.1138 0.7025
vn -0.7026 -0.1125 0.7026
vn 0.0000 -0.1815 0.9834
vn 0.0000 -0.2195 0.9756
vn 0.0000 -0.1218 0.9926
vn 0.7000 -0.1413 0.7000
vn 0.7001 -0.1401 0.7001
vn -0.6880 -0.2309 0.6880
vn -0.6796 -0.2760 0.6796
vn 0.0000 -0.3747 0.9272
vn 0.0000 -0.4026 0.9154
vn 0.0000 -0.3409 0.9401
vn 0.6834 -0.2567 0.6834
vn 0.6744 -0.3008 0.6744
vn -0.7018 -0.1224 -0.7018
vn -0.9997 -0.0230 0.0000
vn -0.9957 -0.0921 0.0000
vn -0.6686 -0.3256 0.6686
vn -0.6659 -0.3365 0.6659
vn 0.0000 -0.4186 0.9082
vn 0.0000 -0.4179 0.9085
vn 0.0000 -0.4190 0.9080
vn 0.6728 -0.3079 0.6728
vn 0.6789 -0.2795 0.6789
vn -0.6938 -0.1927 -0.6938
vn -0.9864 -0.1644 0.0000
vn -0.6587 -0.3635 0.6587
vn -0.6489 -0.3975 0.6489
vn 0.0000 -0.4061 0.9138
vn 0.0000 -0.4230 0.9061
vn 0.0000 -0.4536 0.8912
vn 0.6823 -0.2628 0.6823
vn 0.6744 -0.3007 0.6744
vn -0.8908 -0.4543 0.0000
vn -0.8760 -0.4823 0.0000
vn -0.5774 -0.5773 0.5774
vn -0.5611 -0.6086 0.5611
vn 0.0000 -0.5932 0.8051
vn 0.6596 -0.3604 0.6596
vn 0.6689 -0.3243 0.6689
vn 0.0000 -0.8360 -0.5487
vn -0.2745 -0.8916 -0.3601
vn -0.3122 -0.8407 -0.4423
vn 0.0000 -0.9453 -0.3263
vn -0.4005 -0.8241 -0.4005
vn -0.2607 -0.9296 -0.2607
vn -0.8064 -0.5914 0.0000
vn -0.5678 -0.5960 0.5678
vn -0.5878 -0.5560 0.5878
vn 0.0000 -0.5730 0.8195
vn 0.0000 -0.5311 0.8473
vn 0.0000 -0.4685 0.8835
vn 0.6767 -0.2902 0.6767
vn 0.5161 -0.6835 -0.5161
vn 0.0759 -0.9810 -0.1788
vn -0.0842 -0.9871 -0.1362
vn 0.0000 -0.9920 -0.1264
vn -0.0948 -0.9910 -0.0948
vn -0.6920 -0.2055 0.6920
vn 0.0000 -0.3550 0.9349
vn 0.6757 0.2948 0.6757
vn 0.1526 -0.9764 -0.1526
vn 0.0993 -0.9843 -0.1457
vn 0.0948 -0.9910 -0.0948
vn 0.0000 0.7600 -0.6499
vn 0.0000 0.8068 -0.5908
vn 0.0000 0.8050 -0.5933
vn -0.1009 0.9898 -0.1009
vn -0.0511 0.8634 -0.5020
vn -0.2245 0.9608 -0.1626
vn -0.2250 0.9606 -0.1629
vn -0.2418 0.9561 0.1656
vn -0.2349 0.9467 0.2204
vn -0.2393 0.9410 0.2393
vn -0.0703 0.9950 0.0703
vn 0.0000 0.5892 0.8080
vn 0.0000 0.6782 0.7349
vn 0.0000 0.6757 0.7372
vn 0.0000 0.6795 0.7336
vn 0.6498 0.3943 0.6498
vn 0.5639 0.6034 0.5639
vn 0.5401 0.6454 0.5401
vn 0.8288 0.5595 0.0000
vn 0.5683 0.5950 -0.5683
vn 0.4597 0.7598 -0.4597
vn 0.4369 0.7863 -0.4369
vn 0.1200 0.8233 -0.5549
vn -0.0856 0.8145 -0.5738
vn -0.0416 0.8462 -0.5312
vn 0.0000 0.8175 -0.5760
vn -0.5351 0.6538 -0.5351
vn -0.5237 0.6719 -0.5237
vn -0.5134 0.6876 -0.5134
vn -0.6540 0.3804 0.6540
vn -0.6311 0.4510 0.6311
vn -0.6121 0.5007 0.6121
vn 0.5513 0.6262 0.5513
vn 0.5693 0.5932 0.5693
vn 0.4487 0.7729 -0.4487
vn 0.1322 0.8199 -0.5570
vn 0.1998 0.8104 -0.5507
vn 0.1030 0.8291 -0.5495
vn 0.0000 0.7522 -0.6589
vn -0.0617 0.7399 -0.6699
vn -0.1312 0.8069 -0.5759
vn -0.5357 0.6527 -0.5357
vn -0.3719 0.7134 -0.5939
vn -0.5814 0.5692 0.5814
vn 0.5973 0.5351 0.5973
vn 0.9965 -0.0830 0.0000
vn 0.5515 0.6259 -0.5515
vn 0.4744 0.7416 -0.4744
vn 0.5797 0.5726 -0.5797
vn 0.0000 0.7733 -0.6340
vn 0.0000 0.7314 -0.6819
vn -0.5637 0.6037 -0.5637
vn -0.5854 0.5610 -0.5854
vn 0.6013 0.5262 -0.6013
vn -0.6724 -0.3096 0.6724
vn 0.6600 -0.3589 0.6600
vn 0.6520 -0.3871 0.6520
vn 0.6512 -0.3898 0.6512
vn 0.9912 -0.1320 0.0000
vn 0.9906 -0.1369 0.0000
vn 0.6107 0.5040 -0.6107
vn 0.6117 0.5017 -0.6117
vn 0.0000 0.6966 -0.7174
vn 0.0000 0.6992 -0.7149
vn -0.5839 0.5641 -0.5839
vn -0.5815 0.5690 -0.5815
vn 0.6509 -0.3909 0.6509
vn 0.9903 -0.1386 0.0000
vn 0.6106 0.5044 -0.6106
vn 0.6082 0.5100 -0.6082
vn 0.0000 0.6123 -0.7906
vn 0.0000 0.5529 -0.8333
vn -0.6042 0.5195 -0.6042
vn -0.6406 0.4233 -0.6406
vn 0.6302 0.4537 -0.6302
vn 0.6635 0.3456 -0.6635
vn 0.0000 0.6534 -0.7570
vn 0.0000 0.3350 -0.9422
vn -0.6858 0.2438 -0.6858
vn 0.6990 0.1507 -0.6990
vn 0.0000 0.1925 -0.9813
vn 0.0000 0.1195 -0.9928
vn -0.7007 0.1347 -0.7007
vn 0.7048 0.0811 -0.7048
vn 0.7070 -0.0156 -0.7070
vn 0.0000 0.2497 -0.9683
vn -0.7060 -0.0565 -0.7060
vn -0.5688 -0.5940 0.5688
vn -0.5201 -0.6775 0.5201
vn 0.5421 -0.6420 0.5421
vn 0.4950 -0.7141 0.4950
vn 0.6987 -0.1537 -0.6987
vn -0.3646 -0.7662 0.5291
vn -0.2931 -0.7466 0.5973
vn -0.4940 -0.7155 0.4940
vn -0.2019 -0.8060 0.5565
vn 0.2806 -0.8029 0.5260
vn 0.2699 -0.8044 0.5293
vn 0.3655 -0.7335 0.5731
vn 0.4665 -0.7515 0.4665
vn 0.9897 -0.1435 0.0000
vn 0.9871 -0.1599 0.0000
vn 0.6982 -0.1581 -0.6982
vn 0.6969 -0.1691 -0.6969
vn -0.6361 -0.4368 -0.6361
vn -0.6105 -0.5046 -0.6105
vn -0.2614 -0.7943 0.5484
vn 0.2864 -0.8134 0.5063
vn 0.4478 -0.7739 0.4478
vn 0.9630 -0.2696 0.0000
vn 0.5671 -0.5973 -0.5671
vn 0.0000 -0.6474 -0.7621
vn 0.0000 -0.6219 -0.7831
vn -0.5987 -0.5322 -0.5987
vn -0.3698 -0.8104 0.4545
vn -0.3852 -0.8386 0.3852
vn 0.0000 -0.9124 0.4093
vn -0.2221 -0.9062 0.3597
vn 0.1897 -0.9113 0.3653
vn 0.2905 -0.8467 0.4458
vn 0.3528 -0.8667 0.3528
vn 0.5450 -0.6371 -0.5450
vn 0.0000 -0.6373 -0.7706
vn -0.6998 0.1431 -0.6998
vn -0.0929 -0.9732 0.2101
vn -0.2414 -0.9399 0.2414
vn -0.0657 -0.9607 0.2696
vn 0.0000 -0.9819 0.1893
vn 0.0555 -0.9485 0.3120
vn 0.0941 -0.9725 0.2128
vn 0.2269 -0.9471 0.2269
vn 0.7061 -0.0533 -0.7061
vn -0.0019 0.9999 -0.0131
vn -0.0033 0.9999 -0.0129
vn -0.0138 0.9998 -0.0138
vn 0.1092 -0.9880 0.1092
vn 0.0134 0.9998 -0.0134
vn 0.0140 0.9998 -0.0140
vn 0.0032 0.9999 -0.0126
vn 0.0019 0.9999 -0.0132
vn -0.6955 0.1801 0.6955
vn -0.6980 0.1602 0.6980
vn 0.0000 0.2406 0.9706
vn 0.0000 0.2270 0.9739
vn 0.0000 0.2521 0.9677
vn 0.7032 0.1044 0.7032
vn 0.7062 0.0511 0.7062
vn 0.7071 -0.0027 0.7071
vn 0.9827 -0.1850 0.0000
vn 0.9736 -0.2282 0.0000
vn 0.7033 -0.1043 -0.7033
vn 0.7005 -0.1365 -0.7005
vn 0.6970 -0.1684 -0.6970
vn -0.7003 0.1380 0.7003
vn -0.7007 0.1348 0.7007
vn 0.0000 0.1897 0.9818
vn 0.7045 -0.0853 0.7045
vn 0.7009 -0.1318 0.7009
vn 0.9526 -0.3041 0.0000
vn 0.9344 -0.3561 0.0000
vn 0.6890 -0.2249 -0.6890
vn 0.6818 -0.2650 -0.6818
vn 0.0000 -0.0606 -0.9982
vn 0.0000 -0.0778 -0.9970
vn -0.7067 -0.0355 -0.7067
vn -0.7059 -0.0591 -0.7059
vn -0.7001 0.1402 0.7001
vn -0.6992 0.1492 0.6992
vn 0.6917 -0.2074 0.6917
vn 0.6930 -0.1986 0.6930
vn 0.8944 -0.4472 0.0000
vn 0.6590 -0.3626 -0.6590
vn 0.6536 -0.3816 -0.6536
vn 0.0000 -0.0463 -0.9989
vn -0.7049 -0.0783 -0.7049
vn -0.6982 0.1586 0.6982
vn -0.6978 0.1617 0.6978
vn 0.6986 -0.1547 0.6986
vn 0.7045 -0.0865 0.7045
vn 0.9131 -0.4078 0.0000
vn 0.9431 -0.3326 0.0000
vn 0.6577 -0.3671 -0.6577
vn 0.6718 -0.3119 -0.6718
vn -0.7047 -0.0828 0.7047
vn -0.7044 -0.0877 0.7044
vn 0.0000 -0.1759 0.9844
vn 0.0000 -0.2154 0.9765
vn 0.0000 -0.1195 0.9928
vn 0.6957 -0.1791 0.6957
vn 0.6951 -0.1839 0.6951
vn 0.6962 -0.1748 -0.6962
vn -0.7056 -0.0657 -0.7056
vn -0.7060 -0.0556 -0.7060
vn -0.6928 -0.2004 0.6928
vn -0.6862 -0.2415 0.6862
vn 0.0000 -0.3641 0.9313
vn 0.0000 -0.3934 0.9194
vn 0.0000 -0.3364 0.9417
vn 0.6737 -0.3039 0.6737
vn 0.6617 -0.3525 0.6617
vn 0.9871 -0.1604 0.0000
vn 0.9839 -0.1789 0.0000
vn 0.6958 -0.1783 -0.6958
vn 0.6954 -0.1810 -0.6954
vn -0.7069 -0.0260 -0.7069
vn -0.6816 -0.2660 0.6816
vn -0.6849 -0.2484 0.6849
vn 0.0000 -0.4225 0.9064
vn 0.0000 -0.4117 0.9113
vn 0.0000 -0.4303 0.9027
vn 0.6516 -0.3884 0.6516
vn 0.6551 -0.3765 0.6551
vn 0.9794 -0.2020 0.0000
vn 0.9781 -0.2083 0.0000
vn 0.6958 -0.1784 -0.6958
vn 0.6964 -0.1733 -0.6964
vn -0.7070 -0.0136 -0.7070
vn -0.7070 -0.0148 -0.7070
vn -0.6866 -0.2393 0.6866
vn -0.6785 -0.2815 0.6785
vn 0.0000 -0.4508 0.8926
vn 0.0000 -0.4030 0.9152
vn 0.6563 -0.3722 0.6563
vn 0.6460 -0.4067 0.6460
vn 0.9770 -0.2133 0.0000
vn 0.9778 -0.2097 0.0000
vn 0.6973 -0.1659 -0.6973
vn 0.6975 -0.1643 -0.6975
vn -0.7070 -0.0192 -0.7070
vn -0.6420 -0.4191 0.6420
vn 0.6055 -0.5164 0.6055
vn 0.9806 -0.1961 0.0000
vn 0.6982 -0.1586 -0.6982
vn 0.0000 -0.9168 -0.3993
vn -0.3985 -0.7566 -0.5185
vn -0.3881 -0.8190 -0.4225
vn -0.4695 -0.7261 -0.5024
vn -0.4955 -0.7134 -0.4955
vn 0.4618 -0.7573 -0.4618
vn 0.4035 -0.7788 -0.4803
vn 0.3496 -0.8393 -0.4162
vn 0.0000 -0.9973 -0.0739
vn -0.0835 -0.9769 -0.1967
vn -0.0711 -0.9945 -0.0774
vn -0.1312 -0.9826 -0.1312
vn -0.0784 -0.9938 -0.0784
vn 0.1279 -0.9835 -0.1279
vn 0.0641 -0.9950 -0.0764
vn 0.0720 -0.9567 -0.2820
vn 0.0772 -0.9940 -0.0772
vn 0.0000 0.0000 -1.0000
vn -0.7071 0.0000 -0.7071
vn -0.6928 0.2001 0.6928
vn -0.7032 0.1055 0.7032
vn -0.7060 0.0559 0.7060
vn 0.0000 0.2775 0.9607
vn 0.0000 0.1090 0.9940
vn 0.0000 0.0790 0.9969
vn 0.0000 0.1483 0.9889
vn 0.6928 0.2001 0.6928
vn 0.7032 0.1055 0.7032
vn 0.7060 0.0559 0.7060
vn 0.7071 0.0000 -0.7071
vn -0.7069 0.0257 0.7069
vn 0.0000 0.0363 0.9993
vn 0.7069 0.0257 0.7069
vn -0.7046 0.0845 0.7046
vn 0.0000 0.1191 0.9929
vn 0.7046 0.0845 0.7046
vn -0.7067 0.0325 -0.7067
vn -0.9989 0.0460 0.0000
vn -0.7023 0.1166 0.7023
vn -0.6765 -0.2912 0.6765
vn 0.7070 0.0197 0.7070
vn 0.6561 -0.3730 0.6561
vn 0.9958 -0.0917 0.0000
vn 0.7056 -0.0650 -0.7056
vn -0.6723 -0.3097 0.6723
vn -0.6795 -0.2767 0.6795
vn 0.0000 -0.4886 0.8725
vn 0.0000 -0.4339 0.9009
vn 0.0000 -0.4137 0.9104
vn 0.0000 -0.4527 0.8916
vn 0.6511 -0.3899 0.6511
vn 0.6597 -0.3598 0.6597
vn -0.6840 -0.2537 0.6840
vn -0.6818 -0.2652 0.6818
vn 0.0000 -0.3914 0.9202
vn 0.0000 -0.3987 0.9171
vn 0.0000 -0.3845 0.9231
vn 0.6653 -0.3387 0.6653
vn 0.6626 -0.3493 0.6626
vn -0.6793 -0.2775 0.6793
vn 0.0000 -0.4138 0.9104
vn 0.6595 -0.3605 0.6595
vn -0.7070 -0.0140 -0.7070
vn -0.9998 -0.0197 0.0000
vn -0.7053 0.0707 0.7053
vn -0.6672 -0.3311 0.6672
vn 0.7062 -0.0500 0.7062
vn 0.6395 -0.4267 0.6395
vn 0.9823 -0.1874 0.0000
vn 0.7008 -0.1337 -0.7008
vn -0.6627 -0.3488 0.6627
vn -0.6706 -0.3172 0.6706
vn 0.0000 -0.4377 0.8991
vn 0.0000 -0.4166 0.9091
vn 0.0000 -0.4549 0.8905
vn 0.6342 -0.4423 0.6342
vn 0.6435 -0.4145 0.6435
vn -0.6756 -0.2950 0.6756
vn -0.6732 -0.3062 0.6732
vn 0.0000 -0.3895 0.9210
vn 0.0000 -0.3973 0.9177
vn 0.0000 -0.3834 0.9236
vn 0.6497 -0.3948 0.6497
vn 0.6466 -0.4047 0.6466
vn -0.6704 -0.3180 0.6704
vn 0.6433 -0.4151 0.6433
vn -0.7067 -0.0353 -0.7067
vn -0.9988 -0.0499 0.0000
vn -0.6660 -0.3360 0.6660
vn 0.6583 -0.3651 0.6583
vn 0.9950 -0.0995 0.0000
vn 0.7053 -0.0705 -0.7053
vn 0.0000 0.7352 -0.6779
vn -0.5611 0.6085 -0.5611
vn -0.7060 0.0557 0.7060
vn 0.0000 0.0787 0.9969
vn 0.7060 0.0557 0.7060
vn 0.5611 0.6085 -0.5611
vn -0.6054 -0.5168 0.6054
vn 0.0000 -0.6493 0.7606
vn 0.6054 -0.5168 0.6054
vn 0.0000 0.9985 -0.0540
vn -0.0027 0.9985 -0.0540
vn -0.0095 0.9985 -0.0540
vn -0.0539 0.9971 -0.0539
vn 0.0539 0.9971 -0.0539
vn 0.0052 0.9985 -0.0540
vn 0.0000 0.5619 -0.8272
vn -0.6374 0.4330 -0.6374
vn 0.6374 0.4330 -0.6374
vn 0.0000 0.9354 -0.3535
vn -0.0232 0.9271 -0.3741
vn -0.0459 0.9333 -0.3562
vn 0.0000 0.9285 -0.3714
vn -0.0485 0.9250 -0.3769
vn -0.3893 0.8348 -0.3893
vn -0.9999 0.0113 0.0000
vn -0.7058 0.0613 0.7058
vn -0.6700 0.3198 0.6700
vn -0.6551 0.3764 0.6551
vn 0.0000 0.5084 0.8611
vn 0.0000 0.5455 0.8381
vn 0.0000 0.5464 0.8375
vn 0.7056 0.0653 0.7056
vn 0.6692 0.3232 0.6692
vn 0.6542 0.3796 0.6542
vn 0.9999 0.0170 0.0000
vn 0.3885 0.8355 -0.3885
vn 0.0485 0.9250 -0.3768
vn 0.0232 0.9271 -0.3741
vn 0.0435 0.9401 -0.3380
vn 0.0000 0.0917 -0.9958
vn -0.7052 0.0729 -0.7052
vn -0.6347 0.4407 0.6347
vn 0.0000 0.5640 0.8258
vn 0.6337 0.4436 0.6337
vn 0.7050 0.0769 -0.7050
vn -0.6691 0.3234 -0.6691
vn -0.6243 0.4696 -0.6243
vn -0.6855 -0.2453 0.6855
vn 0.0000 -0.3463 0.9381
vn 0.6861 -0.2417 0.6861
vn 0.6683 0.3267 -0.6683
vn 0.6233 0.4723 -0.6233
vn 0.0000 0.6854 -0.7282
vn -0.5865 0.5586 -0.5865
vn 0.5854 0.5609 -0.5854
vn 0.0000 -0.5319 -0.8468
vn -0.6481 -0.3998 -0.6481
vn 0.6491 -0.3967 -0.6491
vn 0.0000 0.9373 -0.3485
vn 0.0000 0.9445 -0.3286
s off
f 1/1/1 11/2/1 2/3/1
f 2/3/1 11/2/1 12/4/1
f 2/5/2 12/6/2 3/7/2
f 3/7/2 12/6/2 13/8/2
f 3/9/3 13/10/3 4/11/3
f 4/11/3 13/10/3 14/12/3
f 4/13/4 14/14/5 5/15/6
f 5/15/6 14/14/5 15/16/7
f 5/15/6 16/17/8 6/18/8
f 5/15/6 15/16/9 16/17/8
f 6/18/8 16/17/8 7/19/10
f 7/19/10 16/17/8 17/20/11
f 7/19/12 17/20/13 8/21/14
f 8/21/14 17/20/13 18/22/15
f 8/23/16 19/24/17 9/25/18
f 8/23/16 18/26/15 19/24/17
f 9/25/18 20/27/19 10/28/19
f 9/25/18 19/24/17 20/27/19
f 10/29/1 11/2/1 1/1/1
f 10/29/1 20/30/1 11/2/1
f 11/2/1 21/31/1 12/4/1
f 12/4/1 21/31/1 22/32/1
f 12/6/2 22/33/2 13/8/2
f 13/8/2 22/33/2 23/34/2
f 13/10/3 24/35/3 14/12/3
f 13/10/3 23/36/3 24/35/3
f 14/37/5 25/38/20 15/39/5
f 14/37/5 24/40/20 25/38/20
f 15/41/21 26/42/21 16/43/21
f 15/41/21 25/44/21 26/42/21
f 16/43/21 26/42/21 17/45/21
f 17/45/21 26/42/21 27/46/21
f 17/20/22 27/47/23 18/22/15
f 18/22/15 27/47/23 28/48/24
f 18/26/15 28/49/24 19/24/17
f 19/24/17 28/49/24 29/50/25
f 19/24/17 30/51/19 20/27/19
f 19/24/17 29/50/25 30/51/19
f 20/30/1 21/31/1 11/2/1
f 20/30/1 30/52/1 21/31/1
f 21/31/1 32/53/1 22/32/1
f 21/31/1 31/54/1 32/53/1
f 22/55/26 33/56/26 23/57/26
f 22/55/26 32/58/26 33/56/26
f 23/59/27 34/60/28 24/61/29
f 23/59/27 33/62/27 34/60/28
f 24/61/29 34/60/28 25/63/30
f 25/63/30 34/60/28 35/64/30
f 25/44/21 35/65/21 26/42/21
f 26/42/21 35/65/21 36/66/21
f 26/42/21 36/66/21 27/46/21
f 27/46/21 36/66/21 37/67/21
f 27/47/23 37/68/23 28/48/24
f 28/48/24 37/68/23 38/69/31
f 28/49/24 38/70/31 29/50/25
f 29/50/25 38/70/31 39/71/32
f 29/50/25 40/72/19 30/51/19
f 29/50/25 39/71/32 40/72/19
f 30/52/1 31/54/1 21/31/1
f 30/52/1 40/73/1 31/54/1
f 31/54/1 42/74/1 32/53/1
f 31/54/1 41/75/1 42/74/1
f 32/58/26 43/76/33 33/56/26
f 32/58/26 42/77/34 43/76/33
f 33/62/27 44/78/35 34/60/28
f 33/62/27 43/79/36 44/78/35
f 34/60/28 44/78/35 35/64/30
f 35/64/30 44/78/35 45/80/30
f 35/65/21 45/81/21 36/66/21
f 36/66/21 45/81/21 46/82/21
f 36/66/21 47/83/21 37/67/21
f 36/66/21 46/82/21 47/83/21
f 37/84/37 48/85/38 38/86/39
f 37/84/37 47/87/37 48/85/38
f 38/86/39 48/85/38 39/88/40
f 39/88/40 48/85/38 49/89/41
f 39/88/42 49/89/43 40/90/42
f 40/90/42 49/89/43 50/91/44
f 40/73/1 50/92/1 31/54/1
f 31/54/1 50/92/1 41/75/1
f 41/93/45 52/94/45 42/95/45
f 41/93/45 51/96/45 52/94/45
f 42/97/34 53/98/46 43/79/47
f 42/97/34 52/99/48 53/98/46
f 43/79/36 53/98/46 44/78/35
f 44/78/35 53/98/46 54/100/49
f 44/78/35 54/100/50 45/80/30
f 45/80/30 54/100/50 55/101/51
f 45/81/21 55/102/21 46/82/21
f 46/82/21 55/102/21 56/103/21
f 46/82/21 57/104/21 47/83/21
f 46/82/21 56/103/21 57/104/21
f 47/87/37 58/105/52 48/85/38
f 47/87/37 57/106/53 58/105/52
f 48/85/38 59/107/54 49/89/41
f 48/85/38 58/105/52 59/107/54
f 49/89/55 59/107/54 50/91/44
f 50/91/44 59/107/54 60/108/56
f 50/109/45 60/110/45 41/93/45
f 41/93/45 60/110/45 51/96/45
f 51/111/57 62/112/58 52/113/48
f 51/111/57 61/114/59 62/112/58
f 52/99/48 62/115/58 53/98/46
f 53/98/46 62/115/58 63/116/60
f 53/98/46 63/116/61 54/100/49
f 54/100/49 63/116/61 64/117/62
f 54/118/63 64/119/64 55/120/51
f 55/120/51 64/119/64 65/121/64
f 55/102/21 65/122/21 56/103/21
f 56/103/21 65/122/21 66/123/21
f 56/103/21 67/124/21 57/104/21
f 56/103/21 66/123/21 67/124/21
f 57/106/53 68/125/65 58/105/52
f 57/106/53 67/126/66 68/125/65
f 58/105/52 69/127/67 59/107/54
f 58/105/52 68/125/68 69/127/67
f 59/107/54 70/128/69 60/108/56
f 59/107/54 69/127/67 70/128/69
f 60/129/56 70/130/69 51/111/57
f 51/111/57 70/130/69 61/114/59
f 3/131/70 4/132/70 5/133/70
f 2/134/70 3/131/70 5/133/70
f 2/134/70 5/133/70 6/135/70
f 1/136/70 2/134/70 6/135/70
f 10/137/70 1/136/70 6/135/70
f 10/137/70 6/135/70 7/138/71
f 9/139/70 10/137/70 7/138/71
f 7/138/71 8/140/72 9/139/70
f 62/141/58 64/142/73 63/143/74
f 62/141/58 65/144/73 64/142/73
f 67/126/73 69/127/67 68/125/75
f 67/126/73 70/128/69 69/127/67
f 61/145/59 65/144/73 62/141/58
f 61/145/59 66/146/73 65/144/73
f 70/128/69 66/146/73 61/145/59
f 66/146/73 70/128/69 67/126/73
f 71/147/76 81/148/77 72/149/78
f 72/149/78 81/148/77 82/150/79
f 72/149/78 83/151/80 73/152/81
f 72/149/78 82/150/82 83/151/80
f 73/153/83 84/154/84 74/155/83
f 73/153/83 83/156/85 84/154/84
f 74/157/86 84/158/87 75/159/86
f 75/159/86 84/158/87 85/160/88
f 75/161/89 86/162/90 76/163/89
f 75/161/89 85/164/91 86/162/90
f 76/163/89 87/165/92 77/166/89
f 76/163/89 86/162/90 87/165/92
f 77/167/93 88/168/94 78/169/93
f 77/167/93 87/170/95 88/168/94
f 78/171/96 88/172/96 79/173/96
f 79/173/96 88/172/96 89/174/96
f 79/175/97 89/176/98 80/177/97
f 80/177/97 89/176/98 90/178/99
f 80/179/76 90/180/100 71/147/76
f 71/147/76 90/180/100 81/148/77
f 81/148/77 92/181/101 82/150/79
f 81/148/77 91/182/102 92/181/101
f 82/150/103 93/183/104 83/151/80
f 82/150/103 92/181/105 93/183/104
f 83/156/85 94/184/106 84/154/84
f 83/156/85 93/185/106 94/184/106
f 84/158/87 94/186/107 85/160/88
f 85/160/88 94/186/107 95/187/107
f 85/164/91 95/188/108 86/162/90
f 86/162/90 95/188/108 96/189/108
f 86/162/90 96/189/108 87/165/92
f 87/165/92 96/189/108 97/190/108
f 87/170/95 98/191/109 88/168/94
f 87/170/95 97/192/109 98/191/109
f 88/172/96 98/193/96 89/174/96
f 89/174/96 98/193/96 99/194/96
f 89/195/98 99/196/110 90/180/111
f 90/180/111 99/196/110 100/197/112
f 90/180/100 91/182/102 81/148/77
f 90/180/100 100/197/113 91/182/102
f 91/182/102 102/198/114 92/181/101
f 91/182/102 101/199/114 102/198/114
f 92/200/105 103/201/115 93/202/104
f 92/200/105 102/203/115 103/201/115
f 93/185/106 103/204/106 94/184/106
f 94/184/106 103/204/106 104/205/106
f 94/186/107 104/206/107 95/187/107
f 95/187/107 104/206/107 105/207/107
f 95/188/108 105/208/108 96/189/108
f 96/189/108 105/208/108 106/209/108
f 96/189/108 106/209/108 97/190/108
f 97/190/108 106/209/108 107/210/108
f 97/192/109 108/211/109 98/191/109
f 97/192/109 107/212/109 108/211/109
f 98/193/96 109/213/96 99/194/96
f 98/193/96 108/214/96 109/213/96
f 99/215/110 109/216/116 100/217/117
f 100/217/117 109/216/116 110/218/116
f 100/197/118 101/199/114 91/182/102
f 100/197/118 110/219/114 101/199/114
f 101/199/114 112/220/119 102/198/114
f 101/199/114 111/221/120 112/220/119
f 102/203/115 113/222/121 103/201/115
f 102/203/115 112/223/122 113/222/121
f 103/204/106 114/224/106 104/205/106
f 103/204/106 113/225/106 114/224/106
f 104/226/123 115/227/123 105/228/123
f 104/226/123 114/229/123 115/227/123
f 105/230/124 115/231/124 106/232/124
f 106/232/124 115/231/124 116/233/124
f 106/232/124 116/233/124 107/234/124
f 107/234/124 116/233/124 117/235/124
f 107/236/125 117/237/125 108/238/125
f 108/238/125 117/237/125 118/239/125
f 108/214/96 118/240/96 109/213/96
f 109/213/96 118/240/96 119/241/96
f 109/216/116 119/242/126 110/218/116
f 110/218/116 119/242/126 120/243/127
f 110/219/114 111/221/120 101/199/114
f 110/219/114 120/244/128 111/221/120
f 111/221/120 122/245/129 112/220/119
f 111/221/120 121/246/130 122/245/129
f 112/223/122 123/247/131 113/222/121
f 112/223/122 122/248/132 123/247/131
f 113/225/106 124/249/106 114/224/106
f 113/225/106 123/250/106 124/249/106
f 114/229/123 125/251/123 115/227/123
f 114/229/123 124/252/123 125/251/123
f 115/231/124 125/253/124 116/233/124
f 116/233/124 125/253/124 126/254/124
f 116/233/124 126/254/124 117/235/124
f 117/235/124 126/254/124 127/255/124
f 117/237/125 127/256/125 118/239/125
f 118/239/125 127/256/125 128/257/125
f 118/240/96 128/258/96 119/241/96
f 119/241/96 128/258/96 129/259/96
f 119/242/126 129/260/133 120/243/127
f 120/243/127 129/260/133 130/261/134
f 120/244/128 121/246/130 111/221/120
f 120/244/128 130/262/135 121/246/130
f 121/263/130 132/264/136 122/265/129
f 121/263/130 131/266/137 132/264/136
f 122/248/132 133/267/138 123/247/131
f 122/248/132 132/268/138 133/267/138
f 123/250/106 134/269/106 124/249/106
f 123/250/106 133/270/106 134/269/106
f 124/252/123 135/271/123 125/251/123
f 124/252/123 134/272/123 135/271/123
f 125/253/124 135/273/124 126/254/124
f 126/254/124 135/273/124 136/274/124
f 126/254/124 136/274/124 127/255/124
f 127/255/124 136/274/124 137/275/124
f 127/256/125 137/276/125 128/257/125
f 128/257/125 137/276/125 138/277/125
f 128/258/96 138/278/96 129/259/96
f 129/259/96 138/278/96 139/279/96
f 129/260/133 139/280/139 130/261/134
f 130/261/134 139/280/139 140/281/139
f 130/282/135 131/266/137 121/263/130
f 130/282/135 140/283/140 131/266/137
f 131/266/137 142/284/141 132/264/136
f 131/266/137 141/285/141 142/284/141
f 132/286/138 142/287/142 133/288/138
f 133/288/138 142/287/142 143/289/142
f 133/270/106 144/290/106 134/269/106
f 133/270/106 143/291/106 144/290/106
f 134/272/123 145/292/143 135/271/123
f 134/272/123 144/293/144 145/292/143
f 135/273/124 145/294/124 136/274/124
f 136/274/124 145/294/124 146/295/124
f 136/274/124 146/295/124 137/275/124
f 137/275/124 146/295/124 147/296/124
f 137/276/125 147/297/145 138/277/125
f 138/277/125 147/297/145 148/298/146
f 138/278/96 148/299/96 139/279/96
f 139/279/96 148/299/96 149/300/96
f 139/301/139 150/302/147 140/303/139
f 139/301/139 149/304/147 150/302/147
f 140/283/140 141/285/141 131/266/137
f 140/283/140 150/305/141 141/285/141
f 141/285/141 152/306/141 142/284/141
f 141/285/141 151/307/141 152/306/141
f 142/287/142 152/308/148 143/289/142
f 143/289/142 152/308/148 153/309/148
f 143/291/106 154/310/149 144/290/106
f 143/291/106 153/311/150 154/310/149
f 144/293/144 155/312/151 145/292/152
f 144/293/144 154/313/153 155/312/151
f 145/292/154 155/312/151 146/314/155
f 146/314/155 155/312/151 156/315/155
f 146/314/155 156/315/155 147/316/156
f 147/316/156 156/315/155 157/317/157
f 147/297/158 157/318/157 148/298/146
f 148/298/146 157/318/157 158/319/159
f 148/299/96 158/320/96 149/300/96
f 149/300/96 158/320/96 159/321/96
f 149/304/147 160/322/147 150/302/147
f 149/304/147 159/323/147 160/322/147
f 150/305/141 151/307/141 141/285/141
f 150/305/141 160/324/141 151/307/141
f 151/307/141 162/325/141 152/306/141
f 151/307/141 161/326/141 162/325/141
f 152/308/148 163/327/160 153/309/148
f 152/308/148 162/328/160 163/327/160
f 153/311/150 164/329/161 154/310/149
f 153/311/150 163/330/161 164/329/161
f 154/313/153 165/331/162 155/312/151
f 154/313/153 164/332/163 165/331/162
f 155/312/151 165/331/162 156/315/155
f 156/315/155 165/331/162 166/333/155
f 156/315/155 166/333/155 157/317/157
f 157/317/157 166/333/155 167/334/164
f 157/318/157 167/335/164 158/319/159
f 158/319/159 167/335/164 168/336/159
f 158/320/96 168/337/96 159/321/96
f 159/321/96 168/337/96 169/338/96
f 159/323/147 170/339/165 160/322/147
f 159/323/147 169/340/166 170/339/165
f 160/324/141 161/326/141 151/307/141
f 160/324/141 170/341/141 161/326/141
f 161/342/167 172/343/168 162/344/167
f 161/342/167 171/345/169 172/343/168
f 162/346/160 172/347/170 163/348/160
f 163/348/160 172/347/170 173/349/170
f 163/330/161 174/350/161 164/329/161
f 163/330/161 173/351/161 174/350/161
f 164/332/163 175/352/171 165/331/162
f 164/332/163 174/353/172 175/352/171
f 165/331/162 175/352/173 166/333/155
f 166/333/155 175/352/173 176/354/174
f 166/333/155 176/354/174 167/334/164
f 167/334/164 176/354/174 177/355/175
f 167/335/164 177/356/176 168/336/159
f 168/336/159 177/356/176 178/357/177
f 168/337/96 178/358/96 169/338/96
f 169/338/96 178/358/96 179/359/96
f 169/340/166 180/360/178 170/339/165
f 169/340/166 179/361/178 180/360/178
f 170/362/167 171/345/169 161/342/167
f 170/362/167 180/363/179 171/345/169
f 171/345/169 181/364/180 172/343/168
f 172/343/168 181/364/180 182/365/180
f 172/366/181 182/367/181 173/368/181
f 173/368/181 182/367/181 183/369/181
f 173/351/161 184/370/161 174/350/161
f 173/351/161 183/371/161 184/370/161
f 174/353/172 185/372/182 175/352/173
f 174/353/172 184/373/183 185/372/182
f 175/374/184 186/375/185 176/376/174
f 175/374/184 185/377/182 186/375/185
f 176/376/174 186/375/185 177/378/186
f 177/378/186 186/375/185 187/379/187
f 177/356/175 187/380/187 178/357/177
f 178/357/177 187/380/187 188/381/188
f 178/358/96 188/382/96 179/359/96
f 179/359/96 188/382/96 189/383/96
f 179/384/189 190/385/189 180/386/189
f 179/384/189 189/387/189 190/385/189
f 180/363/179 181/364/180 171/345/169
f 180/363/179 190/388/180 181/364/180
f 77/389/70 78/390/70 79/391/70
f 77/389/70 79/391/70 80/392/70
f 76/393/70 77/389/70 80/392/70
f 76/393/70 80/392/70 71/394/70
f 76/393/70 71/394/70 72/395/70
f 75/396/70 76/393/70 72/395/70
f 75/396/70 72/395/70 73/397/70
f 73/397/70 74/398/70 75/396/70
f 187/379/187 189/399/73 188/400/188
f 187/379/187 190/401/73 189/399/73
f 186/375/185 190/401/73 187/379/187
f 186/375/185 181/402/73 190/401/73
f 186/375/185 182/403/73 181/402/73
f 185/377/182 182/403/73 186/375/185
f 185/377/182 183/404/73 182/403/73
f 183/404/73 185/377/182 184/405/183
f 191/406/190 202/407/191 192/408/192
f 191/406/190 201/409/193 202/407/191
f 192/408/192 203/410/194 193/411/195
f 192/408/192 202/407/191 203/410/194
f 193/412/196 204/413/196 194/414/196
f 193/412/196 203/415/196 204/413/196
f 194/416/197 205/417/197 195/418/197
f 194/416/197 204/419/197 205/417/197
f 195/420/198 205/421/198 196/422/198
f 196/422/198 205/421/198 206/423/198
f 196/422/198 207/424/198 197/425/198
f 196/422/198 206/423/198 207/424/198
f 197/426/199 207/427/199 198/428/199
f 198/428/199 207/427/199 208/429/199
f 198/430/200 208/431/200 199/432/200
f 199/432/200 208/431/200 209/433/200
f 199/434/201 209/435/202 200/436/203
f 200/436/203 209/435/202 210/437/204
f 200/436/203 210/437/204 191/406/190
f 191/406/190 210/437/204 201/409/193
f 201/438/205 212/439/205 202/440/205
f 201/438/205 211/441/205 212/439/205
f 202/442/206 212/443/207 203/444/206
f 203/444/206 212/443/207 213/445/207
f 203/415/196 213/446/208 204/413/196
f 204/413/196 213/446/208 214/447/209
f 204/448/210 214/449/211 205/450/210
f 205/450/210 214/449/211 215/451/212
f 205/452/213 216/453/214 206/454/213
f 205/452/213 215/455/215 216/453/214
f 206/454/213 217/456/216 207/457/213
f 206/454/213 216/453/214 217/456/216
f 207/458/217 218/459/218 208/460/217
f 207/458/217 217/461/219 218/459/218
f 208/431/200 219/462/200 209/433/200
f 208/431/200 218/463/200 219/462/200
f 209/464/220 220/465/220 210/466/220
f 209/464/220 219/467/220 220/465/220
f 210/468/205 211/441/205 201/438/205
f 210/468/205 220/469/205 211/441/205
f 211/441/205 222/470/205 212/439/205
f 211/441/205 221/471/205 222/470/205
f 212/443/207 223/472/221 213/445/207
f 212/443/207 222/473/222 223/472/221
f 213/446/208 223/474/223 214/447/209
f 214/447/209 223/474/223 224/475/224
f 214/449/211 224/476/225 215/451/212
f 215/451/212 224/476/225 225/477/226
f 215/455/215 225/478/227 216/453/214
f 216/453/214 225/478/227 226/479/228
f 216/453/214 226/479/228 217/456/216
f 217/456/216 226/479/228 227/480/229
f 217/461/219 228/481/230 218/459/218
f 217/461/219 227/482/231 228/481/230
f 218/463/200 229/483/200 219/462/200
f 218/463/200 228/484/200 229/483/200
f 219/467/220 230/485/220 220/465/220
f 219/467/220 229/486/220 230/485/220
f 220/469/205 221/471/205 211/441/205
f 220/469/205 230/487/205 221/471/205
f 221/471/205 232/488/232 222/470/205
f 221/471/205 231/489/233 232/488/232
f 222/473/222 233/490/234 223/472/221
f 222/473/222 232/491/235 233/490/234
f 223/474/223 233/492/236 224/475/224
f 224/475/224 233/492/236 234/493/236
f 224/476/225 234/494/237 225/477/226
f 225/477/226 234/494/237 235/495/238
f 225/478/227 235/496/239 226/479/228
f 226/479/228 235/496/239 236/497/239
f 226/479/228 236/497/239 227/480/229
f 227/480/229 236/497/239 237/498/239
f 227/482/231 238/499/240 228/481/230
f 227/482/231 237/500/241 238/499/240
f 228/484/200 239/501/200 229/483/200
f 228/484/200 238/502/200 239/501/200
f 229/486/220 240/503/242 230/485/220
f 229/486/220 239/504/243 240/503/242
f 230/487/205 231/489/233 221/471/205
f 230/487/205 240/505/244 231/489/233
f 231/489/233 242/506/245 232/488/232
f 231/489/233 241/507/245 242/506/245
f 232/491/235 243/508/246 233/490/234
f 232/491/235 242/509/246 243/508/246
f 233/492/236 243/510/247 234/493/236
f 234/493/236 243/510/247 244/511/248
f 234/494/237 244/512/249 235/495/238
f 235/495/238 244/512/249 245/513/250
f 235/496/239 245/514/239 236/497/239
f 236/497/239 245/514/239 246/515/239
f 236/497/239 246/515/239 237/498/239
f 237/498/239 246/515/239 247/516/239
f 237/500/241 248/517/251 238/499/240
f 237/500/241 247/518/252 248/517/251
f 238/502/200 249/519/200 239/501/200
f 238/502/200 248/520/200 249/519/200
f 239/504/243 250/521/253 240/503/242
f 239/504/243 249/522/253 250/521/253
f 240/505/244 241/507/245 231/489/233
f 240/505/244 250/523/245 241/507/245
f 241/507/245 251/524/245 242/506/245
f 242/506/245 251/524/245 252/525/245
f 242/509/246 252/526/254 243/508/246
f 243/508/246 252/526/254 253/527/254
f 243/510/247 253/528/255 244/511/248
f 244/511/248 253/528/255 254/529/255
f 244/512/249 254/530/256 245/513/250
f 245/513/250 254/530/256 255/531/257
f 245/514/239 256/532/258 246/515/239
f 245/514/239 255/533/259 256/532/258
f 246/515/239 257/534/260 247/516/239
f 246/515/239 256/532/258 257/534/260
f 247/518/252 258/535/261 248/517/251
f 247/518/252 257/536/262 258/535/261
f 248/520/200 259/537/200 249/519/200
f 248/520/200 258/538/200 259/537/200
f 249/522/253 260/539/253 250/521/253
f 249/522/253 259/540/253 260/539/253
f 250/523/245 260/541/245 241/507/245
f 241/507/245 260/541/245 251/524/245
f 251/524/245 261/542/245 252/525/245
f 252/525/245 261/542/245 262/543/245
f 252/526/254 262/544/254 253/527/254
f 253/527/254 262/544/254 263/545/254
f 253/528/255 264/546/255 254/529/255
f 253/528/255 263/547/255 264/546/255
f 254/530/256 265/548/263 255/531/257
f 254/530/256 264/549/264 265/548/263
f 255/533/259 266/550/265 256/532/258
f 255/533/259 265/551/266 266/550/265
f 256/532/258 267/552/267 257/534/260
f 256/532/258 266/550/265 267/552/267
f 257/536/262 267/553/268 258/535/261
f 258/535/261 267/553/268 268/554/269
f 258/538/200 268/555/200 259/537/200
f 259/537/200 268/555/200 269/556/200
f 259/540/253 270/557/253 260/539/253
f 259/540/253 269/558/253 270/557/253
f 260/541/245 270/559/245 251/524/245
f 251/524/245 270/559/245 261/542/245
f 261/542/245 271/560/245 262/543/245
f 262/543/245 271/560/245 272/561/245
f 262/544/254 272/562/270 263/545/254
f 263/545/254 272/562/270 273/563/270
f 263/547/255 274/564/271 264/546/255
f 263/547/255 273/565/272 274/564/271
f 264/549/264 275/566/273 265/548/263
f 264/549/264 274/567/274 275/566/273
f 265/568/266 276/569/275 266/570/265
f 265/568/266 275/571/276 276/569/275
f 266/570/265 277/572/277 267/573/267
f 266/570/265 276/569/275 277/572/277
f 267/553/268 277/574/278 268/554/269
f 268/554/269 277/574/278 278/575/279
f 268/555/200 278/576/200 269/556/200
f 269/556/200 278/576/200 279/577/200
f 269/558/253 280/578/253 270/557/253
f 269/558/253 279/579/253 280/578/253
f 270/559/245 280/580/245 261/542/245
f 261/542/245 280/580/245 271/560/245
f 271/560/245 282/581/245 272/561/245
f 271/560/245 281/582/245 282/581/245
f 272/562/270 283/583/280 273/563/270
f 272/562/270 282/584/280 283/583/280
f 273/565/272 284/585/281 274/564/271
f 273/565/272 283/586/281 284/585/281
f 274/567/274 285/587/282 275/566/273
f 274/567/274 284/588/283 285/587/282
f 275/571/276 285/589/284 276/569/275
f 276/569/275 285/589/284 286/590/285
f 276/569/275 286/590/285 277/572/277
f 277/572/277 286/590/285 287/591/286
f 277/574/278 287/592/287 278/575/279
f 278/575/279 287/592/287 288/593/288
f 278/576/200 288/594/200 279/577/200
f 279/577/200 288/594/200 289/595/200
f 279/579/253 290/596/253 280/578/253
f 279/579/253 289/597/253 290/596/253
f 280/580/245 281/582/245 271/560/245
f 280/580/245 290/598/245 281/582/245
f 281/582/245 292/599/245 282/581/245
f 281/582/245 291/600/245 292/599/245
f 282/584/280 293/601/280 283/583/280
f 282/584/280 292/602/280 293/601/280
f 283/586/281 294/603/289 284/585/281
f 283/586/281 293/604/290 294/603/289
f 284/588/283 295/605/291 285/587/282
f 284/588/283 294/606/292 295/605/291
f 285/589/284 295/607/293 286/590/285
f 286/590/285 295/607/293 296/608/293
f 286/590/285 296/608/293 287/591/286
f 287/591/286 296/608/293 297/609/293
f 287/592/287 297/610/294 288/593/288
f 288/593/288 297/610/294 298/611/295
f 288/594/200 298/612/200 289/595/200
f 289/595/200 298/612/200 299/613/200
f 289/597/253 300/614/253 290/596/253
f 289/597/253 299/615/253 300/614/253
f 290/598/245 291/600/245 281/582/245
f 290/598/245 300/616/245 291/600/245
f 291/617/296 302/618/297 292/619/298
f 291/617/296 301/620/299 302/618/297
f 292/619/298 302/618/297 293/621/300
f 293/621/300 302/618/297 303/622/301
f 293/604/290 303/623/302 294/603/289
f 294/603/289 303/623/302 304/624/302
f 294/606/292 305/625/303 295/605/291
f 294/606/292 304/626/304 305/625/303
f 295/607/293 305/627/305 296/608/293
f 296/608/293 305/627/305 306/628/306
f 296/608/293 306/628/306 297/609/293
f 297/609/293 306/628/306 307/629/307
f 297/610/294 307/630/308 298/611/295
f 298/611/295 307/630/308 308/631/308
f 298/612/200 309/632/200 299/613/200
f 298/612/200 308/633/200 309/632/200
f 299/634/309 310/635/309 300/636/309
f 299/634/309 309/637/309 310/635/309
f 300/638/296 301/620/299 291/617/296
f 300/638/296 310/639/310 301/620/299
f 301/620/299 312/640/311 302/618/297
f 301/620/299 311/641/312 312/640/311
f 302/618/297 312/640/311 303/622/301
f 303/622/301 312/640/311 313/642/313
f 303/623/302 313/643/302 304/624/302
f 304/624/302 313/643/302 314/644/302
f 304/626/304 314/645/314 305/625/303
f 305/625/303 314/645/314 315/646/314
f 305/627/305 315/647/315 306/628/306
f 306/628/306 315/647/315 316/648/315
f 306/628/306 316/648/315 307/629/307
f 307/629/307 316/648/315 317/649/315
f 307/650/316 317/651/316 308/652/316
f 308/652/316 317/651/316 318/653/316
f 308/633/200 319/654/200 309/632/200
f 308/633/200 318/655/200 319/654/200
f 309/656/317 320/657/318 310/658/310
f 309/656/317 319/659/319 320/657/318
f 310/639/310 311/641/312 301/620/299
f 310/639/310 320/660/318 311/641/312
f 193/411/195 194/661/70 195/662/70
f 192/408/192 193/411/195 195/662/70
f 191/406/190 192/408/192 195/662/70
f 191/406/190 195/662/70 196/663/70
f 200/436/203 191/406/190 196/663/70
f 200/436/203 196/663/70 197/664/70
f 200/436/203 197/664/70 198/665/70
f 198/665/70 199/434/201 200/436/203
f 316/666/73 318/667/73 317/668/73
f 319/659/319 311/669/312 320/657/318
f 311/669/312 313/670/313 312/671/311
f 314/672/73 316/666/73 315/673/73
f 319/659/319 313/670/313 311/669/312
f 314/672/73 318/667/73 316/666/73
f 319/659/319 314/672/73 313/670/313
f 314/672/73 319/659/319 318/667/73
f 321/674/320 331/675/321 322/676/320
f 322/676/320 331/675/321 332/677/322
f 322/678/323 332/679/324 323/680/325
f 323/680/325 332/679/324 333/681/326
f 323/680/325 334/682/327 324/683/328
f 323/680/325 333/681/326 334/682/327
f 324/683/328 335/684/329 325/685/330
f 324/683/328 334/682/327 335/684/329
f 325/686/331 336/687/332 326/688/331
f 325/686/331 335/689/333 336/687/332
f 326/688/331 337/690/334 327/691/331
f 326/688/331 336/687/332 337/690/334
f 327/692/335 338/693/336 328/694/335
f 327/692/335 337/695/337 338/693/336
f 328/696/338 338/697/338 329/698/338
f 329/698/338 338/697/338 339/699/338
f 329/700/339 339/701/340 330/702/339
f 330/702/339 339/701/340 340/703/341
f 330/704/320 340/705/342 321/674/320
f 321/674/320 340/705/342 331/675/321
f 331/675/321 342/706/343 332/677/344
f 331/675/321 341/707/345 342/706/343
f 332/708/346 343/709/347 333/710/346
f 332/708/346 342/711/348 343/709/347
f 333/712/196 344/713/196 334/714/196
f 333/712/196 343/715/196 344/713/196
f 334/716/349 344/717/350 335/718/349
f 335/718/349 344/717/350 345/719/351
f 335/689/333 345/720/108 336/687/332
f 336/687/332 345/720/108 346/721/108
f 336/687/332 346/721/108 337/690/334
f 337/690/334 346/721/108 347/722/108
f 337/695/337 348/723/352 338/693/336
f 337/695/337 347/724/353 348/723/352
f 338/697/338 348/725/338 339/699/338
f 339/699/338 348/725/338 349/726/338
f 339/727/340 349/728/354 340/705/355
f 340/705/355 349/728/354 350/729/356
f 340/705/342 341/707/345 331/675/321
f 340/705/342 350/729/357 341/707/345
f 341/707/345 351/730/358 342/706/343
f 342/706/343 351/730/358 352/731/359
f 342/706/360 353/732/361 343/733/347
f 342/706/360 352/731/362 353/732/361
f 343/715/196 354/734/196 344/713/196
f 343/715/196 353/735/196 354/734/196
f 344/717/350 354/736/363 345/719/351
f 345/719/351 354/736/363 355/737/363
f 345/720/108 356/738/108 346/721/108
f 345/720/108 355/739/108 356/738/108
f 346/721/108 357/740/108 347/722/108
f 346/721/108 356/738/108 357/740/108
f 347/724/353 358/741/364 348/723/352
f 347/724/353 357/742/364 358/741/364
f 348/743/365 358/744/365 349/745/365
f 349/745/365 358/744/365 359/746/365
f 349/728/354 359/747/366 350/729/367
f 350/729/367 359/747/366 360/748/368
f 350/729/357 360/748/369 341/707/345
f 341/707/345 360/748/369 351/730/358
f 351/730/358 361/749/114 352/731/370
f 352/731/370 361/749/114 362/750/114
f 352/751/371 363/752/372 353/753/361
f 352/751/371 362/754/372 363/752/372
f 353/735/196 363/755/196 354/734/196
f 354/734/196 363/755/196 364/756/196
f 354/736/363 364/757/363 355/737/363
f 355/737/363 364/757/363 365/758/363
f 355/739/108 366/759/108 356/738/108
f 355/739/108 365/760/108 366/759/108
f 356/738/108 367/761/108 357/740/108
f 356/738/108 366/759/108 367/761/108
f 357/742/364 368/762/364 358/741/364
f 357/742/364 367/763/364 368/762/364
f 358/744/365 369/764/365 359/746/365
f 358/744/365 368/765/365 369/764/365
f 359/766/366 369/767/373 360/768/368
f 360/768/368 369/767/373 370/769/373
f 360/748/369 370/770/114 351/730/358
f 351/730/358 370/770/114 361/749/114
f 361/749/114 371/771/114 362/750/114
f 362/750/114 371/771/114 372/772/114
f 362/754/372 373/773/372 363/752/372
f 362/754/372 372/774/372 373/773/372
f 363/755/196 374/775/196 364/756/196
f 363/755/196 373/776/196 374/775/196
f 364/777/374 375/778/374 365/779/374
f 364/777/374 374/780/374 375/778/374
f 365/781/124 376/782/124 366/783/124
f 365/781/124 375/784/124 376/782/124
f 366/783/124 377/785/124 367/786/124
f 366/783/124 376/782/124 377/785/124
f 367/787/375 377/788/376 368/789/375
f 368/789/375 377/788/376 378/790/377
f 368/765/365 378/791/378 369/764/365
f 369/764/365 378/791/378 379/792/379
f 369/767/373 379/793/380 370/769/373
f 370/769/373 379/793/380 380/794/381
f 370/770/114 380/795/114 361/749/114
f 361/749/114 380/795/114 371/771/114
f 371/771/114 381/796/382 372/772/114
f 372/772/114 381/796/382 382/797/383
f 372/774/372 383/798/384 373/773/372
f 372/774/372 382/799/385 383/798/384
f 373/776/196 384/800/196 374/775/196
f 373/776/196 383/801/196 384/800/196
f 374/780/374 385/802/374 375/778/374
f 374/780/374 384/803/374 385/802/374
f 375/784/124 386/804/124 376/782/124
f 375/784/124 385/805/124 386/804/124
f 376/782/124 387/806/124 377/785/124
f 376/782/124 386/804/124 387/806/124
f 377/788/376 387/807/386 378/790/377
f 378/790/377 387/807/386 388/808/386
f 378/791/378 388/809/387 379/792/379
f 379/792/379 388/809/387 389/810/387
f 379/793/380 389/811/388 380/794/381
f 380/794/381 389/811/388 390/812/389
f 380/795/114 390/813/119 371/771/114
f 371/771/114 390/813/119 381/796/382
f 381/796/382 391/814/390 382/797/383
f 382/797/383 391/814/390 392/815/391
f 382/799/385 393/816/392 383/798/384
f 382/799/385 392/817/393 393/816/392
f 383/801/196 394/818/196 384/800/196
f 383/801/196 393/819/196 394/818/196
f 384/803/374 395/820/374 385/802/374
f 384/803/374 394/821/374 395/820/374
f 385/805/124 396/822/124 386/804/124
f 385/805/124 395/823/124 396/822/124
f 386/804/124 397/824/124 387/806/124
f 386/804/124 396/822/124 397/824/124
f 387/807/386 397/825/386 388/808/386
f 388/808/386 397/825/386 398/826/386
f 388/809/387 398/827/387 389/810/387
f 389/810/387 398/827/387 399/828/387
f 389/811/388 399/829/394 390/812/389
f 390/812/389 399/829/394 400/830/395
f 390/813/119 400/831/396 381/796/382
f 381/796/382 400/831/396 391/814/390
f 391/814/390 401/832/397 392/815/391
f 392/815/391 401/832/397 402/833/397
f 392/817/393 403/834/398 393/816/392
f 392/817/393 402/835/398 403/834/398
f 393/819/196 404/836/196 394/818/196
f 393/819/196 403/837/196 404/836/196
f 394/821/374 405/838/374 395/820/374
f 394/821/374 404/839/374 405/838/374
f 395/823/124 406/840/124 396/822/124
f 395/823/124 405/841/124 406/840/124
f 396/822/124 407/842/124 397/824/124
f 396/822/124 406/840/124 407/842/124
f 397/825/386 407/843/386 398/826/386
f 398/826/386 407/843/386 408/844/386
f 398/827/387 408/845/387 399/828/387
f 399/828/387 408/845/387 409/846/387
f 399/829/394 409/847/399 400/830/395
f 400/830/395 409/847/399 410/848/399
f 400/831/396 410/849/397 391/814/390
f 391/814/390 410/849/397 401/832/397
f 401/832/397 411/850/400 402/833/397
f 402/833/397 411/850/400 412/851/401
f 402/835/398 413/852/402 403/834/398
f 402/835/398 412/853/402 413/852/402
f 403/837/196 414/854/196 404/836/196
f 403/837/196 413/855/196 414/854/196
f 404/839/374 415/856/374 405/838/374
f 404/839/374 414/857/374 415/856/374
f 405/841/124 416/858/124 406/840/124
f 405/841/124 415/859/124 416/858/124
f 406/840/124 417/860/124 407/842/124
f 406/840/124 416/858/124 417/860/124
f 407/843/386 417/861/386 408/844/386
f 408/844/386 417/861/386 418/862/386
f 408/845/387 418/863/387 409/846/387
f 409/846/387 418/863/387 419/864/387
f 409/847/399 419/865/403 410/848/399
f 410/848/399 419/865/403 420/866/404
f 410/849/397 420/867/405 401/832/397
f 401/832/397 420/867/405 411/850/400
f 411/868/400 421/869/141 412/870/401
f 412/870/401 421/869/141 422/871/141
f 412/872/402 422/873/406 413/874/402
f 413/874/402 422/873/406 423/875/406
f 413/855/196 424/876/196 414/854/196
f 413/855/196 423/877/196 424/876/196
f 414/857/374 425/878/407 415/856/374
f 414/857/374 424/879/408 425/878/407
f 415/859/124 426/880/124 416/858/124
f 415/859/124 425/881/124 426/880/124
f 416/858/124 427/882/124 417/860/124
f 416/858/124 426/880/124 427/882/124
f 417/861/386 427/883/409 418/862/386
f 418/862/386 427/883/409 428/884/410
f 418/863/387 428/885/387 419/864/387
f 419/864/387 428/885/387 429/886/387
f 419/887/403 429/888/411 420/889/404
f 420/889/404 429/888/411 430/890/411
f 420/891/405 430/892/141 411/868/400
f 411/868/400 430/892/141 421/869/141
f 421/869/141 431/893/141 422/871/141
f 422/871/141 431/893/141 432/894/141
f 422/873/406 432/895/406 423/875/406
f 423/875/406 432/895/406 433/896/406
f 423/877/196 434/897/196 424/876/196
f 423/877/196 433/898/196 434/897/196
f 424/879/408 435/899/412 425/878/413
f 424/879/408 434/900/414 435/899/412
f 425/901/415 436/902/155 426/903/155
f 425/901/415 435/904/412 436/902/155
f 426/903/155 437/905/416 427/883/417
f 426/903/155 436/902/155 437/905/416
f 427/883/418 437/905/416 428/884/410
f 428/884/410 437/905/416 438/906/419
f 428/885/387 438/907/420 429/886/387
f 429/886/387 438/907/420 439/908/421
f 429/888/411 439/909/422 430/890/411
f 430/890/411 439/909/422 440/910/423
f 430/892/141 440/911/141 421/869/141
f 421/869/141 440/911/141 431/893/141
f 431/893/141 441/912/141 432/894/141
f 432/894/141 441/912/141 442/913/141
f 432/895/406 442/914/424 433/896/406
f 433/896/406 442/914/424 443/915/425
f 433/898/196 444/916/196 434/897/196
f 433/898/196 443/917/196 444/916/196
f 434/900/414 445/918/426 435/899/412
f 434/900/414 444/919/414 445/918/426
f 435/904/412 446/920/155 436/902/155
f 435/904/412 445/921/426 446/920/155
f 436/902/155 447/922/427 437/905/416
f 436/902/155 446/920/155 447/922/427
f 437/905/416 447/922/427 438/906/419
f 438/906/419 447/922/427 448/923/428
f 438/907/420 448/924/429 439/908/421
f 439/908/421 448/924/429 449/925/429
f 439/909/422 449/926/430 440/910/423
f 440/910/423 449/926/430 450/927/430
f 440/911/141 450/928/141 431/893/141
f 431/893/141 450/928/141 441/912/141
f 441/929/167 451/930/431 442/931/167
f 442/931/167 451/930/431 452/932/432
f 442/914/424 452/933/433 443/915/425
f 443/915/425 452/933/433 453/934/433
f 443/917/196 454/935/196 444/916/196
f 443/917/196 453/936/196 454/935/196
f 444/919/414 455/937/434 445/918/426
f 444/919/414 454/938/435 455/937/434
f 445/921/426 456/939/436 446/920/155
f 445/921/426 455/940/437 456/939/436
f 446/920/155 457/941/438 447/922/427
f 446/920/155 456/939/436 457/941/438
f 447/922/427 457/941/439 448/923/428
f 448/923/428 457/941/439 458/942/440
f 448/924/429 458/943/429 449/925/429
f 449/925/429 458/943/429 459/944/429
f 449/926/430 460/945/441 450/927/430
f 449/926/430 459/946/441 460/945/441
f 450/947/167 460/948/442 441/929/167
f 441/929/167 460/948/442 451/930/431
f 451/930/431 461/949/180 452/932/432
f 452/932/432 461/949/180 462/950/180
f 452/951/443 462/952/443 453/953/443
f 453/953/443 462/952/443 463/954/443
f 453/936/196 464/955/196 454/935/196
f 453/936/196 463/956/196 464/955/196
f 454/938/435 465/957/444 455/937/437
f 454/938/435 464/958/445 465/957/444
f 455/959/446 466/960/447 456/961/436
f 455/959/446 465/962/444 466/960/447
f 456/961/436 466/960/447 457/963/448
f 457/963/448 466/960/447 467/964/449
f 457/941/438 467/965/449 458/942/440
f 458/942/440 467/965/449 468/966/450
f 458/943/429 468/967/429 459/944/429
f 459/944/429 468/967/429 469/968/429
f 459/969/451 470/970/451 460/971/451
f 459/969/451 469/972/451 470/970/451
f 460/948/442 461/949/180 451/930/431
f 460/948/442 470/973/180 461/949/180
f 322/678/323 323/680/325 324/683/328
f 322/678/323 324/683/328 325/685/330
f 321/974/70 322/678/323 325/685/330
f 321/974/70 325/685/330 326/975/70
f 330/976/70 321/974/70 326/975/70
f 330/976/70 326/975/70 327/977/70
f 330/976/70 327/977/70 328/978/70
f 328/978/70 329/979/70 330/976/70
f 462/980/73 464/981/445 463/982/73
f 462/980/73 465/962/444 464/981/445
f 461/983/73 465/962/444 462/980/73
f 461/983/73 466/960/447 465/962/444
f 470/984/73 466/960/447 461/983/73
f 470/984/73 467/964/449 466/960/447
f 470/984/73 468/985/450 467/964/449
f 468/985/450 470/984/73 469/986/73
f 471/987/190 482/988/452 472/989/453
f 471/987/190 481/990/193 482/988/452
f 472/989/453 483/991/194 473/992/454
f 472/989/453 482/988/452 483/991/194
f 473/993/196 484/994/196 474/995/196
f 473/993/196 483/996/196 484/994/196
f 474/997/197 485/998/197 475/999/197
f 474/997/197 484/1000/197 485/998/197
f 475/1001/198 485/1002/198 476/1003/198
f 476/1003/198 485/1002/198 486/1004/198
f 476/1003/198 487/1005/198 477/1006/198
f 476/1003/198 486/1004/198 487/1005/198
f 477/1007/455 487/1008/455 478/1009/455
f 478/1009/455 487/1008/455 488/1010/455
f 478/1011/387 488/1012/387 479/1013/387
f 479/1013/387 488/1012/387 489/1014/387
f 479/1015/456 489/1016/457 480/1017/458
f 480/1017/458 489/1016/457 490/1018/459
f 480/1017/458 490/1018/459 471/987/190
f 471/987/190 490/1018/459 481/990/193
f 481/1019/205 491/1020/205 482/1021/205
f 482/1021/205 491/1020/205 492/1022/205
f 482/1023/206 492/1024/206 483/1025/206
f 483/1025/206 492/1024/206 493/1026/206
f 483/996/196 493/1027/196 484/994/196
f 484/994/196 493/1027/196 494/1028/196
f 484/1029/210 494/1030/460 485/1031/210
f 485/1031/210 494/1030/460 495/1032/461
f 485/1033/213 496/1034/462 486/1035/213
f 485/1033/213 495/1036/463 496/1034/462
f 486/1035/213 497/1037/464 487/1038/213
f 486/1035/213 496/1034/462 497/1037/464
f 487/1039/465 498/1040/466 488/1041/465
f 487/1039/465 497/1042/467 498/1040/466
f 488/1012/387 499/1043/468 489/1014/387
f 488/1012/387 498/1044/469 499/1043/468
f 489/1045/470 499/1046/471 490/1047/470
f 490/1047/470 499/1046/471 500/1048/472
f 490/1049/205 500/1050/205 481/1019/205
f 481/1019/205 500/1050/205 491/1020/205
f 491/1020/205 501/1051/205 492/1022/205
f 492/1022/205 501/1051/205 502/1052/205
f 492/1024/206 502/1053/206 493/1026/206
f 493/1026/206 502/1053/206 503/1054/206
f 493/1027/196 503/1055/196 494/1028/196
f 494/1028/196 503/1055/196 504/1056/196
f 494/1030/460 504/1057/473 495/1032/461
f 495/1032/461 504/1057/473 505/1058/474
f 495/1036/463 506/1059/228 496/1034/462
f 495/1036/463 505/1060/475 506/1059/228
f 496/1034/462 507/1061/227 497/1037/464
f 496/1034/462 506/1059/228 507/1061/227
f 497/1042/467 508/1062/476 498/1040/466
f 497/1042/467 507/1063/477 508/1062/476
f 498/1044/469 509/1064/478 499/1043/468
f 498/1044/469 508/1065/479 509/1064/478
f 499/1046/471 509/1066/480 500/1048/472
f 500/1048/472 509/1066/480 510/1067/481
f 500/1050/205 510/1068/205 491/1020/205
f 491/1020/205 510/1068/205 501/1051/205
f 501/1051/205 511/1069/482 502/1052/205
f 502/1052/205 511/1069/482 512/1070/483
f 502/1053/206 512/1071/484 503/1054/206
f 503/1054/206 512/1071/484 513/1072/485
f 503/1055/196 513/1073/196 504/1056/196
f 504/1056/196 513/1073/196 514/1074/196
f 504/1057/473 514/1075/486 505/1058/474
f 505/1058/474 514/1075/486 515/1076/487
f 505/1060/475 516/1077/239 506/1059/228
f 505/1060/475 515/1078/239 516/1077/239
f 506/1059/228 517/1079/239 507/1061/227
f 506/1059/228 516/1077/239 517/1079/239
f 507/1063/477 518/1080/488 508/1062/476
f 507/1063/477 517/1081/489 518/1080/488
f 508/1065/479 519/1082/490 509/1064/478
f 508/1065/479 518/1083/490 519/1082/490
f 509/1066/480 519/1084/491 510/1067/481
f 510/1067/481 519/1084/491 520/1085/492
f 510/1068/205 520/1086/493 501/1051/205
f 501/1051/205 520/1086/493 511/1069/482
f 511/1069/482 521/1087/245 512/1070/483
f 512/1070/483 521/1087/245 522/1088/245
f 512/1071/484 522/1089/494 513/1072/485
f 513/1072/485 522/1089/494 523/1090/494
f 513/1073/196 523/1091/196 514/1074/196
f 514/1074/196 523/1091/196 524/1092/196
f 514/1075/486 524/1093/495 515/1076/487
f 515/1076/487 524/1093/495 525/1094/496
f 515/1078/239 526/1095/239 516/1077/239
f 515/1078/239 525/1096/239 526/1095/239
f 516/1077/239 527/1097/239 517/1079/239
f 516/1077/239 526/1095/239 527/1097/239
f 517/1081/489 528/1098/497 518/1080/488
f 517/1081/489 527/1099/498 528/1098/497
f 518/1083/490 529/1100/499 519/1082/490
f 518/1083/490 528/1101/500 529/1100/499
f 519/1084/491 529/1102/501 520/1085/492
f 520/1085/492 529/1102/501 530/1103/502
f 520/1086/493 530/1104/245 511/1069/482
f 511/1069/482 530/1104/245 521/1087/245
f 521/1087/245 531/1105/245 522/1088/245
f 522/1088/245 531/1105/245 532/1106/245
f 522/1089/494 532/1107/494 523/1090/494
f 523/1090/494 532/1107/494 533/1108/494
f 523/1091/196 533/1109/196 524/1092/196
f 524/1092/196 533/1109/196 534/1110/196
f 524/1093/495 534/1111/503 525/1094/496
f 525/1094/496 534/1111/503 535/1112/504
f 525/1096/239 536/1113/505 526/1095/239
f 525/1096/239 535/1114/506 536/1113/505
f 526/1095/239 537/1115/507 527/1097/239
f 526/1095/239 536/1113/505 537/1115/507
f 527/1099/498 538/1116/508 528/1098/497
f 527/1099/498 537/1117/509 538/1116/508
f 528/1101/500 539/1118/387 529/1100/499
f 528/1101/500 538/1119/387 539/1118/387
f 529/1102/501 539/1120/510 530/1103/502
f 530/1103/502 539/1120/510 540/1121/510
f 530/1104/245 540/1122/245 521/1087/245
f 521/1087/245 540/1122/245 531/1105/245
f 531/1105/245 541/1123/245 532/1106/245
f 532/1106/245 541/1123/245 542/1124/245
f 532/1107/494 542/1125/511 533/1108/494
f 533/1108/494 542/1125/511 543/1126/512
f 533/1109/196 544/1127/196 534/1110/196
f 533/1109/196 543/1128/196 544/1127/196
f 534/1111/503 545/1129/513 535/1112/504
f 534/1111/503 544/1130/514 545/1129/513
f 535/1114/506 546/1131/515 536/1113/505
f 535/1114/506 545/1132/516 546/1131/515
f 536/1113/505 547/1133/517 537/1115/507
f 536/1113/505 546/1131/515 547/1133/517
f 537/1117/509 547/1134/518 538/1116/508
f 538/1116/508 547/1134/518 548/1135/519
f 538/1119/387 548/1136/520 539/1118/387
f 539/1118/387 548/1136/520 549/1137/521
f 539/1120/510 549/1138/522 540/1121/510
f 540/1121/510 549/1138/522 550/1139/523
f 540/1122/245 550/1140/245 531/1105/245
f 531/1105/245 550/1140/245 541/1123/245
f 541/1123/245 551/1141/245 542/1124/245
f 542/1124/245 551/1141/245 552/1142/245
f 542/1125/511 552/1143/484 543/1126/512
f 543/1126/512 552/1143/484 553/1144/524
f 543/1128/196 554/1145/196 544/1127/196
f 543/1128/196 553/1146/196 554/1145/196
f 544/1130/514 555/1147/525 545/1129/513
f 544/1130/514 554/1148/526 555/1147/525
f 545/1149/516 556/1150/527 546/1151/515
f 545/1149/516 555/1152/528 556/1150/527
f 546/1151/515 557/1153/529 547/1154/517
f 546/1151/515 556/1150/527 557/1153/529
f 547/1134/518 557/1155/530 548/1135/519
f 548/1135/519 557/1155/530 558/1156/531
f 548/1136/520 558/1157/532 549/1137/521
f 549/1137/521 558/1157/532 559/1158/533
f 549/1138/522 559/1159/534 550/1139/523
f 550/1139/523 559/1159/534 560/1160/535
f 550/1140/245 560/1161/245 541/1123/245
f 541/1123/245 560/1161/245 551/1141/245
f 551/1141/245 561/1162/245 552/1142/245
f 552/1142/245 561/1162/245 562/1163/245
f 552/1143/484 562/1164/536 553/1144/524
f 553/1144/524 562/1164/536 563/1165/537
f 553/1146/196 564/1166/196 554/1145/196
f 553/1146/196 563/1167/196 564/1166/196
f 554/1148/526 565/1168/538 555/1147/525
f 554/1148/526 564/1169/539 565/1168/538
f 555/1152/528 566/1170/276 556/1150/527
f 555/1152/528 565/1171/540 566/1170/276
f 556/1150/527 567/1172/541 557/1153/529
f 556/1150/527 566/1170/276 567/1172/541
f 557/1155/530 567/1173/542 558/1156/531
f 558/1156/531 567/1173/542 568/1174/543
f 558/1157/532 568/1175/544 559/1158/533
f 559/1158/533 568/1175/544 569/1176/545
f 559/1159/534 569/1177/546 560/1160/535
f 560/1160/535 569/1177/546 570/1178/547
f 560/1161/245 570/1179/245 551/1141/245
f 551/1141/245 570/1179/245 561/1162/245
f 561/1162/245 571/1180/245 562/1163/245
f 562/1163/245 571/1180/245 572/1181/245
f 562/1164/536 572/1182/548 563/1165/537
f 563/1165/537 572/1182/548 573/1183/548
f 563/1167/196 574/1184/196 564/1166/196
f 563/1167/196 573/1185/196 574/1184/196
f 564/1186/539 575/1187/549 565/1188/538
f 564/1186/539 574/1189/549 575/1187/549
f 565/1171/540 576/1190/293 566/1170/276
f 565/1171/540 575/1191/293 576/1190/293
f 566/1170/276 577/1192/293 567/1172/541
f 566/1170/276 576/1190/293 577/1192/293
f 567/1193/542 577/1194/550 568/1195/543
f 568/1195/543 577/1194/550 578/1196/550
f 568/1175/544 578/1197/551 569/1176/545
f 569/1176/545 578/1197/551 579/1198/551
f 569/1177/546 579/1199/552 570/1178/547
f 570/1178/547 579/1199/552 580/1200/552
f 570/1179/245 580/1201/245 561/1162/245
f 561/1162/245 580/1201/245 571/1180/245
f 571/1202/296 581/1203/553 572/1204/554
f 572/1204/554 581/1203/553 582/1205/555
f 572/1206/554 582/1207/556 573/1208/557
f 573/1208/557 582/1207/556 583/1209/557
f 573/1185/196 583/1210/196 574/1184/196
f 574/1184/196 583/1210/196 584/1211/196
f 574/1189/549 585/1212/549 575/1187/549
f 574/1189/549 584/1213/549 585/1212/549
f 575/1191/293 586/1214/293 576/1190/293
f 575/1191/293 585/1215/293 586/1214/293
f 576/1190/293 587/1216/293 577/1192/293
f 576/1190/293 586/1214/293 587/1216/293
f 577/1194/550 587/1217/550 578/1196/550
f 578/1196/550 587/1217/550 588/1218/550
f 578/1197/551 589/1219/551 579/1198/551
f 578/1197/551 588/1220/551 589/1219/551
f 579/1221/558 590/1222/559 580/1223/559
f 579/1221/558 589/1224/558 590/1222/559
f 580/1223/559 590/1222/560 571/1202/296
f 571/1202/296 590/1222/560 581/1203/553
f 581/1225/553 591/1226/561 582/1227/562
f 582/1227/562 591/1226/561 592/1228/563
f 582/1227/562 592/1228/563 583/1229/564
f 583/1229/564 592/1228/563 593/1230/565
f 583/1210/196 593/1231/196 584/1211/196
f 584/1211/196 593/1231/196 594/1232/196
f 584/1213/549 595/1233/549 585/1212/549
f 584/1213/549 594/1234/549 595/1233/549
f 585/1215/293 596/1235/293 586/1214/293
f 585/1215/293 595/1236/293 596/1235/293
f 586/1214/293 597/1237/293 587/1216/293
f 586/1214/293 596/1235/293 597/1237/293
f 587/1217/550 597/1238/550 588/1218/550
f 588/1218/550 597/1238/550 598/1239/550
f 588/1220/551 599/1240/551 589/1219/551
f 588/1220/551 598/1241/551 599/1240/551
f 589/1242/566 600/1243/567 590/1244/568
f 589/1242/566 599/1245/569 600/1243/567
f 590/1244/568 600/1243/567 581/1225/553
f 581/1225/553 600/1243/567 591/1226/561
f 472/989/453 473/992/454 474/1246/70
f 472/989/453 474/1246/70 475/1247/70
f 477/1248/70 478/1249/70 479/1015/456
f 477/1248/70 479/1015/456 480/1017/458
f 471/987/190 472/989/453 475/1247/70
f 471/987/190 475/1247/70 476/1250/70
f 480/1017/458 471/987/190 476/1250/70
f 476/1250/70 477/1248/70 480/1017/458
f 592/1228/563 594/1251/73 593/1230/565
f 592/1228/563 595/1252/73 594/1251/73
f 598/1253/73 600/1243/567 599/1245/569
f 597/1254/73 600/1243/567 598/1253/73
f 591/1226/561 595/1252/73 592/1228/563
f 591/1226/561 596/1255/73 595/1252/73
f 600/1243/567 596/1255/73 591/1226/561
f 596/1255/73 600/1243/567 597/1254/73
f 601/1256/570 612/1257/570 602/1258/570
f 601/1256/570 611/1259/570 612/1257/570
f 602/1260/571 613/1261/571 603/1262/571
f 602/1260/571 612/1263/571 613/1261/571
f 603/1264/196 613/1265/196 604/1266/196
f 604/1266/196 613/1265/196 614/1267/196
f 604/1268/572 614/1269/573 605/1270/572
f 605/1270/572 614/1269/573 615/1271/574
f 605/1272/575 616/1273/576 606/1274/575
f 605/1272/575 615/1275/577 616/1273/576
f 606/1274/575 617/1276/578 607/1277/575
f 606/1274/575 616/1273/576 617/1276/578
f 607/1278/579 618/1279/580 608/1280/579
f 607/1278/579 617/1281/581 618/1279/580
f 608/1282/200 619/1283/200 609/1284/200
f 608/1282/200 618/1285/200 619/1283/200
f 609/1286/582 620/1287/582 610/1288/582
f 609/1286/582 619/1289/582 620/1287/582
f 610/1290/570 611/1259/570 601/1256/570
f 610/1290/570 620/1291/570 611/1259/570
f 611/1259/570 622/1292/570 612/1257/570
f 611/1259/570 621/1293/570 622/1292/570
f 612/1263/571 623/1294/571 613/1261/571
f 612/1263/571 622/1295/571 623/1294/571
f 613/1265/196 623/1296/196 614/1267/196
f 614/1267/196 623/1296/196 624/1297/196
f 614/1269/573 624/1298/583 615/1271/574
f 615/1271/574 624/1298/583 625/1299/583
f 615/1275/577 626/1300/584 616/1273/576
f 615/1275/577 625/1301/584 626/1300/584
f 616/1273/576 627/1302/584 617/1276/578
f 616/1273/576 626/1300/584 627/1302/584
f 617/1281/581 628/1303/585 618/1279/580
f 617/1281/581 627/1304/585 628/1303/585
f 618/1285/200 629/1305/200 619/1283/200
f 618/1285/200 628/1306/200 629/1305/200
f 619/1289/582 630/1307/582 620/1287/582
f 619/1289/582 629/1308/582 630/1307/582
f 620/1291/570 621/1293/570 611/1259/570
f 620/1291/570 630/1309/570 621/1293/570
f 604/1310/70 605/1311/70 606/1312/70
f 603/1313/70 604/1310/70 606/1312/70
f 603/1313/70 606/1312/70 607/1314/70
f 601/1315/70 602/1316/70 603/1313/70
f 601/1315/70 603/1313/70 607/1314/70
f 610/1317/70 601/1315/70 607/1314/70
f 610/1317/70 607/1314/70 608/1318/70
f 608/1318/70 609/1319/70 610/1317/70
f 624/1320/73 626/1321/73 625/1322/73
f 623/1323/73 626/1321/73 624/1320/73
f 623/1323/73 627/1324/73 626/1321/73
f 621/1315/73 623/1323/73 622/1316/73
f 621/1315/73 627/1324/73 623/1323/73
f 630/1317/73 627/1324/73 621/1315/73
f 630/1317/73 628/1325/73 627/1324/73
f 628/1325/73 630/1317/73 629/1326/73
f 631/1327/570 642/1328/570 632/1329/570
f 631/1327/570 641/1330/570 642/1328/570
f 632/1331/571 643/1332/571 633/1333/571
f 632/1331/571 642/1334/571 643/1332/571
f 633/1335/196 643/1336/196 634/1337/196
f 634/1337/196 643/1336/196 644/1338/196
f 634/1339/586 644/1340/586 635/1341/586
f 635/1341/586 644/1340/586 645/1342/586
f 635/1343/587 646/1344/587 636/1345/587
f 635/1343/587 645/1346/587 646/1344/587
f 636/1345/587 647/1347/587 637/1348/587
f 636/1345/587 646/1344/587 647/1347/587
f 637/1349/588 648/1350/588 638/1351/588
f 637/1349/588 647/1352/588 648/1350/588
f 638/1353/200 649/1354/200 639/1355/200
f 638/1353/200 648/1356/200 649/1354/200
f 639/1357/582 650/1358/582 640/1359/582
f 639/1357/582 649/1360/582 650/1358/582
f 640/1361/570 641/1330/570 631/1327/570
f 640/1361/570 650/1362/570 641/1330/570
f 636/1363/70 637/1364/70 638/1365/70
f 636/1363/70 638/1365/70 639/1366/70
f 635/1367/70 636/1363/70 639/1366/70
f 639/1366/70 640/1368/70 631/1369/70
f 635/1367/70 639/1366/70 631/1369/70
f 635/1367/70 631/1369/70 632/1370/70
f 635/1367/70 632/1370/70 633/1371/70
f 633/1371/70 634/1372/70 635/1367/70
f 646/1373/73 648/1374/73 647/1375/73
f 646/1373/73 649/1376/73 648/1374/73
f 645/1377/73 649/1376/73 646/1373/73
f 649/1376/73 641/1378/73 650/1379/73
f 645/1377/73 641/1378/73 649/1376/73
f 645/1377/73 642/1380/73 641/1378/73
f 645/1377/73 643/1381/73 642/1380/73
f 643/1381/73 645/1377/73 644/1382/73
f 651/1383/570 661/1384/570 652/1385/570
f 652/1385/570 661/1384/570 662/1386/570
f 652/1387/589 662/1388/589 653/1389/589
f 653/1389/589 662/1388/589 663/1390/589
f 653/1391/590 663/1392/590 654/1393/590
f 654/1393/590 663/1392/590 664/1394/590
f 654/1395/591 664/1396/592 655/1397/591
f 655/1397/591 664/1396/592 665/1398/592
f 655/1399/587 666/1400/587 656/1401/587
f 655/1399/587 665/1402/587 666/1400/587
f 656/1401/587 667/1403/587 657/1404/587
f 656/1401/587 666/1400/587 667/1403/587
f 657/1405/593 668/1406/594 658/1407/593
f 657/1405/593 667/1408/594 668/1406/594
f 658/1409/595 669/1410/595 659/1411/595
f 658/1409/595 668/1412/595 669/1410/595
f 659/1413/596 669/1414/596 660/1415/596
f 660/1415/596 669/1414/596 670/1416/596
f 660/1417/570 670/1418/570 651/1383/570
f 651/1383/570 670/1418/570 661/1384/570
f 661/1384/570 671/1419/570 662/1386/570
f 662/1386/570 671/1419/570 672/1420/570
f 662/1388/589 672/1421/589 663/1390/589
f 663/1390/589 672/1421/589 673/1422/589
f 663/1392/590 674/1423/590 664/1394/590
f 663/1392/590 673/1424/590 674/1423/590
f 664/1396/592 675/1425/597 665/1398/592
f 664/1396/592 674/1426/598 675/1425/597
f 665/1427/599 676/1428/600 666/1429/599
f 665/1427/599 675/1430/601 676/1428/600
f 666/1429/599 677/1431/602 667/1432/599
f 666/1429/599 676/1428/600 677/1431/602
f 667/1408/594 677/1433/603 668/1406/594
f 668/1406/594 677/1433/603 678/1434/604
f 668/1412/595 678/1435/595 669/1410/595
f 669/1410/595 678/1435/595 679/1436/595
f 669/1414/596 679/1437/596 670/1416/596
f 670/1416/596 679/1437/596 680/1438/596
f 670/1418/570 680/1439/570 661/1384/570
f 661/1384/570 680/1439/570 671/1419/570
f 671/1419/570 681/1440/570 672/1420/570
f 672/1420/570 681/1440/570 682/1441/570
f 672/1421/589 682/1442/589 673/1422/589
f 673/1422/589 682/1442/589 683/1443/589
f 673/1424/590 684/1444/590 674/1423/590
f 673/1424/590 683/1445/590 684/1444/590
f 674/1426/598 685/1446/605 675/1425/597
f 674/1426/598 684/1447/606 685/1446/605
f 675/1430/601 686/1448/607 676/1428/600
f 675/1430/601 685/1449/608 686/1448/607
f 676/1428/600 687/1450/609 677/1431/602
f 676/1428/600 686/1448/607 687/1450/609
f 677/1433/603 687/1451/610 678/1434/604
f 678/1434/604 687/1451/610 688/1452/611
f 678/1435/595 688/1453/595 679/1436/595
f 679/1436/595 688/1453/595 689/1454/595
f 679/1437/596 689/1455/596 680/1438/596
f 680/1438/596 689/1455/596 690/1456/596
f 680/1439/570 690/1457/570 671/1419/570
f 671/1419/570 690/1457/570 681/1440/570
f 681/1440/570 691/1458/570 682/1441/570
f 682/1441/570 691/1458/570 692/1459/570
f 682/1442/589 692/1460/589 683/1443/589
f 683/1443/589 692/1460/589 693/1461/589
f 683/1445/590 694/1462/590 684/1444/590
f 683/1445/590 693/1463/590 694/1462/590
f 684/1447/606 695/1464/612 685/1446/605
f 684/1447/606 694/1465/612 695/1464/612
f 685/1449/608 696/1466/613 686/1448/607
f 685/1449/608 695/1467/613 696/1466/613
f 686/1448/607 697/1468/613 687/1450/609
f 686/1448/607 696/1466/613 697/1468/613
f 687/1451/610 697/1469/614 688/1452/611
f 688/1452/611 697/1469/614 698/1470/614
f 688/1453/595 698/1471/595 689/1454/595
f 689/1454/595 698/1471/595 699/1472/595
f 689/1455/596 699/1473/596 690/1456/596
f 690/1456/596 699/1473/596 700/1474/596
f 690/1457/570 700/1475/570 681/1440/570
f 681/1440/570 700/1475/570 691/1458/570
f 656/1476/70 657/1477/70 658/1478/70
f 654/1479/70 655/1480/70 656/1476/70
f 659/1481/70 660/1482/70 651/1483/70
f 651/1483/70 652/1484/70 653/1485/70
f 651/1483/70 653/1485/70 654/1479/70
f 659/1481/70 651/1483/70 654/1479/70
f 658/1478/70 659/1481/70 654/1479/70
f 654/1479/70 656/1476/70 658/1478/70
f 696/1486/73 698/1487/73 697/1488/73
f 696/1486/73 699/1489/73 698/1487/73
f 694/1490/73 696/1486/73 695/1491/73
f 694/1490/73 699/1489/73 696/1486/73
f 693/1492/73 699/1489/73 694/1490/73
f 692/1493/73 699/1489/73 693/1492/73
f 699/1489/73 691/1494/73 700/1495/73
f 691/1494/73 699/1489/73 692/1493/73
f 701/1496/570 711/1497/570 702/1328/570
f 702/1328/570 711/1497/570 712/1498/570
f 702/1499/615 713/1500/615 703/1501/615
f 702/1499/615 712/1502/615 713/1500/615
f 703/1503/616 713/1504/616 704/1505/616
f 704/1505/616 713/1504/616 714/1506/616
f 704/1507/617 714/1508/618 705/1509/617
f 705/1509/617 714/1508/618 715/1510/618
f 705/1346/587 716/1511/587 706/1512/587
f 705/1346/587 715/1513/587 716/1511/587
f 706/1512/587 717/1514/587 707/1515/587
f 706/1512/587 716/1511/587 717/1514/587
f 707/1516/619 718/1517/620 708/1518/619
f 707/1516/619 717/1519/620 718/1517/620
f 708/1520/621 719/1521/621 709/1522/621
f 708/1520/621 718/1523/621 719/1521/621
f 709/1524/622 719/1525/622 710/1526/622
f 710/1526/622 719/1525/622 720/1527/622
f 710/1528/570 720/1529/570 701/1496/570
f 701/1496/570 720/1529/570 711/1497/570
f 711/1497/570 721/1530/570 712/1498/570
f 712/1498/570 721/1530/570 722/1531/570
f 712/1502/615 723/1532/615 713/1500/615
f 712/1502/615 722/1533/615 723/1532/615
f 713/1504/616 724/1534/616 714/1506/616
f 713/1504/616 723/1535/616 724/1534/616
f 714/1508/618 725/1536/623 715/1510/618
f 714/1508/618 724/1537/624 725/1536/623
f 715/1538/599 726/1539/625 716/1540/599
f 715/1538/599 725/1541/626 726/1539/625
f 716/1540/599 727/1542/627 717/1543/599
f 716/1540/599 726/1539/625 727/1542/627
f 717/1519/620 727/1544/628 718/1517/620
f 718/1517/620 727/1544/628 728/1545/629
f 718/1523/621 728/1546/621 719/1521/621
f 719/1521/621 728/1546/621 729/1547/621
f 719/1525/622 729/1548/622 720/1527/622
f 720/1527/622 729/1548/622 730/1549/622
f 720/1529/570 730/1550/570 711/1497/570
f 711/1497/570 730/1550/570 721/1530/570
f 721/1530/570 731/1551/570 722/1531/570
f 722/1531/570 731/1551/570 732/1552/570
f 722/1533/615 733/1553/615 723/1532/615
f 722/1533/615 732/1554/615 733/1553/615
f 723/1535/616 734/1555/616 724/1534/616
f 723/1535/616 733/1556/616 734/1555/616
f 724/1537/624 735/1557/630 725/1536/623
f 724/1537/624 734/1558/631 735/1557/630
f 725/1541/626 736/1559/632 726/1539/625
f 725/1541/626 735/1560/633 736/1559/632
f 726/1539/625 737/1561/634 727/1542/627
f 726/1539/625 736/1559/632 737/1561/634
f 727/1544/628 737/1562/635 728/1545/629
f 728/1545/629 737/1562/635 738/1563/636
f 728/1546/621 738/1564/621 729/1547/621
f 729/1547/621 738/1564/621 739/1565/621
f 729/1548/622 739/1566/622 730/1549/622
f 730/1549/622 739/1566/622 740/1567/622
f 730/1550/570 740/1568/570 721/1530/570
f 721/1530/570 740/1568/570 731/1551/570
f 731/1551/570 741/1569/570 732/1552/570
f 732/1552/570 741/1569/570 742/1570/570
f 732/1554/615 743/1571/615 733/1553/615
f 732/1554/615 742/1572/615 743/1571/615
f 733/1556/616 744/1573/616 734/1555/616
f 733/1556/616 743/1574/616 744/1573/616
f 734/1558/631 745/1575/637 735/1557/630
f 734/1558/631 744/1576/637 745/1575/637
f 735/1560/633 746/1577/613 736/1559/632
f 735/1560/633 745/1578/613 746/1577/613
f 736/1559/632 747/1579/613 737/1561/634
f 736/1559/632 746/1577/613 747/1579/613
f 737/1562/635 747/1580/638 738/1563/636
f 738/1563/636 747/1580/638 748/1581/638
f 738/1564/621 748/1582/621 739/1565/621
f 739/1565/621 748/1582/621 749/1583/621
f 739/1566/622 749/1584/622 740/1567/622
f 740/1567/622 749/1584/622 750/1585/622
f 740/1568/570 750/1586/570 731/1551/570
f 731/1551/570 750/1586/570 741/1569/570
f 706/1587/70 707/1588/70 708/1589/70
f 706/1587/70 708/1589/70 709/1590/70
f 704/1591/70 705/1592/70 706/1587/70
f 704/1591/70 706/1587/70 709/1590/70
f 703/1371/70 704/1591/70 709/1590/70
f 709/1590/70 710/1593/70 701/1594/70
f 703/1371/70 709/1590/70 701/1594/70
f 701/1594/70 702/1370/70 703/1371/70
f 746/1595/73 748/1596/73 747/1597/73
f 749/1598/73 741/1599/73 750/1600/73
f 744/1601/73 746/1595/73 745/1602/73
f 744/1601/73 748/1596/73 746/1595/73
f 743/1603/73 748/1596/73 744/1601/73
f 743/1603/73 749/1598/73 748/1596/73
f 743/1603/73 741/1599/73 749/1598/73
f 741/1599/73 743/1603/73 742/1604/73
f 751/1605/570 762/1606/570 752/1607/570
f 751/1605/570 761/1608/570 762/1606/570
f 752/1609/639 763/1610/639 753/1611/639
f 752/1609/639 762/1612/639 763/1610/639
f 753/1613/640 764/1614/640 754/1615/640
f 753/1613/640 763/1616/640 764/1614/640
f 754/1617/641 765/1618/641 755/1619/641
f 754/1617/641 764/1620/641 765/1618/641
f 755/1621/613 765/1622/613 756/1623/613
f 756/1623/613 765/1622/613 766/1624/613
f 756/1623/613 767/1625/613 757/1626/613
f 756/1623/613 766/1624/613 767/1625/613
f 757/1627/642 767/1628/642 758/1629/642
f 758/1629/642 767/1628/642 768/1630/642
f 758/1631/643 768/1632/643 759/1633/643
f 759/1633/643 768/1632/643 769/1634/643
f 759/1635/644 769/1636/644 760/1637/644
f 760/1637/644 769/1636/644 770/1638/644
f 760/1639/570 770/1640/570 751/1605/570
f 751/1605/570 770/1640/570 761/1608/570
f 752/1370/70 753/1641/70 754/1642/70
f 751/1643/70 752/1370/70 754/1642/70
f 760/1644/70 751/1643/70 754/1642/70
f 757/1645/70 758/1646/70 759/1647/70
f 756/1648/70 757/1645/70 759/1647/70
f 755/1649/70 756/1648/70 759/1647/70
f 760/1644/70 754/1642/70 755/1649/70
f 755/1649/70 759/1647/70 760/1644/70
f 762/1650/73 764/1651/73 763/1652/73
f 761/1653/73 764/1651/73 762/1650/73
f 770/1654/73 764/1651/73 761/1653/73
f 767/1655/73 769/1656/73 768/1657/73
f 766/1658/73 769/1656/73 767/1655/73
f 765/1659/73 769/1656/73 766/1658/73
f 770/1654/73 765/1659/73 764/1651/73
f 765/1659/73 770/1654/73 769/1656/73
f 771/1660/645 782/1661/645 772/1662/645
f 771/1660/645 781/1663/645 782/1661/645
f 772/1664/646 783/1665/646 773/1666/646
f 772/1664/646 782/1667/646 783/1665/646
f 773/1668/196 784/1669/196 774/1670/196
f 773/1668/196 783/1671/196 784/1669/196
f 774/1672/647 784/1673/647 775/1674/647
f 775/1674/647 784/1673/647 785/1675/647
f 775/1676/648 786/1677/648 776/1678/648
f 775/1676/648 785/1679/648 786/1677/648
f 776/1678/648 787/1680/648 777/1681/648
f 776/1678/648 786/1677/648 787/1680/648
f 777/1682/649 788/1683/649 778/1684/649
f 777/1682/649 787/1685/649 788/1683/649
f 778/1686/200 788/1687/200 779/1688/200
f 779/1688/200 788/1687/200 789/1689/200
f 779/1690/650 789/1691/650 780/1692/650
f 780/1692/650 789/1691/650 790/1693/650
f 780/1694/645 781/1663/645 771/1660/645
f 780/1694/645 790/1695/645 781/1663/645
f 781/1663/645 792/1696/645 782/1661/645
f 781/1663/645 791/1697/645 792/1696/645
f 782/1667/646 793/1698/646 783/1665/646
f 782/1667/646 792/1699/646 793/1698/646
f 783/1671/196 794/1700/196 784/1669/196
f 783/1671/196 793/1701/196 794/1700/196
f 784/1702/651 795/1703/651 785/1704/651
f 784/1702/651 794/1705/651 795/1703/651
f 785/1706/652 796/1707/652 786/1708/652
f 785/1706/652 795/1709/652 796/1707/652
f 786/1708/652 797/1710/652 787/1711/652
f 786/1708/652 796/1707/652 797/1710/652
f 787/1712/653 797/1713/653 788/1714/653
f 788/1714/653 797/1713/653 798/1715/653
f 788/1687/200 798/1716/200 789/1689/200
f 789/1689/200 798/1716/200 799/1717/200
f 789/1691/650 799/1718/650 790/1693/650
f 790/1693/650 799/1718/650 800/1719/650
f 790/1695/645 791/1697/645 781/1663/645
f 790/1695/645 800/1720/645 791/1697/645
f 791/1721/654 802/1722/655 792/1723/656
f 791/1721/654 801/1724/654 802/1722/655
f 792/1723/656 803/1725/657 793/1726/657
f 792/1723/656 802/1722/655 803/1725/657
f 793/1701/196 804/1727/196 794/1700/196
f 793/1701/196 803/1728/196 804/1727/196
f 794/1705/651 805/1729/651 795/1703/651
f 794/1705/651 804/1730/651 805/1729/651
f 795/1709/652 806/1731/652 796/1707/652
f 795/1709/652 805/1732/652 806/1731/652
f 796/1707/652 807/1733/652 797/1710/652
f 796/1707/652 806/1731/652 807/1733/652
f 797/1713/653 807/1734/653 798/1715/653
f 798/1715/653 807/1734/653 808/1735/653
f 798/1716/200 808/1736/200 799/1717/200
f 799/1717/200 808/1736/200 809/1737/200
f 799/1738/658 809/1739/658 800/1740/659
f 800/1740/659 809/1739/658 810/1741/659
f 800/1740/659 801/1724/654 791/1721/654
f 800/1740/659 810/1741/659 801/1724/654
f 801/1742/660 812/1743/660 802/1744/660
f 801/1742/660 811/1745/660 812/1743/660
f 802/1746/661 813/1747/661 803/1748/661
f 802/1746/661 812/1749/661 813/1747/661
f 803/1728/196 814/1750/196 804/1727/196
f 803/1728/196 813/1751/196 814/1750/196
f 804/1730/651 815/1752/651 805/1729/651
f 804/1730/651 814/1753/651 815/1752/651
f 805/1732/652 816/1754/652 806/1731/652
f 805/1732/652 815/1755/652 816/1754/652
f 806/1731/652 817/1756/652 807/1733/652
f 806/1731/652 816/1754/652 817/1756/652
f 807/1734/653 817/1757/653 808/1735/653
f 808/1735/653 817/1757/653 818/1758/653
f 808/1736/200 818/1759/200 809/1737/200
f 809/1737/200 818/1759/200 819/1760/200
f 809/1761/662 819/1762/662 810/1763/662
f 810/1763/662 819/1762/662 820/1764/662
f 810/1765/660 811/1745/660 801/1742/660
f 810/1765/660 820/1766/660 811/1745/660
f 773/1767/70 774/1768/70 775/1769/70
f 772/1770/70 773/1767/70 775/1769/70
f 772/1770/70 775/1769/70 776/1771/70
f 771/1772/70 772/1770/70 776/1771/70
f 780/1773/70 771/1772/70 776/1771/70
f 780/1773/70 776/1771/70 777/1774/70
f 779/1775/70 780/1773/70 777/1774/70
f 777/1774/70 778/1776/70 779/1775/70
f 811/1777/73 813/1778/73 812/1779/73
f 811/1777/73 814/1780/73 813/1778/73
f 820/1781/73 814/1780/73 811/1777/73
f 818/1782/73 820/1781/73 819/1783/73
f 818/1782/73 814/1780/73 820/1781/73
f 814/1780/73 816/1784/73 815/1785/73
f 818/1782/73 816/1784/73 814/1780/73
f 816/1784/73 818/1782/73 817/1786/73
f 821/1787/663 832/1788/664 822/1789/665
f 821/1787/663 831/1790/666 832/1788/664
f 822/1789/667 833/1791/668 823/1792/668
f 822/1789/667 832/1788/664 833/1791/668
f 823/1793/669 834/1794/669 824/1795/669
f 823/1793/669 833/1796/669 834/1794/669
f 824/1797/670 834/1798/671 825/1799/670
f 825/1799/670 834/1798/671 835/1800/672
f 825/1801/673 835/1802/674 826/1803/673
f 826/1803/673 835/1802/674 836/1804/675
f 826/1803/673 837/1805/674 827/1806/673
f 826/1803/673 836/1804/675 837/1805/674
f 827/1807/676 838/1808/677 828/1809/676
f 827/1807/676 837/1810/678 838/1808/677
f 828/1811/679 838/1812/679 829/1813/679
f 829/1813/679 838/1812/679 839/1814/679
f 829/1815/680 839/1816/680 830/1817/681
f 830/1817/681 839/1816/680 840/1818/682
f 830/1817/683 840/1818/682 821/1787/663
f 821/1787/663 840/1818/682 831/1790/666
f 831/1819/684 841/1820/684 832/1821/684
f 832/1821/684 841/1820/684 842/1822/684
f 832/1823/685 843/1824/685 833/1825/685
f 832/1823/685 842/1826/685 843/1824/685
f 833/1796/669 843/1827/669 834/1794/669
f 834/1794/669 843/1827/669 844/1828/669
f 834/1798/671 844/1829/686 835/1800/672
f 835/1800/672 844/1829/686 845/1830/686
f 835/1802/674 846/1831/687 836/1804/675
f 835/1802/674 845/1832/687 846/1831/687
f 836/1804/675 846/1831/687 837/1805/674
f 837/1805/674 846/1831/687 847/1833/687
f 837/1810/678 848/1834/688 838/1808/677
f 837/1810/678 847/1835/688 848/1834/688
f 838/1812/679 849/1836/679 839/1814/679
f 838/1812/679 848/1837/679 849/1836/679
f 839/1838/689 849/1839/689 840/1840/689
f 840/1840/689 849/1839/689 850/1841/689
f 840/1842/684 841/1820/684 831/1819/684
f 840/1842/684 850/1843/684 841/1820/684
f 841/1820/684 851/1844/684 842/1822/684
f 842/1822/684 851/1844/684 852/1845/684
f 842/1826/685 853/1846/690 843/1824/685
f 842/1826/685 852/1847/691 853/1846/690
f 843/1827/669 854/1848/669 844/1828/669
f 843/1827/669 853/1849/669 854/1848/669
f 844/1850/692 855/1851/692 845/1852/692
f 844/1850/692 854/1853/692 855/1851/692
f 845/1854/693 856/1855/693 846/1856/693
f 845/1854/693 855/1857/693 856/1855/693
f 846/1856/693 856/1855/693 847/1858/693
f 847/1858/693 856/1855/693 857/1859/693
f 847/1860/694 857/1861/694 848/1862/694
f 848/1862/694 857/1861/694 858/1863/694
f 848/1837/679 858/1864/679 849/1836/679
f 849/1836/679 858/1864/679 859/1865/679
f 849/1839/689 859/1866/695 850/1841/689
f 850/1841/689 859/1866/695 860/1867/696
f 850/1843/684 851/1844/684 841/1820/684
f 850/1843/684 860/1868/684 851/1844/684
f 851/1869/697 861/1870/697 852/1871/697
f 852/1871/697 861/1870/697 862/1872/697
f 852/1847/691 863/1873/698 853/1846/690
f 852/1847/691 862/1874/698 863/1873/698
f 853/1849/669 864/1875/669 854/1848/669
f 853/1849/669 863/1876/669 864/1875/669
f 854/1853/692 865/1877/692 855/1851/692
f 854/1853/692 864/1878/692 865/1877/692
f 855/1857/693 866/1879/693 856/1855/693
f 855/1857/693 865/1880/693 866/1879/693
f 856/1855/693 866/1879/693 857/1859/693
f 857/1859/693 866/1879/693 867/1881/693
f 857/1861/694 867/1882/694 858/1863/694
f 858/1863/694 867/1882/694 868/1883/694
f 858/1864/679 868/1884/679 859/1865/679
f 859/1865/679 868/1884/679 869/1885/679
f 859/1866/695 869/1886/699 860/1867/696
f 860/1867/696 869/1886/699 870/1887/699
f 860/1888/697 861/1870/697 851/1869/697
f 860/1888/697 870/1889/697 861/1870/697
f 861/1890/700 871/1891/700 862/1892/700
f 862/1892/700 871/1891/700 872/1893/700
f 862/1894/701 872/1895/701 863/1896/701
f 863/1896/701 872/1895/701 873/1897/701
f 863/1876/669 873/1898/669 864/1875/669
f 864/1875/669 873/1898/669 874/1899/669
f 864/1878/692 875/1900/692 865/1877/692
f 864/1878/692 874/1901/692 875/1900/692
f 865/1880/693 876/1902/693 866/1879/693
f 865/1880/693 875/1903/693 876/1902/693
f 866/1879/693 876/1902/693 867/1881/693
f 867/1881/693 876/1902/693 877/1904/693
f 867/1882/694 877/1905/694 868/1883/694
f 868/1883/694 877/1905/694 878/1906/694
f 868/1884/679 879/1907/679 869/1885/679
f 868/1884/679 878/1908/679 879/1907/679
f 869/1909/702 880/1910/702 870/1911/702
f 869/1909/702 879/1912/702 880/1910/702
f 870/1913/700 871/1891/700 861/1890/700
f 870/1913/700 880/1914/700 871/1891/700
f 822/1789/703 823/1792/70 824/1915/70
f 822/1789/703 824/1915/70 825/1916/70
f 827/1917/70 828/1918/70 829/1815/70
f 827/1917/70 829/1815/70 830/1817/704
f 821/1787/663 822/1789/703 825/1916/70
f 821/1787/663 825/1916/70 826/1919/70
f 830/1817/704 821/1787/663 826/1919/70
f 826/1919/70 827/1917/70 830/1817/704
f 873/1920/73 875/1921/73 874/1922/73
f 873/1920/73 876/1923/73 875/1921/73
f 873/1920/73 877/1924/73 876/1923/73
f 877/1924/73 879/1925/73 878/1926/73
f 873/1920/73 879/1925/73 877/1924/73
f 879/1925/73 871/1927/73 880/1928/73
f 873/1920/73 871/1927/73 879/1925/73
f 871/1927/73 873/1920/73 872/1929/73
